STRUCTURE,STRUCTURE_ID,STRUCTURE_NAME,freq,Time frequency,unit,Unit of measure,sector,Sector,na_item,National accounts indicator (ESA 2010),geo,Geopolitical entity (reporting),TIME_PERIOD,Time,OBS_VALUE,Observation value,OBS_FLAG,Observation status (Flag) V2 structure,CONF_STATUS,Confidentiality status (flag)
dataflow,ESTAT:GOV_10A_MAIN(1.0),"Government revenue, expenditure and main aggregates",A,Annual,MIO_EUR,Million euro,S13,General government,P51C,Consumption of fixed capital,AT,Austria,1995,,5756.0,,,,,
dataflow,ESTAT:GOV_10A_MAIN(1.0),"Government revenue, expenditure and main aggregates",A,Annual,MIO_EUR,Million euro,S13,General government,P51C,Consumption of fixed capital,AT,Austria,1996,,5831.9,,,,,
dataflow,ESTAT:GOV_10A_MAIN(1.0),"Government revenue, expenditure and main aggregates",A,Annual,MIO_EUR,Million euro,S13,General government,P51C,Consumption of fixed capital,AT,Austria,1997,,4914.8,,,,,
dataflow,ESTAT:GOV_10A_MAIN(1.0),"Government revenue, expenditure and main aggregates",A,Annual,MIO_EUR,Million euro,S13,General government,P51C,Consumption of fixed capital,AT,Austria,1998,,5046.7,,,,,
dataflow,ESTAT:GOV_10A_MAIN(1.0),"Government revenue, expenditure and main aggregates",A,Annual,MIO_EUR,Million euro,S13,General government,P51C,Consumption of fixed capital,AT,Austria,1999,,5229.7,,,,,
dataflow,ESTAT:GOV_10A_MAIN(1.0),"Government revenue, expenditure and main aggregates",A,Annual,MIO_EUR,Million euro,S13,General government,P51C,Consumption of fixed capital,AT,Austria,2000,,5408.6,,,,,
dataflow,ESTAT:GOV_10A_MAIN(1.0),"Government revenue, expenditure and main aggregates",A,Annual,MIO_EUR,Million euro,S13,General government,P51C,Consumption of fixed capital,AT,Austria,2001,,5517.6,,,,,
dataflow,ESTAT:GOV_10A_MAIN(1.0),"Government revenue, expenditure and main aggregates",A,Annual,MIO_EUR,Million euro,S13,General government,P51C,Consumption of fixed capital,AT,Austria,2002,,5621.4,,,,,
dataflow,ESTAT:GOV_10A_MAIN(1.0),"Government revenue, expenditure and main aggregates",A,Annual,MIO_EUR,Million euro,S13,General government,P51C,Consumption of fixed capital,AT,Austria,2003,,5842.3,,,,,
dataflow,ESTAT:GOV_10A_MAIN(1.0),"Government revenue, expenditure and main aggregates",A,Annual,MIO_EUR,Million euro,S13,General government,P51C,Consumption of fixed capital,AT,Austria,2004,,6027.0,,,,,
dataflow,ESTAT:GOV_10A_MAIN(1.0),"Government revenue, expenditure and main aggregates",A,Annual,MIO_EUR,Million euro,S13,General government,P51C,Consumption of fixed capital,AT,Austria,2005,,7049.4,,,,,
dataflow,ESTAT:GOV_10A_MAIN(1.0),"Government revenue, expenditure and main aggregates",A,Annual,MIO_EUR,Million euro,S13,General government,P51C,Consumption of fixed capital,AT,Austria,2006,,7301.8,,,,,
dataflow,ESTAT:GOV_10A_MAIN(1.0),"Government revenue, expenditure and main aggregates",A,Annual,MIO_EUR,Million euro,S13,General government,P51C,Consumption of fixed capital,AT,Austria,2007,,7598.4,,,,,
dataflow,ESTAT:GOV_10A_MAIN(1.0),"Government revenue, expenditure and main aggregates",A,Annual,MIO_EUR,Million euro,S13,General government,P51C,Consumption of fixed capital,AT,Austria,2008,,8010.3,,,,,
dataflow,ESTAT:GOV_10A_MAIN(1.0),"Government revenue, expenditure and main aggregates",A,Annual,MIO_EUR,Million euro,S13,General government,P51C,Consumption of fixed capital,AT,Austria,2009,,8323.4,,,,,
dataflow,ESTAT:GOV_10A_MAIN(1.0),"Government revenue, expenditure and main aggregates",A,Annual,MIO_EUR,Million euro,S13,General government,P51C,Consumption of fixed capital,AT,Austria,2010,,8664.3,,,,,
dataflow,ESTAT:GOV_10A_MAIN(1.0),"Government revenue, expenditure and main aggregates",A,Annual,MIO_EUR,Million euro,S13,General government,P51C,Consumption of fixed capital,AT,Austria,2011,,8956.1,,,,,
dataflow,ESTAT:GOV_10A_MAIN(1.0),"Government revenue, expenditure and main aggregates",A,Annual,MIO_EUR,Million euro,S13,General government,P51C,Consumption of fixed capital,AT,Austria,2012,,9278.8,,,,,
dataflow,ESTAT:GOV_10A_MAIN(1.0),"Government revenue, expenditure and main aggregates",A,Annual,MIO_EUR,Million euro,S13,General government,P51C,Consumption of fixed capital,AT,Austria,2013,,9428.9,,,,,
dataflow,ESTAT:GOV_10A_MAIN(1.0),"Government revenue, expenditure and main aggregates",A,Annual,MIO_EUR,Million euro,S13,General government,P51C,Consumption of fixed capital,AT,Austria,2014,,9592.7,,,,,
dataflow,ESTAT:GOV_10A_MAIN(1.0),"Government revenue, expenditure and main aggregates",A,Annual,MIO_EUR,Million euro,S13,General government,P51C,Consumption of fixed capital,AT,Austria,2015,,9754.0,,,,,
dataflow,ESTAT:GOV_10A_MAIN(1.0),"Government revenue, expenditure and main aggregates",A,Annual,MIO_EUR,Million euro,S13,General government,P51C,Consumption of fixed capital,AT,Austria,2016,,10004.2,,,,,
dataflow,ESTAT:GOV_10A_MAIN(1.0),"Government revenue, expenditure and main aggregates",A,Annual,MIO_EUR,Million euro,S13,General government,P51C,Consumption of fixed capital,AT,Austria,2017,,10236.3,,,,,
dataflow,ESTAT:GOV_10A_MAIN(1.0),"Government revenue, expenditure and main aggregates",A,Annual,MIO_EUR,Million euro,S13,General government,P51C,Consumption of fixed capital,AT,Austria,2018,,10577.5,,,,,
dataflow,ESTAT:GOV_10A_MAIN(1.0),"Government revenue, expenditure and main aggregates",A,Annual,MIO_EUR,Million euro,S13,General government,P51C,Consumption of fixed capital,AT,Austria,2019,,11036.9,,,,,
dataflow,ESTAT:GOV_10A_MAIN(1.0),"Government revenue, expenditure and main aggregates",A,Annual,MIO_EUR,Million euro,S13,General government,P51C,Consumption of fixed capital,AT,Austria,2020,,11373.9,,,,,
dataflow,ESTAT:GOV_10A_MAIN(1.0),"Government revenue, expenditure and main aggregates",A,Annual,MIO_EUR,Million euro,S13,General government,P51C,Consumption of fixed capital,AT,Austria,2021,,11928.9,,,,,
dataflow,ESTAT:GOV_10A_MAIN(1.0),"Government revenue, expenditure and main aggregates",A,Annual,MIO_EUR,Million euro,S13,General government,P51C,Consumption of fixed capital,AT,Austria,2022,,12918.9,,,,,
dataflow,ESTAT:GOV_10A_MAIN(1.0),"Government revenue, expenditure and main aggregates",A,Annual,MIO_EUR,Million euro,S13,General government,P51C,Consumption of fixed capital,AT,Austria,2023,,13943.1,,,,,
dataflow,ESTAT:GOV_10A_MAIN(1.0),"Government revenue, expenditure and main aggregates",A,Annual,MIO_EUR,Million euro,S13,General government,P51C,Consumption of fixed capital,AT,Austria,2024,,14691.1,,,,,
dataflow,ESTAT:GOV_10A_MAIN(1.0),"Government revenue, expenditure and main aggregates",A,Annual,MIO_EUR,Million euro,S13,General government,P51C,Consumption of fixed capital,BE,Belgium,1995,,4778.9,,,,,
dataflow,ESTAT:GOV_10A_MAIN(1.0),"Government revenue, expenditure and main aggregates",A,Annual,MIO_EUR,Million euro,S13,General government,P51C,Consumption of fixed capital,BE,Belgium,1996,,4768.3,,,,,
dataflow,ESTAT:GOV_10A_MAIN(1.0),"Government revenue, expenditure and main aggregates",A,Annual,MIO_EUR,Million euro,S13,General government,P51C,Consumption of fixed capital,BE,Belgium,1997,,4684.8,,,,,
dataflow,ESTAT:GOV_10A_MAIN(1.0),"Government revenue, expenditure and main aggregates",A,Annual,MIO_EUR,Million euro,S13,General government,P51C,Consumption of fixed capital,BE,Belgium,1998,,4799.5,,,,,
dataflow,ESTAT:GOV_10A_MAIN(1.0),"Government revenue, expenditure and main aggregates",A,Annual,MIO_EUR,Million euro,S13,General government,P51C,Consumption of fixed capital,BE,Belgium,1999,,4973.4,,,,,
dataflow,ESTAT:GOV_10A_MAIN(1.0),"Government revenue, expenditure and main aggregates",A,Annual,MIO_EUR,Million euro,S13,General government,P51C,Consumption of fixed capital,BE,Belgium,2000,,5215.5,,,,,
dataflow,ESTAT:GOV_10A_MAIN(1.0),"Government revenue, expenditure and main aggregates",A,Annual,MIO_EUR,Million euro,S13,General government,P51C,Consumption of fixed capital,BE,Belgium,2001,,5362.9,,,,,
dataflow,ESTAT:GOV_10A_MAIN(1.0),"Government revenue, expenditure and main aggregates",A,Annual,MIO_EUR,Million euro,S13,General government,P51C,Consumption of fixed capital,BE,Belgium,2002,,5520.2,,,,,
dataflow,ESTAT:GOV_10A_MAIN(1.0),"Government revenue, expenditure and main aggregates",A,Annual,MIO_EUR,Million euro,S13,General government,P51C,Consumption of fixed capital,BE,Belgium,2003,,5747.7,,,,,
dataflow,ESTAT:GOV_10A_MAIN(1.0),"Government revenue, expenditure and main aggregates",A,Annual,MIO_EUR,Million euro,S13,General government,P51C,Consumption of fixed capital,BE,Belgium,2004,,5872.6,,,,,
dataflow,ESTAT:GOV_10A_MAIN(1.0),"Government revenue, expenditure and main aggregates",A,Annual,MIO_EUR,Million euro,S13,General government,P51C,Consumption of fixed capital,BE,Belgium,2005,,6377.4,,,,,
dataflow,ESTAT:GOV_10A_MAIN(1.0),"Government revenue, expenditure and main aggregates",A,Annual,MIO_EUR,Million euro,S13,General government,P51C,Consumption of fixed capital,BE,Belgium,2006,,6875.9,,,,,
dataflow,ESTAT:GOV_10A_MAIN(1.0),"Government revenue, expenditure and main aggregates",A,Annual,MIO_EUR,Million euro,S13,General government,P51C,Consumption of fixed capital,BE,Belgium,2007,,7228.1,,,,,
dataflow,ESTAT:GOV_10A_MAIN(1.0),"Government revenue, expenditure and main aggregates",A,Annual,MIO_EUR,Million euro,S13,General government,P51C,Consumption of fixed capital,BE,Belgium,2008,,7582.4,,,,,
dataflow,ESTAT:GOV_10A_MAIN(1.0),"Government revenue, expenditure and main aggregates",A,Annual,MIO_EUR,Million euro,S13,General government,P51C,Consumption of fixed capital,BE,Belgium,2009,,7500.5,,b,break in time series,,
dataflow,ESTAT:GOV_10A_MAIN(1.0),"Government revenue, expenditure and main aggregates",A,Annual,MIO_EUR,Million euro,S13,General government,P51C,Consumption of fixed capital,BE,Belgium,2010,,7855.4,,,,,
dataflow,ESTAT:GOV_10A_MAIN(1.0),"Government revenue, expenditure and main aggregates",A,Annual,MIO_EUR,Million euro,S13,General government,P51C,Consumption of fixed capital,BE,Belgium,2011,,8266.5,,,,,
dataflow,ESTAT:GOV_10A_MAIN(1.0),"Government revenue, expenditure and main aggregates",A,Annual,MIO_EUR,Million euro,S13,General government,P51C,Consumption of fixed capital,BE,Belgium,2012,,8583.5,,,,,
dataflow,ESTAT:GOV_10A_MAIN(1.0),"Government revenue, expenditure and main aggregates",A,Annual,MIO_EUR,Million euro,S13,General government,P51C,Consumption of fixed capital,BE,Belgium,2013,,8750.1,,,,,
dataflow,ESTAT:GOV_10A_MAIN(1.0),"Government revenue, expenditure and main aggregates",A,Annual,MIO_EUR,Million euro,S13,General government,P51C,Consumption of fixed capital,BE,Belgium,2014,,9494.7,,,,,
dataflow,ESTAT:GOV_10A_MAIN(1.0),"Government revenue, expenditure and main aggregates",A,Annual,MIO_EUR,Million euro,S13,General government,P51C,Consumption of fixed capital,BE,Belgium,2015,,9653.8,,,,,
dataflow,ESTAT:GOV_10A_MAIN(1.0),"Government revenue, expenditure and main aggregates",A,Annual,MIO_EUR,Million euro,S13,General government,P51C,Consumption of fixed capital,BE,Belgium,2016,,9809.4,,,,,
dataflow,ESTAT:GOV_10A_MAIN(1.0),"Government revenue, expenditure and main aggregates",A,Annual,MIO_EUR,Million euro,S13,General government,P51C,Consumption of fixed capital,BE,Belgium,2017,,10143.0,,,,,
dataflow,ESTAT:GOV_10A_MAIN(1.0),"Government revenue, expenditure and main aggregates",A,Annual,MIO_EUR,Million euro,S13,General government,P51C,Consumption of fixed capital,BE,Belgium,2018,,10493.8,,,,,
dataflow,ESTAT:GOV_10A_MAIN(1.0),"Government revenue, expenditure and main aggregates",A,Annual,MIO_EUR,Million euro,S13,General government,P51C,Consumption of fixed capital,BE,Belgium,2019,,10824.1,,,,,
dataflow,ESTAT:GOV_10A_MAIN(1.0),"Government revenue, expenditure and main aggregates",A,Annual,MIO_EUR,Million euro,S13,General government,P51C,Consumption of fixed capital,BE,Belgium,2020,,10950.4,,,,,
dataflow,ESTAT:GOV_10A_MAIN(1.0),"Government revenue, expenditure and main aggregates",A,Annual,MIO_EUR,Million euro,S13,General government,P51C,Consumption of fixed capital,BE,Belgium,2021,,11679.0,,,,,
dataflow,ESTAT:GOV_10A_MAIN(1.0),"Government revenue, expenditure and main aggregates",A,Annual,MIO_EUR,Million euro,S13,General government,P51C,Consumption of fixed capital,BE,Belgium,2022,,13209.9,,,,,
dataflow,ESTAT:GOV_10A_MAIN(1.0),"Government revenue, expenditure and main aggregates",A,Annual,MIO_EUR,Million euro,S13,General government,P51C,Consumption of fixed capital,BE,Belgium,2023,,14325.2,,,,,
dataflow,ESTAT:GOV_10A_MAIN(1.0),"Government revenue, expenditure and main aggregates",A,Annual,MIO_EUR,Million euro,S13,General government,P51C,Consumption of fixed capital,BE,Belgium,2024,,14603.0,,p,provisional,,
dataflow,ESTAT:GOV_10A_MAIN(1.0),"Government revenue, expenditure and main aggregates",A,Annual,MIO_EUR,Million euro,S13,General government,P51C,Consumption of fixed capital,BG,Bulgaria,1995,,490.5,,,,,
dataflow,ESTAT:GOV_10A_MAIN(1.0),"Government revenue, expenditure and main aggregates",A,Annual,MIO_EUR,Million euro,S13,General government,P51C,Consumption of fixed capital,BG,Bulgaria,1996,,285.8,,,,,
dataflow,ESTAT:GOV_10A_MAIN(1.0),"Government revenue, expenditure and main aggregates",A,Annual,MIO_EUR,Million euro,S13,General government,P51C,Consumption of fixed capital,BG,Bulgaria,1997,,69.7,,,,,
dataflow,ESTAT:GOV_10A_MAIN(1.0),"Government revenue, expenditure and main aggregates",A,Annual,MIO_EUR,Million euro,S13,General government,P51C,Consumption of fixed capital,BG,Bulgaria,1998,,629.3,,,,,
dataflow,ESTAT:GOV_10A_MAIN(1.0),"Government revenue, expenditure and main aggregates",A,Annual,MIO_EUR,Million euro,S13,General government,P51C,Consumption of fixed capital,BG,Bulgaria,1999,,676.2,,,,,
dataflow,ESTAT:GOV_10A_MAIN(1.0),"Government revenue, expenditure and main aggregates",A,Annual,MIO_EUR,Million euro,S13,General government,P51C,Consumption of fixed capital,BG,Bulgaria,2000,,595.4,,,,,
dataflow,ESTAT:GOV_10A_MAIN(1.0),"Government revenue, expenditure and main aggregates",A,Annual,MIO_EUR,Million euro,S13,General government,P51C,Consumption of fixed capital,BG,Bulgaria,2001,,583.3,,,,,
dataflow,ESTAT:GOV_10A_MAIN(1.0),"Government revenue, expenditure and main aggregates",A,Annual,MIO_EUR,Million euro,S13,General government,P51C,Consumption of fixed capital,BG,Bulgaria,2002,,605.2,,,,,
dataflow,ESTAT:GOV_10A_MAIN(1.0),"Government revenue, expenditure and main aggregates",A,Annual,MIO_EUR,Million euro,S13,General government,P51C,Consumption of fixed capital,BG,Bulgaria,2003,,602.4,,,,,
dataflow,ESTAT:GOV_10A_MAIN(1.0),"Government revenue, expenditure and main aggregates",A,Annual,MIO_EUR,Million euro,S13,General government,P51C,Consumption of fixed capital,BG,Bulgaria,2004,,594.8,,,,,
dataflow,ESTAT:GOV_10A_MAIN(1.0),"Government revenue, expenditure and main aggregates",A,Annual,MIO_EUR,Million euro,S13,General government,P51C,Consumption of fixed capital,BG,Bulgaria,2005,,618.8,,,,,
dataflow,ESTAT:GOV_10A_MAIN(1.0),"Government revenue, expenditure and main aggregates",A,Annual,MIO_EUR,Million euro,S13,General government,P51C,Consumption of fixed capital,BG,Bulgaria,2006,,720.2,,,,,
dataflow,ESTAT:GOV_10A_MAIN(1.0),"Government revenue, expenditure and main aggregates",A,Annual,MIO_EUR,Million euro,S13,General government,P51C,Consumption of fixed capital,BG,Bulgaria,2007,,828.3,,,,,
dataflow,ESTAT:GOV_10A_MAIN(1.0),"Government revenue, expenditure and main aggregates",A,Annual,MIO_EUR,Million euro,S13,General government,P51C,Consumption of fixed capital,BG,Bulgaria,2008,,951.3,,,,,
dataflow,ESTAT:GOV_10A_MAIN(1.0),"Government revenue, expenditure and main aggregates",A,Annual,MIO_EUR,Million euro,S13,General government,P51C,Consumption of fixed capital,BG,Bulgaria,2009,,1075.6,,,,,
dataflow,ESTAT:GOV_10A_MAIN(1.0),"Government revenue, expenditure and main aggregates",A,Annual,MIO_EUR,Million euro,S13,General government,P51C,Consumption of fixed capital,BG,Bulgaria,2010,,1140.3,,,,,
dataflow,ESTAT:GOV_10A_MAIN(1.0),"Government revenue, expenditure and main aggregates",A,Annual,MIO_EUR,Million euro,S13,General government,P51C,Consumption of fixed capital,BG,Bulgaria,2011,,1209.2,,,,,
dataflow,ESTAT:GOV_10A_MAIN(1.0),"Government revenue, expenditure and main aggregates",A,Annual,MIO_EUR,Million euro,S13,General government,P51C,Consumption of fixed capital,BG,Bulgaria,2012,,1196.3,,,,,
dataflow,ESTAT:GOV_10A_MAIN(1.0),"Government revenue, expenditure and main aggregates",A,Annual,MIO_EUR,Million euro,S13,General government,P51C,Consumption of fixed capital,BG,Bulgaria,2013,,1160.8,,,,,
dataflow,ESTAT:GOV_10A_MAIN(1.0),"Government revenue, expenditure and main aggregates",A,Annual,MIO_EUR,Million euro,S13,General government,P51C,Consumption of fixed capital,BG,Bulgaria,2014,,1175.6,,,,,
dataflow,ESTAT:GOV_10A_MAIN(1.0),"Government revenue, expenditure and main aggregates",A,Annual,MIO_EUR,Million euro,S13,General government,P51C,Consumption of fixed capital,BG,Bulgaria,2015,,1292.5,,,,,
dataflow,ESTAT:GOV_10A_MAIN(1.0),"Government revenue, expenditure and main aggregates",A,Annual,MIO_EUR,Million euro,S13,General government,P51C,Consumption of fixed capital,BG,Bulgaria,2016,,1337.5,,,,,
dataflow,ESTAT:GOV_10A_MAIN(1.0),"Government revenue, expenditure and main aggregates",A,Annual,MIO_EUR,Million euro,S13,General government,P51C,Consumption of fixed capital,BG,Bulgaria,2017,,1475.7,,,,,
dataflow,ESTAT:GOV_10A_MAIN(1.0),"Government revenue, expenditure and main aggregates",A,Annual,MIO_EUR,Million euro,S13,General government,P51C,Consumption of fixed capital,BG,Bulgaria,2018,,1504.9,,,,,
dataflow,ESTAT:GOV_10A_MAIN(1.0),"Government revenue, expenditure and main aggregates",A,Annual,MIO_EUR,Million euro,S13,General government,P51C,Consumption of fixed capital,BG,Bulgaria,2019,,1575.0,,,,,
dataflow,ESTAT:GOV_10A_MAIN(1.0),"Government revenue, expenditure and main aggregates",A,Annual,MIO_EUR,Million euro,S13,General government,P51C,Consumption of fixed capital,BG,Bulgaria,2020,,1659.0,,,,,
dataflow,ESTAT:GOV_10A_MAIN(1.0),"Government revenue, expenditure and main aggregates",A,Annual,MIO_EUR,Million euro,S13,General government,P51C,Consumption of fixed capital,BG,Bulgaria,2021,,1799.2,,,,,
dataflow,ESTAT:GOV_10A_MAIN(1.0),"Government revenue, expenditure and main aggregates",A,Annual,MIO_EUR,Million euro,S13,General government,P51C,Consumption of fixed capital,BG,Bulgaria,2022,,2230.6,,,,,
dataflow,ESTAT:GOV_10A_MAIN(1.0),"Government revenue, expenditure and main aggregates",A,Annual,MIO_EUR,Million euro,S13,General government,P51C,Consumption of fixed capital,BG,Bulgaria,2023,,2391.3,,,,,
dataflow,ESTAT:GOV_10A_MAIN(1.0),"Government revenue, expenditure and main aggregates",A,Annual,MIO_EUR,Million euro,S13,General government,P51C,Consumption of fixed capital,BG,Bulgaria,2024,,2626.4,,,,,
dataflow,ESTAT:GOV_10A_MAIN(1.0),"Government revenue, expenditure and main aggregates",A,Annual,MIO_EUR,Million euro,S13,General government,P51C,Consumption of fixed capital,CY,Cyprus,1995,,114.7,,,,,
dataflow,ESTAT:GOV_10A_MAIN(1.0),"Government revenue, expenditure and main aggregates",A,Annual,MIO_EUR,Million euro,S13,General government,P51C,Consumption of fixed capital,CY,Cyprus,1996,,120.6,,,,,
dataflow,ESTAT:GOV_10A_MAIN(1.0),"Government revenue, expenditure and main aggregates",A,Annual,MIO_EUR,Million euro,S13,General government,P51C,Consumption of fixed capital,CY,Cyprus,1997,,131.9,,,,,
dataflow,ESTAT:GOV_10A_MAIN(1.0),"Government revenue, expenditure and main aggregates",A,Annual,MIO_EUR,Million euro,S13,General government,P51C,Consumption of fixed capital,CY,Cyprus,1998,,140.7,,,,,
dataflow,ESTAT:GOV_10A_MAIN(1.0),"Government revenue, expenditure and main aggregates",A,Annual,MIO_EUR,Million euro,S13,General government,P51C,Consumption of fixed capital,CY,Cyprus,1999,,143.6,,,,,
dataflow,ESTAT:GOV_10A_MAIN(1.0),"Government revenue, expenditure and main aggregates",A,Annual,MIO_EUR,Million euro,S13,General government,P51C,Consumption of fixed capital,CY,Cyprus,2000,,155.6,,,,,
dataflow,ESTAT:GOV_10A_MAIN(1.0),"Government revenue, expenditure and main aggregates",A,Annual,MIO_EUR,Million euro,S13,General government,P51C,Consumption of fixed capital,CY,Cyprus,2001,,158.2,,,,,
dataflow,ESTAT:GOV_10A_MAIN(1.0),"Government revenue, expenditure and main aggregates",A,Annual,MIO_EUR,Million euro,S13,General government,P51C,Consumption of fixed capital,CY,Cyprus,2002,,176.3,,,,,
dataflow,ESTAT:GOV_10A_MAIN(1.0),"Government revenue, expenditure and main aggregates",A,Annual,MIO_EUR,Million euro,S13,General government,P51C,Consumption of fixed capital,CY,Cyprus,2003,,195.3,,,,,
dataflow,ESTAT:GOV_10A_MAIN(1.0),"Government revenue, expenditure and main aggregates",A,Annual,MIO_EUR,Million euro,S13,General government,P51C,Consumption of fixed capital,CY,Cyprus,2004,,248.5,,,,,
dataflow,ESTAT:GOV_10A_MAIN(1.0),"Government revenue, expenditure and main aggregates",A,Annual,MIO_EUR,Million euro,S13,General government,P51C,Consumption of fixed capital,CY,Cyprus,2005,,266.6,,,,,
dataflow,ESTAT:GOV_10A_MAIN(1.0),"Government revenue, expenditure and main aggregates",A,Annual,MIO_EUR,Million euro,S13,General government,P51C,Consumption of fixed capital,CY,Cyprus,2006,,297.7,,,,,
dataflow,ESTAT:GOV_10A_MAIN(1.0),"Government revenue, expenditure and main aggregates",A,Annual,MIO_EUR,Million euro,S13,General government,P51C,Consumption of fixed capital,CY,Cyprus,2007,,323.3,,,,,
dataflow,ESTAT:GOV_10A_MAIN(1.0),"Government revenue, expenditure and main aggregates",A,Annual,MIO_EUR,Million euro,S13,General government,P51C,Consumption of fixed capital,CY,Cyprus,2008,,382.3,,,,,
dataflow,ESTAT:GOV_10A_MAIN(1.0),"Government revenue, expenditure and main aggregates",A,Annual,MIO_EUR,Million euro,S13,General government,P51C,Consumption of fixed capital,CY,Cyprus,2009,,323.8,,,,,
dataflow,ESTAT:GOV_10A_MAIN(1.0),"Government revenue, expenditure and main aggregates",A,Annual,MIO_EUR,Million euro,S13,General government,P51C,Consumption of fixed capital,CY,Cyprus,2010,,432.2,,,,,
dataflow,ESTAT:GOV_10A_MAIN(1.0),"Government revenue, expenditure and main aggregates",A,Annual,MIO_EUR,Million euro,S13,General government,P51C,Consumption of fixed capital,CY,Cyprus,2011,,492.0,,,,,
dataflow,ESTAT:GOV_10A_MAIN(1.0),"Government revenue, expenditure and main aggregates",A,Annual,MIO_EUR,Million euro,S13,General government,P51C,Consumption of fixed capital,CY,Cyprus,2012,,508.9,,,,,
dataflow,ESTAT:GOV_10A_MAIN(1.0),"Government revenue, expenditure and main aggregates",A,Annual,MIO_EUR,Million euro,S13,General government,P51C,Consumption of fixed capital,CY,Cyprus,2013,,475.3,,,,,
dataflow,ESTAT:GOV_10A_MAIN(1.0),"Government revenue, expenditure and main aggregates",A,Annual,MIO_EUR,Million euro,S13,General government,P51C,Consumption of fixed capital,CY,Cyprus,2014,,460.5,,,,,
dataflow,ESTAT:GOV_10A_MAIN(1.0),"Government revenue, expenditure and main aggregates",A,Annual,MIO_EUR,Million euro,S13,General government,P51C,Consumption of fixed capital,CY,Cyprus,2015,,468.1,,,,,
dataflow,ESTAT:GOV_10A_MAIN(1.0),"Government revenue, expenditure and main aggregates",A,Annual,MIO_EUR,Million euro,S13,General government,P51C,Consumption of fixed capital,CY,Cyprus,2016,,474.5,,,,,
dataflow,ESTAT:GOV_10A_MAIN(1.0),"Government revenue, expenditure and main aggregates",A,Annual,MIO_EUR,Million euro,S13,General government,P51C,Consumption of fixed capital,CY,Cyprus,2017,,484.1,,,,,
dataflow,ESTAT:GOV_10A_MAIN(1.0),"Government revenue, expenditure and main aggregates",A,Annual,MIO_EUR,Million euro,S13,General government,P51C,Consumption of fixed capital,CY,Cyprus,2018,,509.3,,,,,
dataflow,ESTAT:GOV_10A_MAIN(1.0),"Government revenue, expenditure and main aggregates",A,Annual,MIO_EUR,Million euro,S13,General government,P51C,Consumption of fixed capital,CY,Cyprus,2019,,518.2,,,,,
dataflow,ESTAT:GOV_10A_MAIN(1.0),"Government revenue, expenditure and main aggregates",A,Annual,MIO_EUR,Million euro,S13,General government,P51C,Consumption of fixed capital,CY,Cyprus,2020,,509.6,,,,,
dataflow,ESTAT:GOV_10A_MAIN(1.0),"Government revenue, expenditure and main aggregates",A,Annual,MIO_EUR,Million euro,S13,General government,P51C,Consumption of fixed capital,CY,Cyprus,2021,,523.3,,,,,
dataflow,ESTAT:GOV_10A_MAIN(1.0),"Government revenue, expenditure and main aggregates",A,Annual,MIO_EUR,Million euro,S13,General government,P51C,Consumption of fixed capital,CY,Cyprus,2022,,669.3,,,,,
dataflow,ESTAT:GOV_10A_MAIN(1.0),"Government revenue, expenditure and main aggregates",A,Annual,MIO_EUR,Million euro,S13,General government,P51C,Consumption of fixed capital,CY,Cyprus,2023,,742.2,,,,,
dataflow,ESTAT:GOV_10A_MAIN(1.0),"Government revenue, expenditure and main aggregates",A,Annual,MIO_EUR,Million euro,S13,General government,P51C,Consumption of fixed capital,CY,Cyprus,2024,,760.7,,,,,
dataflow,ESTAT:GOV_10A_MAIN(1.0),"Government revenue, expenditure and main aggregates",A,Annual,MIO_EUR,Million euro,S13,General government,P51C,Consumption of fixed capital,CZ,Czechia,1995,,2587.1,,,,,
dataflow,ESTAT:GOV_10A_MAIN(1.0),"Government revenue, expenditure and main aggregates",A,Annual,MIO_EUR,Million euro,S13,General government,P51C,Consumption of fixed capital,CZ,Czechia,1996,,2878.6,,,,,
dataflow,ESTAT:GOV_10A_MAIN(1.0),"Government revenue, expenditure and main aggregates",A,Annual,MIO_EUR,Million euro,S13,General government,P51C,Consumption of fixed capital,CZ,Czechia,1997,,3055.2,,,,,
dataflow,ESTAT:GOV_10A_MAIN(1.0),"Government revenue, expenditure and main aggregates",A,Annual,MIO_EUR,Million euro,S13,General government,P51C,Consumption of fixed capital,CZ,Czechia,1998,,3287.6,,,,,
dataflow,ESTAT:GOV_10A_MAIN(1.0),"Government revenue, expenditure and main aggregates",A,Annual,MIO_EUR,Million euro,S13,General government,P51C,Consumption of fixed capital,CZ,Czechia,1999,,3338.7,,,,,
dataflow,ESTAT:GOV_10A_MAIN(1.0),"Government revenue, expenditure and main aggregates",A,Annual,MIO_EUR,Million euro,S13,General government,P51C,Consumption of fixed capital,CZ,Czechia,2000,,3627.6,,,,,
dataflow,ESTAT:GOV_10A_MAIN(1.0),"Government revenue, expenditure and main aggregates",A,Annual,MIO_EUR,Million euro,S13,General government,P51C,Consumption of fixed capital,CZ,Czechia,2001,,3958.8,,,,,
dataflow,ESTAT:GOV_10A_MAIN(1.0),"Government revenue, expenditure and main aggregates",A,Annual,MIO_EUR,Million euro,S13,General government,P51C,Consumption of fixed capital,CZ,Czechia,2002,,4461.6,,,,,
dataflow,ESTAT:GOV_10A_MAIN(1.0),"Government revenue, expenditure and main aggregates",A,Annual,MIO_EUR,Million euro,S13,General government,P51C,Consumption of fixed capital,CZ,Czechia,2003,,4657.2,,,,,
dataflow,ESTAT:GOV_10A_MAIN(1.0),"Government revenue, expenditure and main aggregates",A,Annual,MIO_EUR,Million euro,S13,General government,P51C,Consumption of fixed capital,CZ,Czechia,2004,,4837.1,,,,,
dataflow,ESTAT:GOV_10A_MAIN(1.0),"Government revenue, expenditure and main aggregates",A,Annual,MIO_EUR,Million euro,S13,General government,P51C,Consumption of fixed capital,CZ,Czechia,2005,,5347.9,,,,,
dataflow,ESTAT:GOV_10A_MAIN(1.0),"Government revenue, expenditure and main aggregates",A,Annual,MIO_EUR,Million euro,S13,General government,P51C,Consumption of fixed capital,CZ,Czechia,2006,,5840.9,,,,,
dataflow,ESTAT:GOV_10A_MAIN(1.0),"Government revenue, expenditure and main aggregates",A,Annual,MIO_EUR,Million euro,S13,General government,P51C,Consumption of fixed capital,CZ,Czechia,2007,,6325.5,,,,,
dataflow,ESTAT:GOV_10A_MAIN(1.0),"Government revenue, expenditure and main aggregates",A,Annual,MIO_EUR,Million euro,S13,General government,P51C,Consumption of fixed capital,CZ,Czechia,2008,,7453.1,,,,,
dataflow,ESTAT:GOV_10A_MAIN(1.0),"Government revenue, expenditure and main aggregates",A,Annual,MIO_EUR,Million euro,S13,General government,P51C,Consumption of fixed capital,CZ,Czechia,2009,,7193.2,,,,,
dataflow,ESTAT:GOV_10A_MAIN(1.0),"Government revenue, expenditure and main aggregates",A,Annual,MIO_EUR,Million euro,S13,General government,P51C,Consumption of fixed capital,CZ,Czechia,2010,,7557.0,,,,,
dataflow,ESTAT:GOV_10A_MAIN(1.0),"Government revenue, expenditure and main aggregates",A,Annual,MIO_EUR,Million euro,S13,General government,P51C,Consumption of fixed capital,CZ,Czechia,2011,,7756.1,,,,,
dataflow,ESTAT:GOV_10A_MAIN(1.0),"Government revenue, expenditure and main aggregates",A,Annual,MIO_EUR,Million euro,S13,General government,P51C,Consumption of fixed capital,CZ,Czechia,2012,,7594.0,,,,,
dataflow,ESTAT:GOV_10A_MAIN(1.0),"Government revenue, expenditure and main aggregates",A,Annual,MIO_EUR,Million euro,S13,General government,P51C,Consumption of fixed capital,CZ,Czechia,2013,,7356.5,,,,,
dataflow,ESTAT:GOV_10A_MAIN(1.0),"Government revenue, expenditure and main aggregates",A,Annual,MIO_EUR,Million euro,S13,General government,P51C,Consumption of fixed capital,CZ,Czechia,2014,,7069.9,,,,,
dataflow,ESTAT:GOV_10A_MAIN(1.0),"Government revenue, expenditure and main aggregates",A,Annual,MIO_EUR,Million euro,S13,General government,P51C,Consumption of fixed capital,CZ,Czechia,2015,,7365.4,,,,,
dataflow,ESTAT:GOV_10A_MAIN(1.0),"Government revenue, expenditure and main aggregates",A,Annual,MIO_EUR,Million euro,S13,General government,P51C,Consumption of fixed capital,CZ,Czechia,2016,,7496.7,,,,,
dataflow,ESTAT:GOV_10A_MAIN(1.0),"Government revenue, expenditure and main aggregates",A,Annual,MIO_EUR,Million euro,S13,General government,P51C,Consumption of fixed capital,CZ,Czechia,2017,,7823.0,,,,,
dataflow,ESTAT:GOV_10A_MAIN(1.0),"Government revenue, expenditure and main aggregates",A,Annual,MIO_EUR,Million euro,S13,General government,P51C,Consumption of fixed capital,CZ,Czechia,2018,,8338.3,,,,,
dataflow,ESTAT:GOV_10A_MAIN(1.0),"Government revenue, expenditure and main aggregates",A,Annual,MIO_EUR,Million euro,S13,General government,P51C,Consumption of fixed capital,CZ,Czechia,2019,,8778.9,,,,,
dataflow,ESTAT:GOV_10A_MAIN(1.0),"Government revenue, expenditure and main aggregates",A,Annual,MIO_EUR,Million euro,S13,General government,P51C,Consumption of fixed capital,CZ,Czechia,2020,,8968.3,,,,,
dataflow,ESTAT:GOV_10A_MAIN(1.0),"Government revenue, expenditure and main aggregates",A,Annual,MIO_EUR,Million euro,S13,General government,P51C,Consumption of fixed capital,CZ,Czechia,2021,,9868.5,,,,,
dataflow,ESTAT:GOV_10A_MAIN(1.0),"Government revenue, expenditure and main aggregates",A,Annual,MIO_EUR,Million euro,S13,General government,P51C,Consumption of fixed capital,CZ,Czechia,2022,,11534.6,,,,,
dataflow,ESTAT:GOV_10A_MAIN(1.0),"Government revenue, expenditure and main aggregates",A,Annual,MIO_EUR,Million euro,S13,General government,P51C,Consumption of fixed capital,CZ,Czechia,2023,,12613.0,,,,,
dataflow,ESTAT:GOV_10A_MAIN(1.0),"Government revenue, expenditure and main aggregates",A,Annual,MIO_EUR,Million euro,S13,General government,P51C,Consumption of fixed capital,CZ,Czechia,2024,,12656.2,,,,,
dataflow,ESTAT:GOV_10A_MAIN(1.0),"Government revenue, expenditure and main aggregates",A,Annual,MIO_EUR,Million euro,S13,General government,P51C,Consumption of fixed capital,DE,Germany,1995,,48372.0,,,,,
dataflow,ESTAT:GOV_10A_MAIN(1.0),"Government revenue, expenditure and main aggregates",A,Annual,MIO_EUR,Million euro,S13,General government,P51C,Consumption of fixed capital,DE,Germany,1996,,47662.0,,,,,
dataflow,ESTAT:GOV_10A_MAIN(1.0),"Government revenue, expenditure and main aggregates",A,Annual,MIO_EUR,Million euro,S13,General government,P51C,Consumption of fixed capital,DE,Germany,1997,,46498.8,,,,,
dataflow,ESTAT:GOV_10A_MAIN(1.0),"Government revenue, expenditure and main aggregates",A,Annual,MIO_EUR,Million euro,S13,General government,P51C,Consumption of fixed capital,DE,Germany,1998,,46501.8,,,,,
dataflow,ESTAT:GOV_10A_MAIN(1.0),"Government revenue, expenditure and main aggregates",A,Annual,MIO_EUR,Million euro,S13,General government,P51C,Consumption of fixed capital,DE,Germany,1999,,49697.0,,,,,
dataflow,ESTAT:GOV_10A_MAIN(1.0),"Government revenue, expenditure and main aggregates",A,Annual,MIO_EUR,Million euro,S13,General government,P51C,Consumption of fixed capital,DE,Germany,2000,,50780.0,,,,,
dataflow,ESTAT:GOV_10A_MAIN(1.0),"Government revenue, expenditure and main aggregates",A,Annual,MIO_EUR,Million euro,S13,General government,P51C,Consumption of fixed capital,DE,Germany,2001,,51619.0,,,,,
dataflow,ESTAT:GOV_10A_MAIN(1.0),"Government revenue, expenditure and main aggregates",A,Annual,MIO_EUR,Million euro,S13,General government,P51C,Consumption of fixed capital,DE,Germany,2002,,52469.0,,,,,
dataflow,ESTAT:GOV_10A_MAIN(1.0),"Government revenue, expenditure and main aggregates",A,Annual,MIO_EUR,Million euro,S13,General government,P51C,Consumption of fixed capital,DE,Germany,2003,,53145.0,,,,,
dataflow,ESTAT:GOV_10A_MAIN(1.0),"Government revenue, expenditure and main aggregates",A,Annual,MIO_EUR,Million euro,S13,General government,P51C,Consumption of fixed capital,DE,Germany,2004,,53971.0,,,,,
dataflow,ESTAT:GOV_10A_MAIN(1.0),"Government revenue, expenditure and main aggregates",A,Annual,MIO_EUR,Million euro,S13,General government,P51C,Consumption of fixed capital,DE,Germany,2005,,54626.0,,,,,
dataflow,ESTAT:GOV_10A_MAIN(1.0),"Government revenue, expenditure and main aggregates",A,Annual,MIO_EUR,Million euro,S13,General government,P51C,Consumption of fixed capital,DE,Germany,2006,,55836.0,,,,,
dataflow,ESTAT:GOV_10A_MAIN(1.0),"Government revenue, expenditure and main aggregates",A,Annual,MIO_EUR,Million euro,S13,General government,P51C,Consumption of fixed capital,DE,Germany,2007,,58249.0,,,,,
dataflow,ESTAT:GOV_10A_MAIN(1.0),"Government revenue, expenditure and main aggregates",A,Annual,MIO_EUR,Million euro,S13,General government,P51C,Consumption of fixed capital,DE,Germany,2008,,60261.0,,,,,
dataflow,ESTAT:GOV_10A_MAIN(1.0),"Government revenue, expenditure and main aggregates",A,Annual,MIO_EUR,Million euro,S13,General government,P51C,Consumption of fixed capital,DE,Germany,2009,,61812.0,,,,,
dataflow,ESTAT:GOV_10A_MAIN(1.0),"Government revenue, expenditure and main aggregates",A,Annual,MIO_EUR,Million euro,S13,General government,P51C,Consumption of fixed capital,DE,Germany,2010,,63503.0,,,,,
dataflow,ESTAT:GOV_10A_MAIN(1.0),"Government revenue, expenditure and main aggregates",A,Annual,MIO_EUR,Million euro,S13,General government,P51C,Consumption of fixed capital,DE,Germany,2011,,65758.0,,,,,
dataflow,ESTAT:GOV_10A_MAIN(1.0),"Government revenue, expenditure and main aggregates",A,Annual,MIO_EUR,Million euro,S13,General government,P51C,Consumption of fixed capital,DE,Germany,2012,,68057.0,,,,,
dataflow,ESTAT:GOV_10A_MAIN(1.0),"Government revenue, expenditure and main aggregates",A,Annual,MIO_EUR,Million euro,S13,General government,P51C,Consumption of fixed capital,DE,Germany,2013,,69972.0,,,,,
dataflow,ESTAT:GOV_10A_MAIN(1.0),"Government revenue, expenditure and main aggregates",A,Annual,MIO_EUR,Million euro,S13,General government,P51C,Consumption of fixed capital,DE,Germany,2014,,71756.0,,,,,
dataflow,ESTAT:GOV_10A_MAIN(1.0),"Government revenue, expenditure and main aggregates",A,Annual,MIO_EUR,Million euro,S13,General government,P51C,Consumption of fixed capital,DE,Germany,2015,,73471.0,,,,,
dataflow,ESTAT:GOV_10A_MAIN(1.0),"Government revenue, expenditure and main aggregates",A,Annual,MIO_EUR,Million euro,S13,General government,P51C,Consumption of fixed capital,DE,Germany,2016,,75373.0,,,,,
dataflow,ESTAT:GOV_10A_MAIN(1.0),"Government revenue, expenditure and main aggregates",A,Annual,MIO_EUR,Million euro,S13,General government,P51C,Consumption of fixed capital,DE,Germany,2017,,78214.0,,,,,
dataflow,ESTAT:GOV_10A_MAIN(1.0),"Government revenue, expenditure and main aggregates",A,Annual,MIO_EUR,Million euro,S13,General government,P51C,Consumption of fixed capital,DE,Germany,2018,,82189.0,,,,,
dataflow,ESTAT:GOV_10A_MAIN(1.0),"Government revenue, expenditure and main aggregates",A,Annual,MIO_EUR,Million euro,S13,General government,P51C,Consumption of fixed capital,DE,Germany,2019,,86303.0,,,,,
dataflow,ESTAT:GOV_10A_MAIN(1.0),"Government revenue, expenditure and main aggregates",A,Annual,MIO_EUR,Million euro,S13,General government,P51C,Consumption of fixed capital,DE,Germany,2020,,88146.0,,,,,
dataflow,ESTAT:GOV_10A_MAIN(1.0),"Government revenue, expenditure and main aggregates",A,Annual,MIO_EUR,Million euro,S13,General government,P51C,Consumption of fixed capital,DE,Germany,2021,,95073.0,,,,,
dataflow,ESTAT:GOV_10A_MAIN(1.0),"Government revenue, expenditure and main aggregates",A,Annual,MIO_EUR,Million euro,S13,General government,P51C,Consumption of fixed capital,DE,Germany,2022,,107429.0,,,,,
dataflow,ESTAT:GOV_10A_MAIN(1.0),"Government revenue, expenditure and main aggregates",A,Annual,MIO_EUR,Million euro,S13,General government,P51C,Consumption of fixed capital,DE,Germany,2023,,115467.0,,,,,
dataflow,ESTAT:GOV_10A_MAIN(1.0),"Government revenue, expenditure and main aggregates",A,Annual,MIO_EUR,Million euro,S13,General government,P51C,Consumption of fixed capital,DE,Germany,2024,,120584.0,,,,,
dataflow,ESTAT:GOV_10A_MAIN(1.0),"Government revenue, expenditure and main aggregates",A,Annual,MIO_EUR,Million euro,S13,General government,P51C,Consumption of fixed capital,DK,Denmark,1995,,4148.2,,,,,
dataflow,ESTAT:GOV_10A_MAIN(1.0),"Government revenue, expenditure and main aggregates",A,Annual,MIO_EUR,Million euro,S13,General government,P51C,Consumption of fixed capital,DK,Denmark,1996,,4300.4,,,,,
dataflow,ESTAT:GOV_10A_MAIN(1.0),"Government revenue, expenditure and main aggregates",A,Annual,MIO_EUR,Million euro,S13,General government,P51C,Consumption of fixed capital,DK,Denmark,1997,,4552.1,,,,,
dataflow,ESTAT:GOV_10A_MAIN(1.0),"Government revenue, expenditure and main aggregates",A,Annual,MIO_EUR,Million euro,S13,General government,P51C,Consumption of fixed capital,DK,Denmark,1998,,4712.8,,,,,
dataflow,ESTAT:GOV_10A_MAIN(1.0),"Government revenue, expenditure and main aggregates",A,Annual,MIO_EUR,Million euro,S13,General government,P51C,Consumption of fixed capital,DK,Denmark,1999,,4986.8,,,,,
dataflow,ESTAT:GOV_10A_MAIN(1.0),"Government revenue, expenditure and main aggregates",A,Annual,MIO_EUR,Million euro,S13,General government,P51C,Consumption of fixed capital,DK,Denmark,2000,,5231.3,,,,,
dataflow,ESTAT:GOV_10A_MAIN(1.0),"Government revenue, expenditure and main aggregates",A,Annual,MIO_EUR,Million euro,S13,General government,P51C,Consumption of fixed capital,DK,Denmark,2001,,5440.2,,,,,
dataflow,ESTAT:GOV_10A_MAIN(1.0),"Government revenue, expenditure and main aggregates",A,Annual,MIO_EUR,Million euro,S13,General government,P51C,Consumption of fixed capital,DK,Denmark,2002,,5628.2,,,,,
dataflow,ESTAT:GOV_10A_MAIN(1.0),"Government revenue, expenditure and main aggregates",A,Annual,MIO_EUR,Million euro,S13,General government,P51C,Consumption of fixed capital,DK,Denmark,2003,,5688.0,,,,,
dataflow,ESTAT:GOV_10A_MAIN(1.0),"Government revenue, expenditure and main aggregates",A,Annual,MIO_EUR,Million euro,S13,General government,P51C,Consumption of fixed capital,DK,Denmark,2004,,5994.2,,,,,
dataflow,ESTAT:GOV_10A_MAIN(1.0),"Government revenue, expenditure and main aggregates",A,Annual,MIO_EUR,Million euro,S13,General government,P51C,Consumption of fixed capital,DK,Denmark,2005,,6218.0,,,,,
dataflow,ESTAT:GOV_10A_MAIN(1.0),"Government revenue, expenditure and main aggregates",A,Annual,MIO_EUR,Million euro,S13,General government,P51C,Consumption of fixed capital,DK,Denmark,2006,,6391.4,,,,,
dataflow,ESTAT:GOV_10A_MAIN(1.0),"Government revenue, expenditure and main aggregates",A,Annual,MIO_EUR,Million euro,S13,General government,P51C,Consumption of fixed capital,DK,Denmark,2007,,6854.9,,,,,
dataflow,ESTAT:GOV_10A_MAIN(1.0),"Government revenue, expenditure and main aggregates",A,Annual,MIO_EUR,Million euro,S13,General government,P51C,Consumption of fixed capital,DK,Denmark,2008,,7181.9,,,,,
dataflow,ESTAT:GOV_10A_MAIN(1.0),"Government revenue, expenditure and main aggregates",A,Annual,MIO_EUR,Million euro,S13,General government,P51C,Consumption of fixed capital,DK,Denmark,2009,,7076.8,,,,,
dataflow,ESTAT:GOV_10A_MAIN(1.0),"Government revenue, expenditure and main aggregates",A,Annual,MIO_EUR,Million euro,S13,General government,P51C,Consumption of fixed capital,DK,Denmark,2010,,7336.1,,,,,
dataflow,ESTAT:GOV_10A_MAIN(1.0),"Government revenue, expenditure and main aggregates",A,Annual,MIO_EUR,Million euro,S13,General government,P51C,Consumption of fixed capital,DK,Denmark,2011,,7410.3,,,,,
dataflow,ESTAT:GOV_10A_MAIN(1.0),"Government revenue, expenditure and main aggregates",A,Annual,MIO_EUR,Million euro,S13,General government,P51C,Consumption of fixed capital,DK,Denmark,2012,,7513.2,,,,,
dataflow,ESTAT:GOV_10A_MAIN(1.0),"Government revenue, expenditure and main aggregates",A,Annual,MIO_EUR,Million euro,S13,General government,P51C,Consumption of fixed capital,DK,Denmark,2013,,7545.0,,,,,
dataflow,ESTAT:GOV_10A_MAIN(1.0),"Government revenue, expenditure and main aggregates",A,Annual,MIO_EUR,Million euro,S13,General government,P51C,Consumption of fixed capital,DK,Denmark,2014,,7613.2,,,,,
dataflow,ESTAT:GOV_10A_MAIN(1.0),"Government revenue, expenditure and main aggregates",A,Annual,MIO_EUR,Million euro,S13,General government,P51C,Consumption of fixed capital,DK,Denmark,2015,,7674.4,,,,,
dataflow,ESTAT:GOV_10A_MAIN(1.0),"Government revenue, expenditure and main aggregates",A,Annual,MIO_EUR,Million euro,S13,General government,P51C,Consumption of fixed capital,DK,Denmark,2016,,7832.7,,,,,
dataflow,ESTAT:GOV_10A_MAIN(1.0),"Government revenue, expenditure and main aggregates",A,Annual,MIO_EUR,Million euro,S13,General government,P51C,Consumption of fixed capital,DK,Denmark,2017,,7899.7,,,,,
dataflow,ESTAT:GOV_10A_MAIN(1.0),"Government revenue, expenditure and main aggregates",A,Annual,MIO_EUR,Million euro,S13,General government,P51C,Consumption of fixed capital,DK,Denmark,2018,,8033.1,,,,,
dataflow,ESTAT:GOV_10A_MAIN(1.0),"Government revenue, expenditure and main aggregates",A,Annual,MIO_EUR,Million euro,S13,General government,P51C,Consumption of fixed capital,DK,Denmark,2019,,8121.2,,,,,
dataflow,ESTAT:GOV_10A_MAIN(1.0),"Government revenue, expenditure and main aggregates",A,Annual,MIO_EUR,Million euro,S13,General government,P51C,Consumption of fixed capital,DK,Denmark,2020,,8298.9,,,,,
dataflow,ESTAT:GOV_10A_MAIN(1.0),"Government revenue, expenditure and main aggregates",A,Annual,MIO_EUR,Million euro,S13,General government,P51C,Consumption of fixed capital,DK,Denmark,2021,,8456.8,,,,,
dataflow,ESTAT:GOV_10A_MAIN(1.0),"Government revenue, expenditure and main aggregates",A,Annual,MIO_EUR,Million euro,S13,General government,P51C,Consumption of fixed capital,DK,Denmark,2022,,8637.0,,,,,
dataflow,ESTAT:GOV_10A_MAIN(1.0),"Government revenue, expenditure and main aggregates",A,Annual,MIO_EUR,Million euro,S13,General government,P51C,Consumption of fixed capital,DK,Denmark,2023,,8840.0,,,,,
dataflow,ESTAT:GOV_10A_MAIN(1.0),"Government revenue, expenditure and main aggregates",A,Annual,MIO_EUR,Million euro,S13,General government,P51C,Consumption of fixed capital,DK,Denmark,2024,,9044.8,,,,,
dataflow,ESTAT:GOV_10A_MAIN(1.0),"Government revenue, expenditure and main aggregates",A,Annual,MIO_EUR,Million euro,S13,General government,P51C,Consumption of fixed capital,EE,Estonia,1995,,147.2,,,,,
dataflow,ESTAT:GOV_10A_MAIN(1.0),"Government revenue, expenditure and main aggregates",A,Annual,MIO_EUR,Million euro,S13,General government,P51C,Consumption of fixed capital,EE,Estonia,1996,,148.3,,,,,
dataflow,ESTAT:GOV_10A_MAIN(1.0),"Government revenue, expenditure and main aggregates",A,Annual,MIO_EUR,Million euro,S13,General government,P51C,Consumption of fixed capital,EE,Estonia,1997,,136.5,,,,,
dataflow,ESTAT:GOV_10A_MAIN(1.0),"Government revenue, expenditure and main aggregates",A,Annual,MIO_EUR,Million euro,S13,General government,P51C,Consumption of fixed capital,EE,Estonia,1998,,134.6,,,,,
dataflow,ESTAT:GOV_10A_MAIN(1.0),"Government revenue, expenditure and main aggregates",A,Annual,MIO_EUR,Million euro,S13,General government,P51C,Consumption of fixed capital,EE,Estonia,1999,,143.1,,,,,
dataflow,ESTAT:GOV_10A_MAIN(1.0),"Government revenue, expenditure and main aggregates",A,Annual,MIO_EUR,Million euro,S13,General government,P51C,Consumption of fixed capital,EE,Estonia,2000,,150.0,,,,,
dataflow,ESTAT:GOV_10A_MAIN(1.0),"Government revenue, expenditure and main aggregates",A,Annual,MIO_EUR,Million euro,S13,General government,P51C,Consumption of fixed capital,EE,Estonia,2001,,165.2,,,,,
dataflow,ESTAT:GOV_10A_MAIN(1.0),"Government revenue, expenditure and main aggregates",A,Annual,MIO_EUR,Million euro,S13,General government,P51C,Consumption of fixed capital,EE,Estonia,2002,,181.0,,,,,
dataflow,ESTAT:GOV_10A_MAIN(1.0),"Government revenue, expenditure and main aggregates",A,Annual,MIO_EUR,Million euro,S13,General government,P51C,Consumption of fixed capital,EE,Estonia,2003,,190.4,,,,,
dataflow,ESTAT:GOV_10A_MAIN(1.0),"Government revenue, expenditure and main aggregates",A,Annual,MIO_EUR,Million euro,S13,General government,P51C,Consumption of fixed capital,EE,Estonia,2004,,214.1,,,,,
dataflow,ESTAT:GOV_10A_MAIN(1.0),"Government revenue, expenditure and main aggregates",A,Annual,MIO_EUR,Million euro,S13,General government,P51C,Consumption of fixed capital,EE,Estonia,2005,,246.5,,,,,
dataflow,ESTAT:GOV_10A_MAIN(1.0),"Government revenue, expenditure and main aggregates",A,Annual,MIO_EUR,Million euro,S13,General government,P51C,Consumption of fixed capital,EE,Estonia,2006,,287.6,,,,,
dataflow,ESTAT:GOV_10A_MAIN(1.0),"Government revenue, expenditure and main aggregates",A,Annual,MIO_EUR,Million euro,S13,General government,P51C,Consumption of fixed capital,EE,Estonia,2007,,346.1,,,,,
dataflow,ESTAT:GOV_10A_MAIN(1.0),"Government revenue, expenditure and main aggregates",A,Annual,MIO_EUR,Million euro,S13,General government,P51C,Consumption of fixed capital,EE,Estonia,2008,,398.2,,,,,
dataflow,ESTAT:GOV_10A_MAIN(1.0),"Government revenue, expenditure and main aggregates",A,Annual,MIO_EUR,Million euro,S13,General government,P51C,Consumption of fixed capital,EE,Estonia,2009,,420.2,,,,,
dataflow,ESTAT:GOV_10A_MAIN(1.0),"Government revenue, expenditure and main aggregates",A,Annual,MIO_EUR,Million euro,S13,General government,P51C,Consumption of fixed capital,EE,Estonia,2010,,444.0,,,,,
dataflow,ESTAT:GOV_10A_MAIN(1.0),"Government revenue, expenditure and main aggregates",A,Annual,MIO_EUR,Million euro,S13,General government,P51C,Consumption of fixed capital,EE,Estonia,2011,,494.1,,,,,
dataflow,ESTAT:GOV_10A_MAIN(1.0),"Government revenue, expenditure and main aggregates",A,Annual,MIO_EUR,Million euro,S13,General government,P51C,Consumption of fixed capital,EE,Estonia,2012,,523.9,,,,,
dataflow,ESTAT:GOV_10A_MAIN(1.0),"Government revenue, expenditure and main aggregates",A,Annual,MIO_EUR,Million euro,S13,General government,P51C,Consumption of fixed capital,EE,Estonia,2013,,586.2,,,,,
dataflow,ESTAT:GOV_10A_MAIN(1.0),"Government revenue, expenditure and main aggregates",A,Annual,MIO_EUR,Million euro,S13,General government,P51C,Consumption of fixed capital,EE,Estonia,2014,,619.3,,,,,
dataflow,ESTAT:GOV_10A_MAIN(1.0),"Government revenue, expenditure and main aggregates",A,Annual,MIO_EUR,Million euro,S13,General government,P51C,Consumption of fixed capital,EE,Estonia,2015,,673.1,,,,,
dataflow,ESTAT:GOV_10A_MAIN(1.0),"Government revenue, expenditure and main aggregates",A,Annual,MIO_EUR,Million euro,S13,General government,P51C,Consumption of fixed capital,EE,Estonia,2016,,687.1,,,,,
dataflow,ESTAT:GOV_10A_MAIN(1.0),"Government revenue, expenditure and main aggregates",A,Annual,MIO_EUR,Million euro,S13,General government,P51C,Consumption of fixed capital,EE,Estonia,2017,,738.3,,,,,
dataflow,ESTAT:GOV_10A_MAIN(1.0),"Government revenue, expenditure and main aggregates",A,Annual,MIO_EUR,Million euro,S13,General government,P51C,Consumption of fixed capital,EE,Estonia,2018,,798.4,,,,,
dataflow,ESTAT:GOV_10A_MAIN(1.0),"Government revenue, expenditure and main aggregates",A,Annual,MIO_EUR,Million euro,S13,General government,P51C,Consumption of fixed capital,EE,Estonia,2019,,876.7,,,,,
dataflow,ESTAT:GOV_10A_MAIN(1.0),"Government revenue, expenditure and main aggregates",A,Annual,MIO_EUR,Million euro,S13,General government,P51C,Consumption of fixed capital,EE,Estonia,2020,,901.7,,,,,
dataflow,ESTAT:GOV_10A_MAIN(1.0),"Government revenue, expenditure and main aggregates",A,Annual,MIO_EUR,Million euro,S13,General government,P51C,Consumption of fixed capital,EE,Estonia,2021,,978.3,,,,,
dataflow,ESTAT:GOV_10A_MAIN(1.0),"Government revenue, expenditure and main aggregates",A,Annual,MIO_EUR,Million euro,S13,General government,P51C,Consumption of fixed capital,EE,Estonia,2022,,1137.0,,,,,
dataflow,ESTAT:GOV_10A_MAIN(1.0),"Government revenue, expenditure and main aggregates",A,Annual,MIO_EUR,Million euro,S13,General government,P51C,Consumption of fixed capital,EE,Estonia,2023,,1242.3,,,,,
dataflow,ESTAT:GOV_10A_MAIN(1.0),"Government revenue, expenditure and main aggregates",A,Annual,MIO_EUR,Million euro,S13,General government,P51C,Consumption of fixed capital,EE,Estonia,2024,,1368.8,,,,,
dataflow,ESTAT:GOV_10A_MAIN(1.0),"Government revenue, expenditure and main aggregates",A,Annual,MIO_EUR,Million euro,S13,General government,P51C,Consumption of fixed capital,EL,Greece,1995,,2919.5,,,,,
dataflow,ESTAT:GOV_10A_MAIN(1.0),"Government revenue, expenditure and main aggregates",A,Annual,MIO_EUR,Million euro,S13,General government,P51C,Consumption of fixed capital,EL,Greece,1996,,3173.9,,,,,
dataflow,ESTAT:GOV_10A_MAIN(1.0),"Government revenue, expenditure and main aggregates",A,Annual,MIO_EUR,Million euro,S13,General government,P51C,Consumption of fixed capital,EL,Greece,1997,,3401.4,,,,,
dataflow,ESTAT:GOV_10A_MAIN(1.0),"Government revenue, expenditure and main aggregates",A,Annual,MIO_EUR,Million euro,S13,General government,P51C,Consumption of fixed capital,EL,Greece,1998,,3507.1,,,,,
dataflow,ESTAT:GOV_10A_MAIN(1.0),"Government revenue, expenditure and main aggregates",A,Annual,MIO_EUR,Million euro,S13,General government,P51C,Consumption of fixed capital,EL,Greece,1999,,3873.4,,,,,
dataflow,ESTAT:GOV_10A_MAIN(1.0),"Government revenue, expenditure and main aggregates",A,Annual,MIO_EUR,Million euro,S13,General government,P51C,Consumption of fixed capital,EL,Greece,2000,,4104.6,,,,,
dataflow,ESTAT:GOV_10A_MAIN(1.0),"Government revenue, expenditure and main aggregates",A,Annual,MIO_EUR,Million euro,S13,General government,P51C,Consumption of fixed capital,EL,Greece,2001,,4413.0,,,,,
dataflow,ESTAT:GOV_10A_MAIN(1.0),"Government revenue, expenditure and main aggregates",A,Annual,MIO_EUR,Million euro,S13,General government,P51C,Consumption of fixed capital,EL,Greece,2002,,4777.0,,,,,
dataflow,ESTAT:GOV_10A_MAIN(1.0),"Government revenue, expenditure and main aggregates",A,Annual,MIO_EUR,Million euro,S13,General government,P51C,Consumption of fixed capital,EL,Greece,2003,,5152.0,,,,,
dataflow,ESTAT:GOV_10A_MAIN(1.0),"Government revenue, expenditure and main aggregates",A,Annual,MIO_EUR,Million euro,S13,General government,P51C,Consumption of fixed capital,EL,Greece,2004,,5615.0,,,,,
dataflow,ESTAT:GOV_10A_MAIN(1.0),"Government revenue, expenditure and main aggregates",A,Annual,MIO_EUR,Million euro,S13,General government,P51C,Consumption of fixed capital,EL,Greece,2005,,5892.0,,,,,
dataflow,ESTAT:GOV_10A_MAIN(1.0),"Government revenue, expenditure and main aggregates",A,Annual,MIO_EUR,Million euro,S13,General government,P51C,Consumption of fixed capital,EL,Greece,2006,,6399.0,,,,,
dataflow,ESTAT:GOV_10A_MAIN(1.0),"Government revenue, expenditure and main aggregates",A,Annual,MIO_EUR,Million euro,S13,General government,P51C,Consumption of fixed capital,EL,Greece,2007,,6820.0,,,,,
dataflow,ESTAT:GOV_10A_MAIN(1.0),"Government revenue, expenditure and main aggregates",A,Annual,MIO_EUR,Million euro,S13,General government,P51C,Consumption of fixed capital,EL,Greece,2008,,7344.0,,,,,
dataflow,ESTAT:GOV_10A_MAIN(1.0),"Government revenue, expenditure and main aggregates",A,Annual,MIO_EUR,Million euro,S13,General government,P51C,Consumption of fixed capital,EL,Greece,2009,,7822.0,,,,,
dataflow,ESTAT:GOV_10A_MAIN(1.0),"Government revenue, expenditure and main aggregates",A,Annual,MIO_EUR,Million euro,S13,General government,P51C,Consumption of fixed capital,EL,Greece,2010,,8156.0,,,,,
dataflow,ESTAT:GOV_10A_MAIN(1.0),"Government revenue, expenditure and main aggregates",A,Annual,MIO_EUR,Million euro,S13,General government,P51C,Consumption of fixed capital,EL,Greece,2011,,7850.0,,,,,
dataflow,ESTAT:GOV_10A_MAIN(1.0),"Government revenue, expenditure and main aggregates",A,Annual,MIO_EUR,Million euro,S13,General government,P51C,Consumption of fixed capital,EL,Greece,2012,,7502.0,,,,,
dataflow,ESTAT:GOV_10A_MAIN(1.0),"Government revenue, expenditure and main aggregates",A,Annual,MIO_EUR,Million euro,S13,General government,P51C,Consumption of fixed capital,EL,Greece,2013,,7193.0,,,,,
dataflow,ESTAT:GOV_10A_MAIN(1.0),"Government revenue, expenditure and main aggregates",A,Annual,MIO_EUR,Million euro,S13,General government,P51C,Consumption of fixed capital,EL,Greece,2014,,6925.0,,,,,
dataflow,ESTAT:GOV_10A_MAIN(1.0),"Government revenue, expenditure and main aggregates",A,Annual,MIO_EUR,Million euro,S13,General government,P51C,Consumption of fixed capital,EL,Greece,2015,,6767.0,,,,,
dataflow,ESTAT:GOV_10A_MAIN(1.0),"Government revenue, expenditure and main aggregates",A,Annual,MIO_EUR,Million euro,S13,General government,P51C,Consumption of fixed capital,EL,Greece,2016,,6653.0,,,,,
dataflow,ESTAT:GOV_10A_MAIN(1.0),"Government revenue, expenditure and main aggregates",A,Annual,MIO_EUR,Million euro,S13,General government,P51C,Consumption of fixed capital,EL,Greece,2017,,6643.0,,,,,
dataflow,ESTAT:GOV_10A_MAIN(1.0),"Government revenue, expenditure and main aggregates",A,Annual,MIO_EUR,Million euro,S13,General government,P51C,Consumption of fixed capital,EL,Greece,2018,,6686.0,,,,,
dataflow,ESTAT:GOV_10A_MAIN(1.0),"Government revenue, expenditure and main aggregates",A,Annual,MIO_EUR,Million euro,S13,General government,P51C,Consumption of fixed capital,EL,Greece,2019,,6601.0,,,,,
dataflow,ESTAT:GOV_10A_MAIN(1.0),"Government revenue, expenditure and main aggregates",A,Annual,MIO_EUR,Million euro,S13,General government,P51C,Consumption of fixed capital,EL,Greece,2020,,6507.0,,,,,
dataflow,ESTAT:GOV_10A_MAIN(1.0),"Government revenue, expenditure and main aggregates",A,Annual,MIO_EUR,Million euro,S13,General government,P51C,Consumption of fixed capital,EL,Greece,2021,,6662.0,,,,,
dataflow,ESTAT:GOV_10A_MAIN(1.0),"Government revenue, expenditure and main aggregates",A,Annual,MIO_EUR,Million euro,S13,General government,P51C,Consumption of fixed capital,EL,Greece,2022,,7149.0,,,,,
dataflow,ESTAT:GOV_10A_MAIN(1.0),"Government revenue, expenditure and main aggregates",A,Annual,MIO_EUR,Million euro,S13,General government,P51C,Consumption of fixed capital,EL,Greece,2023,,7525.0,,,,,
dataflow,ESTAT:GOV_10A_MAIN(1.0),"Government revenue, expenditure and main aggregates",A,Annual,MIO_EUR,Million euro,S13,General government,P51C,Consumption of fixed capital,EL,Greece,2024,,7525.0,,,,,
dataflow,ESTAT:GOV_10A_MAIN(1.0),"Government revenue, expenditure and main aggregates",A,Annual,MIO_EUR,Million euro,S13,General government,P51C,Consumption of fixed capital,ES,Spain,1995,,10343.5,,,,,
dataflow,ESTAT:GOV_10A_MAIN(1.0),"Government revenue, expenditure and main aggregates",A,Annual,MIO_EUR,Million euro,S13,General government,P51C,Consumption of fixed capital,ES,Spain,1996,,11040.1,,,,,
dataflow,ESTAT:GOV_10A_MAIN(1.0),"Government revenue, expenditure and main aggregates",A,Annual,MIO_EUR,Million euro,S13,General government,P51C,Consumption of fixed capital,ES,Spain,1997,,11125.4,,,,,
dataflow,ESTAT:GOV_10A_MAIN(1.0),"Government revenue, expenditure and main aggregates",A,Annual,MIO_EUR,Million euro,S13,General government,P51C,Consumption of fixed capital,ES,Spain,1998,,11390.4,,,,,
dataflow,ESTAT:GOV_10A_MAIN(1.0),"Government revenue, expenditure and main aggregates",A,Annual,MIO_EUR,Million euro,S13,General government,P51C,Consumption of fixed capital,ES,Spain,1999,,12132.0,,,,,
dataflow,ESTAT:GOV_10A_MAIN(1.0),"Government revenue, expenditure and main aggregates",A,Annual,MIO_EUR,Million euro,S13,General government,P51C,Consumption of fixed capital,ES,Spain,2000,,13131.0,,,,,
dataflow,ESTAT:GOV_10A_MAIN(1.0),"Government revenue, expenditure and main aggregates",A,Annual,MIO_EUR,Million euro,S13,General government,P51C,Consumption of fixed capital,ES,Spain,2001,,13897.0,,,,,
dataflow,ESTAT:GOV_10A_MAIN(1.0),"Government revenue, expenditure and main aggregates",A,Annual,MIO_EUR,Million euro,S13,General government,P51C,Consumption of fixed capital,ES,Spain,2002,,14804.0,,,,,
dataflow,ESTAT:GOV_10A_MAIN(1.0),"Government revenue, expenditure and main aggregates",A,Annual,MIO_EUR,Million euro,S13,General government,P51C,Consumption of fixed capital,ES,Spain,2003,,15919.0,,,,,
dataflow,ESTAT:GOV_10A_MAIN(1.0),"Government revenue, expenditure and main aggregates",A,Annual,MIO_EUR,Million euro,S13,General government,P51C,Consumption of fixed capital,ES,Spain,2004,,17352.0,,,,,
dataflow,ESTAT:GOV_10A_MAIN(1.0),"Government revenue, expenditure and main aggregates",A,Annual,MIO_EUR,Million euro,S13,General government,P51C,Consumption of fixed capital,ES,Spain,2005,,18840.0,,,,,
dataflow,ESTAT:GOV_10A_MAIN(1.0),"Government revenue, expenditure and main aggregates",A,Annual,MIO_EUR,Million euro,S13,General government,P51C,Consumption of fixed capital,ES,Spain,2006,,20412.0,,,,,
dataflow,ESTAT:GOV_10A_MAIN(1.0),"Government revenue, expenditure and main aggregates",A,Annual,MIO_EUR,Million euro,S13,General government,P51C,Consumption of fixed capital,ES,Spain,2007,,22038.0,,,,,
dataflow,ESTAT:GOV_10A_MAIN(1.0),"Government revenue, expenditure and main aggregates",A,Annual,MIO_EUR,Million euro,S13,General government,P51C,Consumption of fixed capital,ES,Spain,2008,,23754.0,,,,,
dataflow,ESTAT:GOV_10A_MAIN(1.0),"Government revenue, expenditure and main aggregates",A,Annual,MIO_EUR,Million euro,S13,General government,P51C,Consumption of fixed capital,ES,Spain,2009,,24926.0,,,,,
dataflow,ESTAT:GOV_10A_MAIN(1.0),"Government revenue, expenditure and main aggregates",A,Annual,MIO_EUR,Million euro,S13,General government,P51C,Consumption of fixed capital,ES,Spain,2010,,26664.0,,,,,
dataflow,ESTAT:GOV_10A_MAIN(1.0),"Government revenue, expenditure and main aggregates",A,Annual,MIO_EUR,Million euro,S13,General government,P51C,Consumption of fixed capital,ES,Spain,2011,,27936.0,,,,,
dataflow,ESTAT:GOV_10A_MAIN(1.0),"Government revenue, expenditure and main aggregates",A,Annual,MIO_EUR,Million euro,S13,General government,P51C,Consumption of fixed capital,ES,Spain,2012,,28480.0,,,,,
dataflow,ESTAT:GOV_10A_MAIN(1.0),"Government revenue, expenditure and main aggregates",A,Annual,MIO_EUR,Million euro,S13,General government,P51C,Consumption of fixed capital,ES,Spain,2013,,28218.0,,,,,
dataflow,ESTAT:GOV_10A_MAIN(1.0),"Government revenue, expenditure and main aggregates",A,Annual,MIO_EUR,Million euro,S13,General government,P51C,Consumption of fixed capital,ES,Spain,2014,,27795.0,,,,,
dataflow,ESTAT:GOV_10A_MAIN(1.0),"Government revenue, expenditure and main aggregates",A,Annual,MIO_EUR,Million euro,S13,General government,P51C,Consumption of fixed capital,ES,Spain,2015,,27552.0,,,,,
dataflow,ESTAT:GOV_10A_MAIN(1.0),"Government revenue, expenditure and main aggregates",A,Annual,MIO_EUR,Million euro,S13,General government,P51C,Consumption of fixed capital,ES,Spain,2016,,27412.0,,,,,
dataflow,ESTAT:GOV_10A_MAIN(1.0),"Government revenue, expenditure and main aggregates",A,Annual,MIO_EUR,Million euro,S13,General government,P51C,Consumption of fixed capital,ES,Spain,2017,,27683.0,,,,,
dataflow,ESTAT:GOV_10A_MAIN(1.0),"Government revenue, expenditure and main aggregates",A,Annual,MIO_EUR,Million euro,S13,General government,P51C,Consumption of fixed capital,ES,Spain,2018,,28299.0,,,,,
dataflow,ESTAT:GOV_10A_MAIN(1.0),"Government revenue, expenditure and main aggregates",A,Annual,MIO_EUR,Million euro,S13,General government,P51C,Consumption of fixed capital,ES,Spain,2019,,28850.0,,,,,
dataflow,ESTAT:GOV_10A_MAIN(1.0),"Government revenue, expenditure and main aggregates",A,Annual,MIO_EUR,Million euro,S13,General government,P51C,Consumption of fixed capital,ES,Spain,2020,,29191.0,,,,,
dataflow,ESTAT:GOV_10A_MAIN(1.0),"Government revenue, expenditure and main aggregates",A,Annual,MIO_EUR,Million euro,S13,General government,P51C,Consumption of fixed capital,ES,Spain,2021,,30919.0,,,,,
dataflow,ESTAT:GOV_10A_MAIN(1.0),"Government revenue, expenditure and main aggregates",A,Annual,MIO_EUR,Million euro,S13,General government,P51C,Consumption of fixed capital,ES,Spain,2022,,34076.0,,,,,
dataflow,ESTAT:GOV_10A_MAIN(1.0),"Government revenue, expenditure and main aggregates",A,Annual,MIO_EUR,Million euro,S13,General government,P51C,Consumption of fixed capital,ES,Spain,2023,,35529.0,,,,,
dataflow,ESTAT:GOV_10A_MAIN(1.0),"Government revenue, expenditure and main aggregates",A,Annual,MIO_EUR,Million euro,S13,General government,P51C,Consumption of fixed capital,ES,Spain,2024,,37421.0,,,,,
dataflow,ESTAT:GOV_10A_MAIN(1.0),"Government revenue, expenditure and main aggregates",A,Annual,MIO_EUR,Million euro,S13,General government,P51C,Consumption of fixed capital,EU27_2020,European Union - 27 countries (from 2020),1995,,177769.3,,,,,
dataflow,ESTAT:GOV_10A_MAIN(1.0),"Government revenue, expenditure and main aggregates",A,Annual,MIO_EUR,Million euro,S13,General government,P51C,Consumption of fixed capital,EU27_2020,European Union - 27 countries (from 2020),1996,,184243.0,,,,,
dataflow,ESTAT:GOV_10A_MAIN(1.0),"Government revenue, expenditure and main aggregates",A,Annual,MIO_EUR,Million euro,S13,General government,P51C,Consumption of fixed capital,EU27_2020,European Union - 27 countries (from 2020),1997,,185170.8,,,,,
dataflow,ESTAT:GOV_10A_MAIN(1.0),"Government revenue, expenditure and main aggregates",A,Annual,MIO_EUR,Million euro,S13,General government,P51C,Consumption of fixed capital,EU27_2020,European Union - 27 countries (from 2020),1998,,189465.4,,,,,
dataflow,ESTAT:GOV_10A_MAIN(1.0),"Government revenue, expenditure and main aggregates",A,Annual,MIO_EUR,Million euro,S13,General government,P51C,Consumption of fixed capital,EU27_2020,European Union - 27 countries (from 2020),1999,,198754.9,,,,,
dataflow,ESTAT:GOV_10A_MAIN(1.0),"Government revenue, expenditure and main aggregates",A,Annual,MIO_EUR,Million euro,S13,General government,P51C,Consumption of fixed capital,EU27_2020,European Union - 27 countries (from 2020),2000,,208555.3,,,,,
dataflow,ESTAT:GOV_10A_MAIN(1.0),"Government revenue, expenditure and main aggregates",A,Annual,MIO_EUR,Million euro,S13,General government,P51C,Consumption of fixed capital,EU27_2020,European Union - 27 countries (from 2020),2001,,217973.3,,,,,
dataflow,ESTAT:GOV_10A_MAIN(1.0),"Government revenue, expenditure and main aggregates",A,Annual,MIO_EUR,Million euro,S13,General government,P51C,Consumption of fixed capital,EU27_2020,European Union - 27 countries (from 2020),2002,,226440.7,,,,,
dataflow,ESTAT:GOV_10A_MAIN(1.0),"Government revenue, expenditure and main aggregates",A,Annual,MIO_EUR,Million euro,S13,General government,P51C,Consumption of fixed capital,EU27_2020,European Union - 27 countries (from 2020),2003,,235113.9,,,,,
dataflow,ESTAT:GOV_10A_MAIN(1.0),"Government revenue, expenditure and main aggregates",A,Annual,MIO_EUR,Million euro,S13,General government,P51C,Consumption of fixed capital,EU27_2020,European Union - 27 countries (from 2020),2004,,245383.6,,,,,
dataflow,ESTAT:GOV_10A_MAIN(1.0),"Government revenue, expenditure and main aggregates",A,Annual,MIO_EUR,Million euro,S13,General government,P51C,Consumption of fixed capital,EU27_2020,European Union - 27 countries (from 2020),2005,,258308.8,,,,,
dataflow,ESTAT:GOV_10A_MAIN(1.0),"Government revenue, expenditure and main aggregates",A,Annual,MIO_EUR,Million euro,S13,General government,P51C,Consumption of fixed capital,EU27_2020,European Union - 27 countries (from 2020),2006,,271690.9,,,,,
dataflow,ESTAT:GOV_10A_MAIN(1.0),"Government revenue, expenditure and main aggregates",A,Annual,MIO_EUR,Million euro,S13,General government,P51C,Consumption of fixed capital,EU27_2020,European Union - 27 countries (from 2020),2007,,287405.4,,,,,
dataflow,ESTAT:GOV_10A_MAIN(1.0),"Government revenue, expenditure and main aggregates",A,Annual,MIO_EUR,Million euro,S13,General government,P51C,Consumption of fixed capital,EU27_2020,European Union - 27 countries (from 2020),2008,,303964.3,,,,,
dataflow,ESTAT:GOV_10A_MAIN(1.0),"Government revenue, expenditure and main aggregates",A,Annual,MIO_EUR,Million euro,S13,General government,P51C,Consumption of fixed capital,EU27_2020,European Union - 27 countries (from 2020),2009,,309154.9,,,,,
dataflow,ESTAT:GOV_10A_MAIN(1.0),"Government revenue, expenditure and main aggregates",A,Annual,MIO_EUR,Million euro,S13,General government,P51C,Consumption of fixed capital,EU27_2020,European Union - 27 countries (from 2020),2010,,323989.4,,,,,
dataflow,ESTAT:GOV_10A_MAIN(1.0),"Government revenue, expenditure and main aggregates",A,Annual,MIO_EUR,Million euro,S13,General government,P51C,Consumption of fixed capital,EU27_2020,European Union - 27 countries (from 2020),2011,,336741.2,,,,,
dataflow,ESTAT:GOV_10A_MAIN(1.0),"Government revenue, expenditure and main aggregates",A,Annual,MIO_EUR,Million euro,S13,General government,P51C,Consumption of fixed capital,EU27_2020,European Union - 27 countries (from 2020),2012,,345444.2,,,,,
dataflow,ESTAT:GOV_10A_MAIN(1.0),"Government revenue, expenditure and main aggregates",A,Annual,MIO_EUR,Million euro,S13,General government,P51C,Consumption of fixed capital,EU27_2020,European Union - 27 countries (from 2020),2013,,350148.3,,,,,
dataflow,ESTAT:GOV_10A_MAIN(1.0),"Government revenue, expenditure and main aggregates",A,Annual,MIO_EUR,Million euro,S13,General government,P51C,Consumption of fixed capital,EU27_2020,European Union - 27 countries (from 2020),2014,,353859.2,,,,,
dataflow,ESTAT:GOV_10A_MAIN(1.0),"Government revenue, expenditure and main aggregates",A,Annual,MIO_EUR,Million euro,S13,General government,P51C,Consumption of fixed capital,EU27_2020,European Union - 27 countries (from 2020),2015,,357063.1,,,,,
dataflow,ESTAT:GOV_10A_MAIN(1.0),"Government revenue, expenditure and main aggregates",A,Annual,MIO_EUR,Million euro,S13,General government,P51C,Consumption of fixed capital,EU27_2020,European Union - 27 countries (from 2020),2016,,361840.1,,,,,
dataflow,ESTAT:GOV_10A_MAIN(1.0),"Government revenue, expenditure and main aggregates",A,Annual,MIO_EUR,Million euro,S13,General government,P51C,Consumption of fixed capital,EU27_2020,European Union - 27 countries (from 2020),2017,,371583.4,,,,,
dataflow,ESTAT:GOV_10A_MAIN(1.0),"Government revenue, expenditure and main aggregates",A,Annual,MIO_EUR,Million euro,S13,General government,P51C,Consumption of fixed capital,EU27_2020,European Union - 27 countries (from 2020),2018,,383560.0,,,,,
dataflow,ESTAT:GOV_10A_MAIN(1.0),"Government revenue, expenditure and main aggregates",A,Annual,MIO_EUR,Million euro,S13,General government,P51C,Consumption of fixed capital,EU27_2020,European Union - 27 countries (from 2020),2019,,396982.8,,,,,
dataflow,ESTAT:GOV_10A_MAIN(1.0),"Government revenue, expenditure and main aggregates",A,Annual,MIO_EUR,Million euro,S13,General government,P51C,Consumption of fixed capital,EU27_2020,European Union - 27 countries (from 2020),2020,,404968.9,,,,,
dataflow,ESTAT:GOV_10A_MAIN(1.0),"Government revenue, expenditure and main aggregates",A,Annual,MIO_EUR,Million euro,S13,General government,P51C,Consumption of fixed capital,EU27_2020,European Union - 27 countries (from 2020),2021,,429201.9,,,,,
dataflow,ESTAT:GOV_10A_MAIN(1.0),"Government revenue, expenditure and main aggregates",A,Annual,MIO_EUR,Million euro,S13,General government,P51C,Consumption of fixed capital,EU27_2020,European Union - 27 countries (from 2020),2022,,473770.4,,,,,
dataflow,ESTAT:GOV_10A_MAIN(1.0),"Government revenue, expenditure and main aggregates",A,Annual,MIO_EUR,Million euro,S13,General government,P51C,Consumption of fixed capital,EU27_2020,European Union - 27 countries (from 2020),2023,,501817.8,,,,,
dataflow,ESTAT:GOV_10A_MAIN(1.0),"Government revenue, expenditure and main aggregates",A,Annual,MIO_EUR,Million euro,S13,General government,P51C,Consumption of fixed capital,EU27_2020,European Union - 27 countries (from 2020),2024,,522991.2,,,,,
dataflow,ESTAT:GOV_10A_MAIN(1.0),"Government revenue, expenditure and main aggregates",A,Annual,MIO_EUR,Million euro,S13,General government,P51C,Consumption of fixed capital,FI,Finland,1976,,553.0,,,,,
dataflow,ESTAT:GOV_10A_MAIN(1.0),"Government revenue, expenditure and main aggregates",A,Annual,MIO_EUR,Million euro,S13,General government,P51C,Consumption of fixed capital,FI,Finland,1977,,616.1,,,,,
dataflow,ESTAT:GOV_10A_MAIN(1.0),"Government revenue, expenditure and main aggregates",A,Annual,MIO_EUR,Million euro,S13,General government,P51C,Consumption of fixed capital,FI,Finland,1978,,606.1,,,,,
dataflow,ESTAT:GOV_10A_MAIN(1.0),"Government revenue, expenditure and main aggregates",A,Annual,MIO_EUR,Million euro,S13,General government,P51C,Consumption of fixed capital,FI,Finland,1979,,680.4,,,,,
dataflow,ESTAT:GOV_10A_MAIN(1.0),"Government revenue, expenditure and main aggregates",A,Annual,MIO_EUR,Million euro,S13,General government,P51C,Consumption of fixed capital,FI,Finland,1980,,846.1,,,,,
dataflow,ESTAT:GOV_10A_MAIN(1.0),"Government revenue, expenditure and main aggregates",A,Annual,MIO_EUR,Million euro,S13,General government,P51C,Consumption of fixed capital,FI,Finland,1981,,1056.9,,,,,
dataflow,ESTAT:GOV_10A_MAIN(1.0),"Government revenue, expenditure and main aggregates",A,Annual,MIO_EUR,Million euro,S13,General government,P51C,Consumption of fixed capital,FI,Finland,1982,,1221.4,,,,,
dataflow,ESTAT:GOV_10A_MAIN(1.0),"Government revenue, expenditure and main aggregates",A,Annual,MIO_EUR,Million euro,S13,General government,P51C,Consumption of fixed capital,FI,Finland,1983,,1335.0,,,,,
dataflow,ESTAT:GOV_10A_MAIN(1.0),"Government revenue, expenditure and main aggregates",A,Annual,MIO_EUR,Million euro,S13,General government,P51C,Consumption of fixed capital,FI,Finland,1984,,1587.1,,,,,
dataflow,ESTAT:GOV_10A_MAIN(1.0),"Government revenue, expenditure and main aggregates",A,Annual,MIO_EUR,Million euro,S13,General government,P51C,Consumption of fixed capital,FI,Finland,1985,,1789.7,,,,,
dataflow,ESTAT:GOV_10A_MAIN(1.0),"Government revenue, expenditure and main aggregates",A,Annual,MIO_EUR,Million euro,S13,General government,P51C,Consumption of fixed capital,FI,Finland,1986,,1861.4,,,,,
dataflow,ESTAT:GOV_10A_MAIN(1.0),"Government revenue, expenditure and main aggregates",A,Annual,MIO_EUR,Million euro,S13,General government,P51C,Consumption of fixed capital,FI,Finland,1987,,2062.4,,,,,
dataflow,ESTAT:GOV_10A_MAIN(1.0),"Government revenue, expenditure and main aggregates",A,Annual,MIO_EUR,Million euro,S13,General government,P51C,Consumption of fixed capital,FI,Finland,1988,,2385.0,,,,,
dataflow,ESTAT:GOV_10A_MAIN(1.0),"Government revenue, expenditure and main aggregates",A,Annual,MIO_EUR,Million euro,S13,General government,P51C,Consumption of fixed capital,FI,Finland,1989,,2809.8,,,,,
dataflow,ESTAT:GOV_10A_MAIN(1.0),"Government revenue, expenditure and main aggregates",A,Annual,MIO_EUR,Million euro,S13,General government,P51C,Consumption of fixed capital,FI,Finland,1990,,3181.7,,,,,
dataflow,ESTAT:GOV_10A_MAIN(1.0),"Government revenue, expenditure and main aggregates",A,Annual,MIO_EUR,Million euro,S13,General government,P51C,Consumption of fixed capital,FI,Finland,1991,,3266.4,,,,,
dataflow,ESTAT:GOV_10A_MAIN(1.0),"Government revenue, expenditure and main aggregates",A,Annual,MIO_EUR,Million euro,S13,General government,P51C,Consumption of fixed capital,FI,Finland,1992,,2857.7,,,,,
dataflow,ESTAT:GOV_10A_MAIN(1.0),"Government revenue, expenditure and main aggregates",A,Annual,MIO_EUR,Million euro,S13,General government,P51C,Consumption of fixed capital,FI,Finland,1993,,2542.1,,,,,
dataflow,ESTAT:GOV_10A_MAIN(1.0),"Government revenue, expenditure and main aggregates",A,Annual,MIO_EUR,Million euro,S13,General government,P51C,Consumption of fixed capital,FI,Finland,1994,,2908.1,,,,,
dataflow,ESTAT:GOV_10A_MAIN(1.0),"Government revenue, expenditure and main aggregates",A,Annual,MIO_EUR,Million euro,S13,General government,P51C,Consumption of fixed capital,FI,Finland,1995,,3340.2,,,,,
dataflow,ESTAT:GOV_10A_MAIN(1.0),"Government revenue, expenditure and main aggregates",A,Annual,MIO_EUR,Million euro,S13,General government,P51C,Consumption of fixed capital,FI,Finland,1996,,3399.2,,,,,
dataflow,ESTAT:GOV_10A_MAIN(1.0),"Government revenue, expenditure and main aggregates",A,Annual,MIO_EUR,Million euro,S13,General government,P51C,Consumption of fixed capital,FI,Finland,1997,,3570.1,,,,,
dataflow,ESTAT:GOV_10A_MAIN(1.0),"Government revenue, expenditure and main aggregates",A,Annual,MIO_EUR,Million euro,S13,General government,P51C,Consumption of fixed capital,FI,Finland,1998,,3726.0,,,,,
dataflow,ESTAT:GOV_10A_MAIN(1.0),"Government revenue, expenditure and main aggregates",A,Annual,MIO_EUR,Million euro,S13,General government,P51C,Consumption of fixed capital,FI,Finland,1999,,3854.0,,,,,
dataflow,ESTAT:GOV_10A_MAIN(1.0),"Government revenue, expenditure and main aggregates",A,Annual,MIO_EUR,Million euro,S13,General government,P51C,Consumption of fixed capital,FI,Finland,2000,,4139.0,,,,,
dataflow,ESTAT:GOV_10A_MAIN(1.0),"Government revenue, expenditure and main aggregates",A,Annual,MIO_EUR,Million euro,S13,General government,P51C,Consumption of fixed capital,FI,Finland,2001,,4326.0,,,,,
dataflow,ESTAT:GOV_10A_MAIN(1.0),"Government revenue, expenditure and main aggregates",A,Annual,MIO_EUR,Million euro,S13,General government,P51C,Consumption of fixed capital,FI,Finland,2002,,4430.0,,,,,
dataflow,ESTAT:GOV_10A_MAIN(1.0),"Government revenue, expenditure and main aggregates",A,Annual,MIO_EUR,Million euro,S13,General government,P51C,Consumption of fixed capital,FI,Finland,2003,,4538.0,,,,,
dataflow,ESTAT:GOV_10A_MAIN(1.0),"Government revenue, expenditure and main aggregates",A,Annual,MIO_EUR,Million euro,S13,General government,P51C,Consumption of fixed capital,FI,Finland,2004,,4705.0,,,,,
dataflow,ESTAT:GOV_10A_MAIN(1.0),"Government revenue, expenditure and main aggregates",A,Annual,MIO_EUR,Million euro,S13,General government,P51C,Consumption of fixed capital,FI,Finland,2005,,5001.0,,,,,
dataflow,ESTAT:GOV_10A_MAIN(1.0),"Government revenue, expenditure and main aggregates",A,Annual,MIO_EUR,Million euro,S13,General government,P51C,Consumption of fixed capital,FI,Finland,2006,,5259.0,,,,,
dataflow,ESTAT:GOV_10A_MAIN(1.0),"Government revenue, expenditure and main aggregates",A,Annual,MIO_EUR,Million euro,S13,General government,P51C,Consumption of fixed capital,FI,Finland,2007,,5567.0,,,,,
dataflow,ESTAT:GOV_10A_MAIN(1.0),"Government revenue, expenditure and main aggregates",A,Annual,MIO_EUR,Million euro,S13,General government,P51C,Consumption of fixed capital,FI,Finland,2008,,5956.0,,,,,
dataflow,ESTAT:GOV_10A_MAIN(1.0),"Government revenue, expenditure and main aggregates",A,Annual,MIO_EUR,Million euro,S13,General government,P51C,Consumption of fixed capital,FI,Finland,2009,,6053.0,,,,,
dataflow,ESTAT:GOV_10A_MAIN(1.0),"Government revenue, expenditure and main aggregates",A,Annual,MIO_EUR,Million euro,S13,General government,P51C,Consumption of fixed capital,FI,Finland,2010,,6150.0,,,,,
dataflow,ESTAT:GOV_10A_MAIN(1.0),"Government revenue, expenditure and main aggregates",A,Annual,MIO_EUR,Million euro,S13,General government,P51C,Consumption of fixed capital,FI,Finland,2011,,6600.0,,,,,
dataflow,ESTAT:GOV_10A_MAIN(1.0),"Government revenue, expenditure and main aggregates",A,Annual,MIO_EUR,Million euro,S13,General government,P51C,Consumption of fixed capital,FI,Finland,2012,,6936.0,,,,,
dataflow,ESTAT:GOV_10A_MAIN(1.0),"Government revenue, expenditure and main aggregates",A,Annual,MIO_EUR,Million euro,S13,General government,P51C,Consumption of fixed capital,FI,Finland,2013,,7256.0,,,,,
dataflow,ESTAT:GOV_10A_MAIN(1.0),"Government revenue, expenditure and main aggregates",A,Annual,MIO_EUR,Million euro,S13,General government,P51C,Consumption of fixed capital,FI,Finland,2014,,7433.0,,,,,
dataflow,ESTAT:GOV_10A_MAIN(1.0),"Government revenue, expenditure and main aggregates",A,Annual,MIO_EUR,Million euro,S13,General government,P51C,Consumption of fixed capital,FI,Finland,2015,,7488.0,,,,,
dataflow,ESTAT:GOV_10A_MAIN(1.0),"Government revenue, expenditure and main aggregates",A,Annual,MIO_EUR,Million euro,S13,General government,P51C,Consumption of fixed capital,FI,Finland,2016,,7557.0,,,,,
dataflow,ESTAT:GOV_10A_MAIN(1.0),"Government revenue, expenditure and main aggregates",A,Annual,MIO_EUR,Million euro,S13,General government,P51C,Consumption of fixed capital,FI,Finland,2017,,7743.0,,,,,
dataflow,ESTAT:GOV_10A_MAIN(1.0),"Government revenue, expenditure and main aggregates",A,Annual,MIO_EUR,Million euro,S13,General government,P51C,Consumption of fixed capital,FI,Finland,2018,,8042.0,,,,,
dataflow,ESTAT:GOV_10A_MAIN(1.0),"Government revenue, expenditure and main aggregates",A,Annual,MIO_EUR,Million euro,S13,General government,P51C,Consumption of fixed capital,FI,Finland,2019,,8481.0,,,,,
dataflow,ESTAT:GOV_10A_MAIN(1.0),"Government revenue, expenditure and main aggregates",A,Annual,MIO_EUR,Million euro,S13,General government,P51C,Consumption of fixed capital,FI,Finland,2020,,8668.0,,,,,
dataflow,ESTAT:GOV_10A_MAIN(1.0),"Government revenue, expenditure and main aggregates",A,Annual,MIO_EUR,Million euro,S13,General government,P51C,Consumption of fixed capital,FI,Finland,2021,,9049.0,,,,,
dataflow,ESTAT:GOV_10A_MAIN(1.0),"Government revenue, expenditure and main aggregates",A,Annual,MIO_EUR,Million euro,S13,General government,P51C,Consumption of fixed capital,FI,Finland,2022,,9676.0,,,,,
dataflow,ESTAT:GOV_10A_MAIN(1.0),"Government revenue, expenditure and main aggregates",A,Annual,MIO_EUR,Million euro,S13,General government,P51C,Consumption of fixed capital,FI,Finland,2023,,10222.0,,,,,
dataflow,ESTAT:GOV_10A_MAIN(1.0),"Government revenue, expenditure and main aggregates",A,Annual,MIO_EUR,Million euro,S13,General government,P51C,Consumption of fixed capital,FI,Finland,2024,,10394.0,,,,,
dataflow,ESTAT:GOV_10A_MAIN(1.0),"Government revenue, expenditure and main aggregates",A,Annual,MIO_EUR,Million euro,S13,General government,P51C,Consumption of fixed capital,FR,France,1995,,44897.6,,,,,
dataflow,ESTAT:GOV_10A_MAIN(1.0),"Government revenue, expenditure and main aggregates",A,Annual,MIO_EUR,Million euro,S13,General government,P51C,Consumption of fixed capital,FR,France,1996,,46419.2,,,,,
dataflow,ESTAT:GOV_10A_MAIN(1.0),"Government revenue, expenditure and main aggregates",A,Annual,MIO_EUR,Million euro,S13,General government,P51C,Consumption of fixed capital,FR,France,1997,,46784.3,,,,,
dataflow,ESTAT:GOV_10A_MAIN(1.0),"Government revenue, expenditure and main aggregates",A,Annual,MIO_EUR,Million euro,S13,General government,P51C,Consumption of fixed capital,FR,France,1998,,47695.0,,,,,
dataflow,ESTAT:GOV_10A_MAIN(1.0),"Government revenue, expenditure and main aggregates",A,Annual,MIO_EUR,Million euro,S13,General government,P51C,Consumption of fixed capital,FR,France,1999,,49244.3,,,,,
dataflow,ESTAT:GOV_10A_MAIN(1.0),"Government revenue, expenditure and main aggregates",A,Annual,MIO_EUR,Million euro,S13,General government,P51C,Consumption of fixed capital,FR,France,2000,,50377.7,,,,,
dataflow,ESTAT:GOV_10A_MAIN(1.0),"Government revenue, expenditure and main aggregates",A,Annual,MIO_EUR,Million euro,S13,General government,P51C,Consumption of fixed capital,FR,France,2001,,52100.7,,,,,
dataflow,ESTAT:GOV_10A_MAIN(1.0),"Government revenue, expenditure and main aggregates",A,Annual,MIO_EUR,Million euro,S13,General government,P51C,Consumption of fixed capital,FR,France,2002,,53462.7,,,,,
dataflow,ESTAT:GOV_10A_MAIN(1.0),"Government revenue, expenditure and main aggregates",A,Annual,MIO_EUR,Million euro,S13,General government,P51C,Consumption of fixed capital,FR,France,2003,,55543.4,,,,,
dataflow,ESTAT:GOV_10A_MAIN(1.0),"Government revenue, expenditure and main aggregates",A,Annual,MIO_EUR,Million euro,S13,General government,P51C,Consumption of fixed capital,FR,France,2004,,57887.5,,,,,
dataflow,ESTAT:GOV_10A_MAIN(1.0),"Government revenue, expenditure and main aggregates",A,Annual,MIO_EUR,Million euro,S13,General government,P51C,Consumption of fixed capital,FR,France,2005,,60759.6,,,,,
dataflow,ESTAT:GOV_10A_MAIN(1.0),"Government revenue, expenditure and main aggregates",A,Annual,MIO_EUR,Million euro,S13,General government,P51C,Consumption of fixed capital,FR,France,2006,,63745.2,,,,,
dataflow,ESTAT:GOV_10A_MAIN(1.0),"Government revenue, expenditure and main aggregates",A,Annual,MIO_EUR,Million euro,S13,General government,P51C,Consumption of fixed capital,FR,France,2007,,66820.8,,,,,
dataflow,ESTAT:GOV_10A_MAIN(1.0),"Government revenue, expenditure and main aggregates",A,Annual,MIO_EUR,Million euro,S13,General government,P51C,Consumption of fixed capital,FR,France,2008,,70240.4,,,,,
dataflow,ESTAT:GOV_10A_MAIN(1.0),"Government revenue, expenditure and main aggregates",A,Annual,MIO_EUR,Million euro,S13,General government,P51C,Consumption of fixed capital,FR,France,2009,,72106.0,,,,,
dataflow,ESTAT:GOV_10A_MAIN(1.0),"Government revenue, expenditure and main aggregates",A,Annual,MIO_EUR,Million euro,S13,General government,P51C,Consumption of fixed capital,FR,France,2010,,75126.3,,,,,
dataflow,ESTAT:GOV_10A_MAIN(1.0),"Government revenue, expenditure and main aggregates",A,Annual,MIO_EUR,Million euro,S13,General government,P51C,Consumption of fixed capital,FR,France,2011,,78522.7,,,,,
dataflow,ESTAT:GOV_10A_MAIN(1.0),"Government revenue, expenditure and main aggregates",A,Annual,MIO_EUR,Million euro,S13,General government,P51C,Consumption of fixed capital,FR,France,2012,,81023.8,,,,,
dataflow,ESTAT:GOV_10A_MAIN(1.0),"Government revenue, expenditure and main aggregates",A,Annual,MIO_EUR,Million euro,S13,General government,P51C,Consumption of fixed capital,FR,France,2013,,82530.0,,,,,
dataflow,ESTAT:GOV_10A_MAIN(1.0),"Government revenue, expenditure and main aggregates",A,Annual,MIO_EUR,Million euro,S13,General government,P51C,Consumption of fixed capital,FR,France,2014,,83233.1,,,,,
dataflow,ESTAT:GOV_10A_MAIN(1.0),"Government revenue, expenditure and main aggregates",A,Annual,MIO_EUR,Million euro,S13,General government,P51C,Consumption of fixed capital,FR,France,2015,,82876.5,,,,,
dataflow,ESTAT:GOV_10A_MAIN(1.0),"Government revenue, expenditure and main aggregates",A,Annual,MIO_EUR,Million euro,S13,General government,P51C,Consumption of fixed capital,FR,France,2016,,83708.7,,,,,
dataflow,ESTAT:GOV_10A_MAIN(1.0),"Government revenue, expenditure and main aggregates",A,Annual,MIO_EUR,Million euro,S13,General government,P51C,Consumption of fixed capital,FR,France,2017,,85782.0,,,,,
dataflow,ESTAT:GOV_10A_MAIN(1.0),"Government revenue, expenditure and main aggregates",A,Annual,MIO_EUR,Million euro,S13,General government,P51C,Consumption of fixed capital,FR,France,2018,,87998.1,,,,,
dataflow,ESTAT:GOV_10A_MAIN(1.0),"Government revenue, expenditure and main aggregates",A,Annual,MIO_EUR,Million euro,S13,General government,P51C,Consumption of fixed capital,FR,France,2019,,90425.0,,,,,
dataflow,ESTAT:GOV_10A_MAIN(1.0),"Government revenue, expenditure and main aggregates",A,Annual,MIO_EUR,Million euro,S13,General government,P51C,Consumption of fixed capital,FR,France,2020,,91815.0,,,,,
dataflow,ESTAT:GOV_10A_MAIN(1.0),"Government revenue, expenditure and main aggregates",A,Annual,MIO_EUR,Million euro,S13,General government,P51C,Consumption of fixed capital,FR,France,2021,,95520.0,,,,,
dataflow,ESTAT:GOV_10A_MAIN(1.0),"Government revenue, expenditure and main aggregates",A,Annual,MIO_EUR,Million euro,S13,General government,P51C,Consumption of fixed capital,FR,France,2022,,103762.1,,,,,
dataflow,ESTAT:GOV_10A_MAIN(1.0),"Government revenue, expenditure and main aggregates",A,Annual,MIO_EUR,Million euro,S13,General government,P51C,Consumption of fixed capital,FR,France,2023,,107907.0,,,,,
dataflow,ESTAT:GOV_10A_MAIN(1.0),"Government revenue, expenditure and main aggregates",A,Annual,MIO_EUR,Million euro,S13,General government,P51C,Consumption of fixed capital,FR,France,2024,,110246.1,,,,,
dataflow,ESTAT:GOV_10A_MAIN(1.0),"Government revenue, expenditure and main aggregates",A,Annual,MIO_EUR,Million euro,S13,General government,P51C,Consumption of fixed capital,HR,Croatia,1995,,620.9,,,,,
dataflow,ESTAT:GOV_10A_MAIN(1.0),"Government revenue, expenditure and main aggregates",A,Annual,MIO_EUR,Million euro,S13,General government,P51C,Consumption of fixed capital,HR,Croatia,1996,,645.7,,,,,
dataflow,ESTAT:GOV_10A_MAIN(1.0),"Government revenue, expenditure and main aggregates",A,Annual,MIO_EUR,Million euro,S13,General government,P51C,Consumption of fixed capital,HR,Croatia,1997,,654.1,,,,,
dataflow,ESTAT:GOV_10A_MAIN(1.0),"Government revenue, expenditure and main aggregates",A,Annual,MIO_EUR,Million euro,S13,General government,P51C,Consumption of fixed capital,HR,Croatia,1998,,660.8,,,,,
dataflow,ESTAT:GOV_10A_MAIN(1.0),"Government revenue, expenditure and main aggregates",A,Annual,MIO_EUR,Million euro,S13,General government,P51C,Consumption of fixed capital,HR,Croatia,1999,,647.7,,,,,
dataflow,ESTAT:GOV_10A_MAIN(1.0),"Government revenue, expenditure and main aggregates",A,Annual,MIO_EUR,Million euro,S13,General government,P51C,Consumption of fixed capital,HR,Croatia,2000,,672.2,,,,,
dataflow,ESTAT:GOV_10A_MAIN(1.0),"Government revenue, expenditure and main aggregates",A,Annual,MIO_EUR,Million euro,S13,General government,P51C,Consumption of fixed capital,HR,Croatia,2001,,722.7,,,,,
dataflow,ESTAT:GOV_10A_MAIN(1.0),"Government revenue, expenditure and main aggregates",A,Annual,MIO_EUR,Million euro,S13,General government,P51C,Consumption of fixed capital,HR,Croatia,2002,,773.6,,,,,
dataflow,ESTAT:GOV_10A_MAIN(1.0),"Government revenue, expenditure and main aggregates",A,Annual,MIO_EUR,Million euro,S13,General government,P51C,Consumption of fixed capital,HR,Croatia,2003,,820.2,,,,,
dataflow,ESTAT:GOV_10A_MAIN(1.0),"Government revenue, expenditure and main aggregates",A,Annual,MIO_EUR,Million euro,S13,General government,P51C,Consumption of fixed capital,HR,Croatia,2004,,909.3,,,,,
dataflow,ESTAT:GOV_10A_MAIN(1.0),"Government revenue, expenditure and main aggregates",A,Annual,MIO_EUR,Million euro,S13,General government,P51C,Consumption of fixed capital,HR,Croatia,2005,,999.0,,,,,
dataflow,ESTAT:GOV_10A_MAIN(1.0),"Government revenue, expenditure and main aggregates",A,Annual,MIO_EUR,Million euro,S13,General government,P51C,Consumption of fixed capital,HR,Croatia,2006,,1085.1,,,,,
dataflow,ESTAT:GOV_10A_MAIN(1.0),"Government revenue, expenditure and main aggregates",A,Annual,MIO_EUR,Million euro,S13,General government,P51C,Consumption of fixed capital,HR,Croatia,2007,,1194.3,,,,,
dataflow,ESTAT:GOV_10A_MAIN(1.0),"Government revenue, expenditure and main aggregates",A,Annual,MIO_EUR,Million euro,S13,General government,P51C,Consumption of fixed capital,HR,Croatia,2008,,1366.3,,,,,
dataflow,ESTAT:GOV_10A_MAIN(1.0),"Government revenue, expenditure and main aggregates",A,Annual,MIO_EUR,Million euro,S13,General government,P51C,Consumption of fixed capital,HR,Croatia,2009,,1495.9,,,,,
dataflow,ESTAT:GOV_10A_MAIN(1.0),"Government revenue, expenditure and main aggregates",A,Annual,MIO_EUR,Million euro,S13,General government,P51C,Consumption of fixed capital,HR,Croatia,2010,,1607.6,,,,,
dataflow,ESTAT:GOV_10A_MAIN(1.0),"Government revenue, expenditure and main aggregates",A,Annual,MIO_EUR,Million euro,S13,General government,P51C,Consumption of fixed capital,HR,Croatia,2011,,1622.0,,,,,
dataflow,ESTAT:GOV_10A_MAIN(1.0),"Government revenue, expenditure and main aggregates",A,Annual,MIO_EUR,Million euro,S13,General government,P51C,Consumption of fixed capital,HR,Croatia,2012,,1634.0,,,,,
dataflow,ESTAT:GOV_10A_MAIN(1.0),"Government revenue, expenditure and main aggregates",A,Annual,MIO_EUR,Million euro,S13,General government,P51C,Consumption of fixed capital,HR,Croatia,2013,,1647.8,,,,,
dataflow,ESTAT:GOV_10A_MAIN(1.0),"Government revenue, expenditure and main aggregates",A,Annual,MIO_EUR,Million euro,S13,General government,P51C,Consumption of fixed capital,HR,Croatia,2014,,1646.2,,,,,
dataflow,ESTAT:GOV_10A_MAIN(1.0),"Government revenue, expenditure and main aggregates",A,Annual,MIO_EUR,Million euro,S13,General government,P51C,Consumption of fixed capital,HR,Croatia,2015,,1654.4,,,,,
dataflow,ESTAT:GOV_10A_MAIN(1.0),"Government revenue, expenditure and main aggregates",A,Annual,MIO_EUR,Million euro,S13,General government,P51C,Consumption of fixed capital,HR,Croatia,2016,,1691.0,,,,,
dataflow,ESTAT:GOV_10A_MAIN(1.0),"Government revenue, expenditure and main aggregates",A,Annual,MIO_EUR,Million euro,S13,General government,P51C,Consumption of fixed capital,HR,Croatia,2017,,1725.6,,,,,
dataflow,ESTAT:GOV_10A_MAIN(1.0),"Government revenue, expenditure and main aggregates",A,Annual,MIO_EUR,Million euro,S13,General government,P51C,Consumption of fixed capital,HR,Croatia,2018,,1769.1,,,,,
dataflow,ESTAT:GOV_10A_MAIN(1.0),"Government revenue, expenditure and main aggregates",A,Annual,MIO_EUR,Million euro,S13,General government,P51C,Consumption of fixed capital,HR,Croatia,2019,,1853.0,,,,,
dataflow,ESTAT:GOV_10A_MAIN(1.0),"Government revenue, expenditure and main aggregates",A,Annual,MIO_EUR,Million euro,S13,General government,P51C,Consumption of fixed capital,HR,Croatia,2020,,1939.3,,,,,
dataflow,ESTAT:GOV_10A_MAIN(1.0),"Government revenue, expenditure and main aggregates",A,Annual,MIO_EUR,Million euro,S13,General government,P51C,Consumption of fixed capital,HR,Croatia,2021,,2072.0,,,,,
dataflow,ESTAT:GOV_10A_MAIN(1.0),"Government revenue, expenditure and main aggregates",A,Annual,MIO_EUR,Million euro,S13,General government,P51C,Consumption of fixed capital,HR,Croatia,2022,,2228.5,,,,,
dataflow,ESTAT:GOV_10A_MAIN(1.0),"Government revenue, expenditure and main aggregates",A,Annual,MIO_EUR,Million euro,S13,General government,P51C,Consumption of fixed capital,HR,Croatia,2023,,2487.1,,,,,
dataflow,ESTAT:GOV_10A_MAIN(1.0),"Government revenue, expenditure and main aggregates",A,Annual,MIO_EUR,Million euro,S13,General government,P51C,Consumption of fixed capital,HR,Croatia,2024,,2822.1,,,,,
dataflow,ESTAT:GOV_10A_MAIN(1.0),"Government revenue, expenditure and main aggregates",A,Annual,MIO_EUR,Million euro,S13,General government,P51C,Consumption of fixed capital,HU,Hungary,1995,,1704.8,,,,,
dataflow,ESTAT:GOV_10A_MAIN(1.0),"Government revenue, expenditure and main aggregates",A,Annual,MIO_EUR,Million euro,S13,General government,P51C,Consumption of fixed capital,HU,Hungary,1996,,1769.8,,,,,
dataflow,ESTAT:GOV_10A_MAIN(1.0),"Government revenue, expenditure and main aggregates",A,Annual,MIO_EUR,Million euro,S13,General government,P51C,Consumption of fixed capital,HU,Hungary,1997,,1885.2,,,,,
dataflow,ESTAT:GOV_10A_MAIN(1.0),"Government revenue, expenditure and main aggregates",A,Annual,MIO_EUR,Million euro,S13,General government,P51C,Consumption of fixed capital,HU,Hungary,1998,,1854.7,,,,,
dataflow,ESTAT:GOV_10A_MAIN(1.0),"Government revenue, expenditure and main aggregates",A,Annual,MIO_EUR,Million euro,S13,General government,P51C,Consumption of fixed capital,HU,Hungary,1999,,2020.1,,,,,
dataflow,ESTAT:GOV_10A_MAIN(1.0),"Government revenue, expenditure and main aggregates",A,Annual,MIO_EUR,Million euro,S13,General government,P51C,Consumption of fixed capital,HU,Hungary,2000,,2209.5,,,,,
dataflow,ESTAT:GOV_10A_MAIN(1.0),"Government revenue, expenditure and main aggregates",A,Annual,MIO_EUR,Million euro,S13,General government,P51C,Consumption of fixed capital,HU,Hungary,2001,,2401.2,,,,,
dataflow,ESTAT:GOV_10A_MAIN(1.0),"Government revenue, expenditure and main aggregates",A,Annual,MIO_EUR,Million euro,S13,General government,P51C,Consumption of fixed capital,HU,Hungary,2002,,2626.7,,,,,
dataflow,ESTAT:GOV_10A_MAIN(1.0),"Government revenue, expenditure and main aggregates",A,Annual,MIO_EUR,Million euro,S13,General government,P51C,Consumption of fixed capital,HU,Hungary,2003,,2711.2,,,,,
dataflow,ESTAT:GOV_10A_MAIN(1.0),"Government revenue, expenditure and main aggregates",A,Annual,MIO_EUR,Million euro,S13,General government,P51C,Consumption of fixed capital,HU,Hungary,2004,,2862.5,,,,,
dataflow,ESTAT:GOV_10A_MAIN(1.0),"Government revenue, expenditure and main aggregates",A,Annual,MIO_EUR,Million euro,S13,General government,P51C,Consumption of fixed capital,HU,Hungary,2005,,3020.5,,,,,
dataflow,ESTAT:GOV_10A_MAIN(1.0),"Government revenue, expenditure and main aggregates",A,Annual,MIO_EUR,Million euro,S13,General government,P51C,Consumption of fixed capital,HU,Hungary,2006,,3076.9,,,,,
dataflow,ESTAT:GOV_10A_MAIN(1.0),"Government revenue, expenditure and main aggregates",A,Annual,MIO_EUR,Million euro,S13,General government,P51C,Consumption of fixed capital,HU,Hungary,2007,,3512.5,,,,,
dataflow,ESTAT:GOV_10A_MAIN(1.0),"Government revenue, expenditure and main aggregates",A,Annual,MIO_EUR,Million euro,S13,General government,P51C,Consumption of fixed capital,HU,Hungary,2008,,3754.4,,,,,
dataflow,ESTAT:GOV_10A_MAIN(1.0),"Government revenue, expenditure and main aggregates",A,Annual,MIO_EUR,Million euro,S13,General government,P51C,Consumption of fixed capital,HU,Hungary,2009,,3486.6,,,,,
dataflow,ESTAT:GOV_10A_MAIN(1.0),"Government revenue, expenditure and main aggregates",A,Annual,MIO_EUR,Million euro,S13,General government,P51C,Consumption of fixed capital,HU,Hungary,2010,,3681.8,,,,,
dataflow,ESTAT:GOV_10A_MAIN(1.0),"Government revenue, expenditure and main aggregates",A,Annual,MIO_EUR,Million euro,S13,General government,P51C,Consumption of fixed capital,HU,Hungary,2011,,3722.3,,,,,
dataflow,ESTAT:GOV_10A_MAIN(1.0),"Government revenue, expenditure and main aggregates",A,Annual,MIO_EUR,Million euro,S13,General government,P51C,Consumption of fixed capital,HU,Hungary,2012,,3650.1,,,,,
dataflow,ESTAT:GOV_10A_MAIN(1.0),"Government revenue, expenditure and main aggregates",A,Annual,MIO_EUR,Million euro,S13,General government,P51C,Consumption of fixed capital,HU,Hungary,2013,,3622.5,,,,,
dataflow,ESTAT:GOV_10A_MAIN(1.0),"Government revenue, expenditure and main aggregates",A,Annual,MIO_EUR,Million euro,S13,General government,P51C,Consumption of fixed capital,HU,Hungary,2014,,3655.2,,,,,
dataflow,ESTAT:GOV_10A_MAIN(1.0),"Government revenue, expenditure and main aggregates",A,Annual,MIO_EUR,Million euro,S13,General government,P51C,Consumption of fixed capital,HU,Hungary,2015,,3858.0,,,,,
dataflow,ESTAT:GOV_10A_MAIN(1.0),"Government revenue, expenditure and main aggregates",A,Annual,MIO_EUR,Million euro,S13,General government,P51C,Consumption of fixed capital,HU,Hungary,2016,,4081.7,,,,,
dataflow,ESTAT:GOV_10A_MAIN(1.0),"Government revenue, expenditure and main aggregates",A,Annual,MIO_EUR,Million euro,S13,General government,P51C,Consumption of fixed capital,HU,Hungary,2017,,4400.8,,,,,
dataflow,ESTAT:GOV_10A_MAIN(1.0),"Government revenue, expenditure and main aggregates",A,Annual,MIO_EUR,Million euro,S13,General government,P51C,Consumption of fixed capital,HU,Hungary,2018,,4722.6,,,,,
dataflow,ESTAT:GOV_10A_MAIN(1.0),"Government revenue, expenditure and main aggregates",A,Annual,MIO_EUR,Million euro,S13,General government,P51C,Consumption of fixed capital,HU,Hungary,2019,,5405.9,,,,,
dataflow,ESTAT:GOV_10A_MAIN(1.0),"Government revenue, expenditure and main aggregates",A,Annual,MIO_EUR,Million euro,S13,General government,P51C,Consumption of fixed capital,HU,Hungary,2020,,5648.4,,,,,
dataflow,ESTAT:GOV_10A_MAIN(1.0),"Government revenue, expenditure and main aggregates",A,Annual,MIO_EUR,Million euro,S13,General government,P51C,Consumption of fixed capital,HU,Hungary,2021,,6295.8,,,,,
dataflow,ESTAT:GOV_10A_MAIN(1.0),"Government revenue, expenditure and main aggregates",A,Annual,MIO_EUR,Million euro,S13,General government,P51C,Consumption of fixed capital,HU,Hungary,2022,,7256.5,,,,,
dataflow,ESTAT:GOV_10A_MAIN(1.0),"Government revenue, expenditure and main aggregates",A,Annual,MIO_EUR,Million euro,S13,General government,P51C,Consumption of fixed capital,HU,Hungary,2023,,8394.1,,,,,
dataflow,ESTAT:GOV_10A_MAIN(1.0),"Government revenue, expenditure and main aggregates",A,Annual,MIO_EUR,Million euro,S13,General government,P51C,Consumption of fixed capital,HU,Hungary,2024,,8992.0,,,,,
dataflow,ESTAT:GOV_10A_MAIN(1.0),"Government revenue, expenditure and main aggregates",A,Annual,MIO_EUR,Million euro,S13,General government,P51C,Consumption of fixed capital,IE,Ireland,1995,,971.7,,,,,
dataflow,ESTAT:GOV_10A_MAIN(1.0),"Government revenue, expenditure and main aggregates",A,Annual,MIO_EUR,Million euro,S13,General government,P51C,Consumption of fixed capital,IE,Ireland,1996,,1074.0,,,,,
dataflow,ESTAT:GOV_10A_MAIN(1.0),"Government revenue, expenditure and main aggregates",A,Annual,MIO_EUR,Million euro,S13,General government,P51C,Consumption of fixed capital,IE,Ireland,1997,,1261.1,,,,,
dataflow,ESTAT:GOV_10A_MAIN(1.0),"Government revenue, expenditure and main aggregates",A,Annual,MIO_EUR,Million euro,S13,General government,P51C,Consumption of fixed capital,IE,Ireland,1998,,1357.5,,,,,
dataflow,ESTAT:GOV_10A_MAIN(1.0),"Government revenue, expenditure and main aggregates",A,Annual,MIO_EUR,Million euro,S13,General government,P51C,Consumption of fixed capital,IE,Ireland,1999,,1559.5,,,,,
dataflow,ESTAT:GOV_10A_MAIN(1.0),"Government revenue, expenditure and main aggregates",A,Annual,MIO_EUR,Million euro,S13,General government,P51C,Consumption of fixed capital,IE,Ireland,2000,,1844.3,,,,,
dataflow,ESTAT:GOV_10A_MAIN(1.0),"Government revenue, expenditure and main aggregates",A,Annual,MIO_EUR,Million euro,S13,General government,P51C,Consumption of fixed capital,IE,Ireland,2001,,2117.0,,,,,
dataflow,ESTAT:GOV_10A_MAIN(1.0),"Government revenue, expenditure and main aggregates",A,Annual,MIO_EUR,Million euro,S13,General government,P51C,Consumption of fixed capital,IE,Ireland,2002,,2338.9,,,,,
dataflow,ESTAT:GOV_10A_MAIN(1.0),"Government revenue, expenditure and main aggregates",A,Annual,MIO_EUR,Million euro,S13,General government,P51C,Consumption of fixed capital,IE,Ireland,2003,,2546.7,,,,,
dataflow,ESTAT:GOV_10A_MAIN(1.0),"Government revenue, expenditure and main aggregates",A,Annual,MIO_EUR,Million euro,S13,General government,P51C,Consumption of fixed capital,IE,Ireland,2004,,2787.9,,,,,
dataflow,ESTAT:GOV_10A_MAIN(1.0),"Government revenue, expenditure and main aggregates",A,Annual,MIO_EUR,Million euro,S13,General government,P51C,Consumption of fixed capital,IE,Ireland,2005,,3007.7,,,,,
dataflow,ESTAT:GOV_10A_MAIN(1.0),"Government revenue, expenditure and main aggregates",A,Annual,MIO_EUR,Million euro,S13,General government,P51C,Consumption of fixed capital,IE,Ireland,2006,,3261.0,,,,,
dataflow,ESTAT:GOV_10A_MAIN(1.0),"Government revenue, expenditure and main aggregates",A,Annual,MIO_EUR,Million euro,S13,General government,P51C,Consumption of fixed capital,IE,Ireland,2007,,3433.2,,,,,
dataflow,ESTAT:GOV_10A_MAIN(1.0),"Government revenue, expenditure and main aggregates",A,Annual,MIO_EUR,Million euro,S13,General government,P51C,Consumption of fixed capital,IE,Ireland,2008,,3374.2,,,,,
dataflow,ESTAT:GOV_10A_MAIN(1.0),"Government revenue, expenditure and main aggregates",A,Annual,MIO_EUR,Million euro,S13,General government,P51C,Consumption of fixed capital,IE,Ireland,2009,,3238.0,,,,,
dataflow,ESTAT:GOV_10A_MAIN(1.0),"Government revenue, expenditure and main aggregates",A,Annual,MIO_EUR,Million euro,S13,General government,P51C,Consumption of fixed capital,IE,Ireland,2010,,3112.9,,,,,
dataflow,ESTAT:GOV_10A_MAIN(1.0),"Government revenue, expenditure and main aggregates",A,Annual,MIO_EUR,Million euro,S13,General government,P51C,Consumption of fixed capital,IE,Ireland,2011,,3153.7,,,,,
dataflow,ESTAT:GOV_10A_MAIN(1.0),"Government revenue, expenditure and main aggregates",A,Annual,MIO_EUR,Million euro,S13,General government,P51C,Consumption of fixed capital,IE,Ireland,2012,,3208.2,,,,,
dataflow,ESTAT:GOV_10A_MAIN(1.0),"Government revenue, expenditure and main aggregates",A,Annual,MIO_EUR,Million euro,S13,General government,P51C,Consumption of fixed capital,IE,Ireland,2013,,3264.5,,,,,
dataflow,ESTAT:GOV_10A_MAIN(1.0),"Government revenue, expenditure and main aggregates",A,Annual,MIO_EUR,Million euro,S13,General government,P51C,Consumption of fixed capital,IE,Ireland,2014,,3428.2,,,,,
dataflow,ESTAT:GOV_10A_MAIN(1.0),"Government revenue, expenditure and main aggregates",A,Annual,MIO_EUR,Million euro,S13,General government,P51C,Consumption of fixed capital,IE,Ireland,2015,,3662.0,,,,,
dataflow,ESTAT:GOV_10A_MAIN(1.0),"Government revenue, expenditure and main aggregates",A,Annual,MIO_EUR,Million euro,S13,General government,P51C,Consumption of fixed capital,IE,Ireland,2016,,3918.8,,,,,
dataflow,ESTAT:GOV_10A_MAIN(1.0),"Government revenue, expenditure and main aggregates",A,Annual,MIO_EUR,Million euro,S13,General government,P51C,Consumption of fixed capital,IE,Ireland,2017,,4160.5,,,,,
dataflow,ESTAT:GOV_10A_MAIN(1.0),"Government revenue, expenditure and main aggregates",A,Annual,MIO_EUR,Million euro,S13,General government,P51C,Consumption of fixed capital,IE,Ireland,2018,,4466.2,,,,,
dataflow,ESTAT:GOV_10A_MAIN(1.0),"Government revenue, expenditure and main aggregates",A,Annual,MIO_EUR,Million euro,S13,General government,P51C,Consumption of fixed capital,IE,Ireland,2019,,4789.0,,,,,
dataflow,ESTAT:GOV_10A_MAIN(1.0),"Government revenue, expenditure and main aggregates",A,Annual,MIO_EUR,Million euro,S13,General government,P51C,Consumption of fixed capital,IE,Ireland,2020,,5097.2,,,,,
dataflow,ESTAT:GOV_10A_MAIN(1.0),"Government revenue, expenditure and main aggregates",A,Annual,MIO_EUR,Million euro,S13,General government,P51C,Consumption of fixed capital,IE,Ireland,2021,,5765.9,,,,,
dataflow,ESTAT:GOV_10A_MAIN(1.0),"Government revenue, expenditure and main aggregates",A,Annual,MIO_EUR,Million euro,S13,General government,P51C,Consumption of fixed capital,IE,Ireland,2022,,6683.7,,,,,
dataflow,ESTAT:GOV_10A_MAIN(1.0),"Government revenue, expenditure and main aggregates",A,Annual,MIO_EUR,Million euro,S13,General government,P51C,Consumption of fixed capital,IE,Ireland,2023,,7247.9,,,,,
dataflow,ESTAT:GOV_10A_MAIN(1.0),"Government revenue, expenditure and main aggregates",A,Annual,MIO_EUR,Million euro,S13,General government,P51C,Consumption of fixed capital,IE,Ireland,2024,,7760.5,,,,,
dataflow,ESTAT:GOV_10A_MAIN(1.0),"Government revenue, expenditure and main aggregates",A,Annual,MIO_EUR,Million euro,S13,General government,P51C,Consumption of fixed capital,IS,Iceland,1998,,279.7,,,,,
dataflow,ESTAT:GOV_10A_MAIN(1.0),"Government revenue, expenditure and main aggregates",A,Annual,MIO_EUR,Million euro,S13,General government,P51C,Consumption of fixed capital,IS,Iceland,1999,,297.7,,,,,
dataflow,ESTAT:GOV_10A_MAIN(1.0),"Government revenue, expenditure and main aggregates",A,Annual,MIO_EUR,Million euro,S13,General government,P51C,Consumption of fixed capital,IS,Iceland,2000,,332.9,,,,,
dataflow,ESTAT:GOV_10A_MAIN(1.0),"Government revenue, expenditure and main aggregates",A,Annual,MIO_EUR,Million euro,S13,General government,P51C,Consumption of fixed capital,IS,Iceland,2001,,307.8,,,,,
dataflow,ESTAT:GOV_10A_MAIN(1.0),"Government revenue, expenditure and main aggregates",A,Annual,MIO_EUR,Million euro,S13,General government,P51C,Consumption of fixed capital,IS,Iceland,2002,,347.7,,,,,
dataflow,ESTAT:GOV_10A_MAIN(1.0),"Government revenue, expenditure and main aggregates",A,Annual,MIO_EUR,Million euro,S13,General government,P51C,Consumption of fixed capital,IS,Iceland,2003,,353.3,,,,,
dataflow,ESTAT:GOV_10A_MAIN(1.0),"Government revenue, expenditure and main aggregates",A,Annual,MIO_EUR,Million euro,S13,General government,P51C,Consumption of fixed capital,IS,Iceland,2004,,362.6,,,,,
dataflow,ESTAT:GOV_10A_MAIN(1.0),"Government revenue, expenditure and main aggregates",A,Annual,MIO_EUR,Million euro,S13,General government,P51C,Consumption of fixed capital,IS,Iceland,2005,,424.2,,,,,
dataflow,ESTAT:GOV_10A_MAIN(1.0),"Government revenue, expenditure and main aggregates",A,Annual,MIO_EUR,Million euro,S13,General government,P51C,Consumption of fixed capital,IS,Iceland,2006,,413.9,,,,,
dataflow,ESTAT:GOV_10A_MAIN(1.0),"Government revenue, expenditure and main aggregates",A,Annual,MIO_EUR,Million euro,S13,General government,P51C,Consumption of fixed capital,IS,Iceland,2007,,461.8,,,,,
dataflow,ESTAT:GOV_10A_MAIN(1.0),"Government revenue, expenditure and main aggregates",A,Annual,MIO_EUR,Million euro,S13,General government,P51C,Consumption of fixed capital,IS,Iceland,2008,,342.5,,,,,
dataflow,ESTAT:GOV_10A_MAIN(1.0),"Government revenue, expenditure and main aggregates",A,Annual,MIO_EUR,Million euro,S13,General government,P51C,Consumption of fixed capital,IS,Iceland,2009,,337.2,,,,,
dataflow,ESTAT:GOV_10A_MAIN(1.0),"Government revenue, expenditure and main aggregates",A,Annual,MIO_EUR,Million euro,S13,General government,P51C,Consumption of fixed capital,IS,Iceland,2010,,379.4,,,,,
dataflow,ESTAT:GOV_10A_MAIN(1.0),"Government revenue, expenditure and main aggregates",A,Annual,MIO_EUR,Million euro,S13,General government,P51C,Consumption of fixed capital,IS,Iceland,2011,,394.6,,,,,
dataflow,ESTAT:GOV_10A_MAIN(1.0),"Government revenue, expenditure and main aggregates",A,Annual,MIO_EUR,Million euro,S13,General government,P51C,Consumption of fixed capital,IS,Iceland,2012,,412.9,,,,,
dataflow,ESTAT:GOV_10A_MAIN(1.0),"Government revenue, expenditure and main aggregates",A,Annual,MIO_EUR,Million euro,S13,General government,P51C,Consumption of fixed capital,IS,Iceland,2013,,414.4,,,,,
dataflow,ESTAT:GOV_10A_MAIN(1.0),"Government revenue, expenditure and main aggregates",A,Annual,MIO_EUR,Million euro,S13,General government,P51C,Consumption of fixed capital,IS,Iceland,2014,,437.3,,,,,
dataflow,ESTAT:GOV_10A_MAIN(1.0),"Government revenue, expenditure and main aggregates",A,Annual,MIO_EUR,Million euro,S13,General government,P51C,Consumption of fixed capital,IS,Iceland,2015,,481.0,,,,,
dataflow,ESTAT:GOV_10A_MAIN(1.0),"Government revenue, expenditure and main aggregates",A,Annual,MIO_EUR,Million euro,S13,General government,P51C,Consumption of fixed capital,IS,Iceland,2016,,540.8,,,,,
dataflow,ESTAT:GOV_10A_MAIN(1.0),"Government revenue, expenditure and main aggregates",A,Annual,MIO_EUR,Million euro,S13,General government,P51C,Consumption of fixed capital,IS,Iceland,2017,,608.1,,,,,
dataflow,ESTAT:GOV_10A_MAIN(1.0),"Government revenue, expenditure and main aggregates",A,Annual,MIO_EUR,Million euro,S13,General government,P51C,Consumption of fixed capital,IS,Iceland,2018,,608.6,,,,,
dataflow,ESTAT:GOV_10A_MAIN(1.0),"Government revenue, expenditure and main aggregates",A,Annual,MIO_EUR,Million euro,S13,General government,P51C,Consumption of fixed capital,IS,Iceland,2019,,615.5,,,,,
dataflow,ESTAT:GOV_10A_MAIN(1.0),"Government revenue, expenditure and main aggregates",A,Annual,MIO_EUR,Million euro,S13,General government,P51C,Consumption of fixed capital,IS,Iceland,2020,,588.5,,,,,
dataflow,ESTAT:GOV_10A_MAIN(1.0),"Government revenue, expenditure and main aggregates",A,Annual,MIO_EUR,Million euro,S13,General government,P51C,Consumption of fixed capital,IS,Iceland,2021,,655.9,,,,,
dataflow,ESTAT:GOV_10A_MAIN(1.0),"Government revenue, expenditure and main aggregates",A,Annual,MIO_EUR,Million euro,S13,General government,P51C,Consumption of fixed capital,IS,Iceland,2022,,760.9,,,,,
dataflow,ESTAT:GOV_10A_MAIN(1.0),"Government revenue, expenditure and main aggregates",A,Annual,MIO_EUR,Million euro,S13,General government,P51C,Consumption of fixed capital,IS,Iceland,2023,,804.4,,,,,
dataflow,ESTAT:GOV_10A_MAIN(1.0),"Government revenue, expenditure and main aggregates",A,Annual,MIO_EUR,Million euro,S13,General government,P51C,Consumption of fixed capital,IS,Iceland,2024,,869.8,,,,,
dataflow,ESTAT:GOV_10A_MAIN(1.0),"Government revenue, expenditure and main aggregates",A,Annual,MIO_EUR,Million euro,S13,General government,P51C,Consumption of fixed capital,IT,Italy,1995,,20982.1,,,,,
dataflow,ESTAT:GOV_10A_MAIN(1.0),"Government revenue, expenditure and main aggregates",A,Annual,MIO_EUR,Million euro,S13,General government,P51C,Consumption of fixed capital,IT,Italy,1996,,23355.3,,,,,
dataflow,ESTAT:GOV_10A_MAIN(1.0),"Government revenue, expenditure and main aggregates",A,Annual,MIO_EUR,Million euro,S13,General government,P51C,Consumption of fixed capital,IT,Italy,1997,,24469.0,,,,,
dataflow,ESTAT:GOV_10A_MAIN(1.0),"Government revenue, expenditure and main aggregates",A,Annual,MIO_EUR,Million euro,S13,General government,P51C,Consumption of fixed capital,IT,Italy,1998,,25230.9,,,,,
dataflow,ESTAT:GOV_10A_MAIN(1.0),"Government revenue, expenditure and main aggregates",A,Annual,MIO_EUR,Million euro,S13,General government,P51C,Consumption of fixed capital,IT,Italy,1999,,26057.0,,,,,
dataflow,ESTAT:GOV_10A_MAIN(1.0),"Government revenue, expenditure and main aggregates",A,Annual,MIO_EUR,Million euro,S13,General government,P51C,Consumption of fixed capital,IT,Italy,2000,,27743.0,,,,,
dataflow,ESTAT:GOV_10A_MAIN(1.0),"Government revenue, expenditure and main aggregates",A,Annual,MIO_EUR,Million euro,S13,General government,P51C,Consumption of fixed capital,IT,Italy,2001,,30129.0,,,,,
dataflow,ESTAT:GOV_10A_MAIN(1.0),"Government revenue, expenditure and main aggregates",A,Annual,MIO_EUR,Million euro,S13,General government,P51C,Consumption of fixed capital,IT,Italy,2002,,31849.0,,,,,
dataflow,ESTAT:GOV_10A_MAIN(1.0),"Government revenue, expenditure and main aggregates",A,Annual,MIO_EUR,Million euro,S13,General government,P51C,Consumption of fixed capital,IT,Italy,2003,,33473.0,,,,,
dataflow,ESTAT:GOV_10A_MAIN(1.0),"Government revenue, expenditure and main aggregates",A,Annual,MIO_EUR,Million euro,S13,General government,P51C,Consumption of fixed capital,IT,Italy,2004,,35624.0,,,,,
dataflow,ESTAT:GOV_10A_MAIN(1.0),"Government revenue, expenditure and main aggregates",A,Annual,MIO_EUR,Million euro,S13,General government,P51C,Consumption of fixed capital,IT,Italy,2005,,37509.0,,,,,
dataflow,ESTAT:GOV_10A_MAIN(1.0),"Government revenue, expenditure and main aggregates",A,Annual,MIO_EUR,Million euro,S13,General government,P51C,Consumption of fixed capital,IT,Italy,2006,,39662.0,,,,,
dataflow,ESTAT:GOV_10A_MAIN(1.0),"Government revenue, expenditure and main aggregates",A,Annual,MIO_EUR,Million euro,S13,General government,P51C,Consumption of fixed capital,IT,Italy,2007,,41850.0,,,,,
dataflow,ESTAT:GOV_10A_MAIN(1.0),"Government revenue, expenditure and main aggregates",A,Annual,MIO_EUR,Million euro,S13,General government,P51C,Consumption of fixed capital,IT,Italy,2008,,44224.0,,,,,
dataflow,ESTAT:GOV_10A_MAIN(1.0),"Government revenue, expenditure and main aggregates",A,Annual,MIO_EUR,Million euro,S13,General government,P51C,Consumption of fixed capital,IT,Italy,2009,,45559.0,,,,,
dataflow,ESTAT:GOV_10A_MAIN(1.0),"Government revenue, expenditure and main aggregates",A,Annual,MIO_EUR,Million euro,S13,General government,P51C,Consumption of fixed capital,IT,Italy,2010,,47687.0,,,,,
dataflow,ESTAT:GOV_10A_MAIN(1.0),"Government revenue, expenditure and main aggregates",A,Annual,MIO_EUR,Million euro,S13,General government,P51C,Consumption of fixed capital,IT,Italy,2011,,49591.0,,,,,
dataflow,ESTAT:GOV_10A_MAIN(1.0),"Government revenue, expenditure and main aggregates",A,Annual,MIO_EUR,Million euro,S13,General government,P51C,Consumption of fixed capital,IT,Italy,2012,,49946.0,,,,,
dataflow,ESTAT:GOV_10A_MAIN(1.0),"Government revenue, expenditure and main aggregates",A,Annual,MIO_EUR,Million euro,S13,General government,P51C,Consumption of fixed capital,IT,Italy,2013,,49966.0,,,,,
dataflow,ESTAT:GOV_10A_MAIN(1.0),"Government revenue, expenditure and main aggregates",A,Annual,MIO_EUR,Million euro,S13,General government,P51C,Consumption of fixed capital,IT,Italy,2014,,49568.0,,,,,
dataflow,ESTAT:GOV_10A_MAIN(1.0),"Government revenue, expenditure and main aggregates",A,Annual,MIO_EUR,Million euro,S13,General government,P51C,Consumption of fixed capital,IT,Italy,2015,,49560.0,,,,,
dataflow,ESTAT:GOV_10A_MAIN(1.0),"Government revenue, expenditure and main aggregates",A,Annual,MIO_EUR,Million euro,S13,General government,P51C,Consumption of fixed capital,IT,Italy,2016,,49677.0,,,,,
dataflow,ESTAT:GOV_10A_MAIN(1.0),"Government revenue, expenditure and main aggregates",A,Annual,MIO_EUR,Million euro,S13,General government,P51C,Consumption of fixed capital,IT,Italy,2017,,50116.0,,,,,
dataflow,ESTAT:GOV_10A_MAIN(1.0),"Government revenue, expenditure and main aggregates",A,Annual,MIO_EUR,Million euro,S13,General government,P51C,Consumption of fixed capital,IT,Italy,2018,,50332.0,,,,,
dataflow,ESTAT:GOV_10A_MAIN(1.0),"Government revenue, expenditure and main aggregates",A,Annual,MIO_EUR,Million euro,S13,General government,P51C,Consumption of fixed capital,IT,Italy,2019,,50620.0,,,,,
dataflow,ESTAT:GOV_10A_MAIN(1.0),"Government revenue, expenditure and main aggregates",A,Annual,MIO_EUR,Million euro,S13,General government,P51C,Consumption of fixed capital,IT,Italy,2020,,51145.0,,,,,
dataflow,ESTAT:GOV_10A_MAIN(1.0),"Government revenue, expenditure and main aggregates",A,Annual,MIO_EUR,Million euro,S13,General government,P51C,Consumption of fixed capital,IT,Italy,2021,,53486.0,,,,,
dataflow,ESTAT:GOV_10A_MAIN(1.0),"Government revenue, expenditure and main aggregates",A,Annual,MIO_EUR,Million euro,S13,General government,P51C,Consumption of fixed capital,IT,Italy,2022,,57579.0,,,,,
dataflow,ESTAT:GOV_10A_MAIN(1.0),"Government revenue, expenditure and main aggregates",A,Annual,MIO_EUR,Million euro,S13,General government,P51C,Consumption of fixed capital,IT,Italy,2023,,58891.0,,,,,
dataflow,ESTAT:GOV_10A_MAIN(1.0),"Government revenue, expenditure and main aggregates",A,Annual,MIO_EUR,Million euro,S13,General government,P51C,Consumption of fixed capital,IT,Italy,2024,,60190.0,,,,,
dataflow,ESTAT:GOV_10A_MAIN(1.0),"Government revenue, expenditure and main aggregates",A,Annual,MIO_EUR,Million euro,S13,General government,P51C,Consumption of fixed capital,LT,Lithuania,1995,,229.7,,,,,
dataflow,ESTAT:GOV_10A_MAIN(1.0),"Government revenue, expenditure and main aggregates",A,Annual,MIO_EUR,Million euro,S13,General government,P51C,Consumption of fixed capital,LT,Lithuania,1996,,263.7,,,,,
dataflow,ESTAT:GOV_10A_MAIN(1.0),"Government revenue, expenditure and main aggregates",A,Annual,MIO_EUR,Million euro,S13,General government,P51C,Consumption of fixed capital,LT,Lithuania,1997,,324.5,,,,,
dataflow,ESTAT:GOV_10A_MAIN(1.0),"Government revenue, expenditure and main aggregates",A,Annual,MIO_EUR,Million euro,S13,General government,P51C,Consumption of fixed capital,LT,Lithuania,1998,,338.5,,,,,
dataflow,ESTAT:GOV_10A_MAIN(1.0),"Government revenue, expenditure and main aggregates",A,Annual,MIO_EUR,Million euro,S13,General government,P51C,Consumption of fixed capital,LT,Lithuania,1999,,359.4,,,,,
dataflow,ESTAT:GOV_10A_MAIN(1.0),"Government revenue, expenditure and main aggregates",A,Annual,MIO_EUR,Million euro,S13,General government,P51C,Consumption of fixed capital,LT,Lithuania,2000,,420.2,,,,,
dataflow,ESTAT:GOV_10A_MAIN(1.0),"Government revenue, expenditure and main aggregates",A,Annual,MIO_EUR,Million euro,S13,General government,P51C,Consumption of fixed capital,LT,Lithuania,2001,,431.7,,,,,
dataflow,ESTAT:GOV_10A_MAIN(1.0),"Government revenue, expenditure and main aggregates",A,Annual,MIO_EUR,Million euro,S13,General government,P51C,Consumption of fixed capital,LT,Lithuania,2002,,442.8,,,,,
dataflow,ESTAT:GOV_10A_MAIN(1.0),"Government revenue, expenditure and main aggregates",A,Annual,MIO_EUR,Million euro,S13,General government,P51C,Consumption of fixed capital,LT,Lithuania,2003,,471.6,,,,,
dataflow,ESTAT:GOV_10A_MAIN(1.0),"Government revenue, expenditure and main aggregates",A,Annual,MIO_EUR,Million euro,S13,General government,P51C,Consumption of fixed capital,LT,Lithuania,2004,,495.8,,,,,
dataflow,ESTAT:GOV_10A_MAIN(1.0),"Government revenue, expenditure and main aggregates",A,Annual,MIO_EUR,Million euro,S13,General government,P51C,Consumption of fixed capital,LT,Lithuania,2005,,544.6,,,,,
dataflow,ESTAT:GOV_10A_MAIN(1.0),"Government revenue, expenditure and main aggregates",A,Annual,MIO_EUR,Million euro,S13,General government,P51C,Consumption of fixed capital,LT,Lithuania,2006,,607.7,,,,,
dataflow,ESTAT:GOV_10A_MAIN(1.0),"Government revenue, expenditure and main aggregates",A,Annual,MIO_EUR,Million euro,S13,General government,P51C,Consumption of fixed capital,LT,Lithuania,2007,,702.5,,,,,
dataflow,ESTAT:GOV_10A_MAIN(1.0),"Government revenue, expenditure and main aggregates",A,Annual,MIO_EUR,Million euro,S13,General government,P51C,Consumption of fixed capital,LT,Lithuania,2008,,815.4,,,,,
dataflow,ESTAT:GOV_10A_MAIN(1.0),"Government revenue, expenditure and main aggregates",A,Annual,MIO_EUR,Million euro,S13,General government,P51C,Consumption of fixed capital,LT,Lithuania,2009,,817.0,,,,,
dataflow,ESTAT:GOV_10A_MAIN(1.0),"Government revenue, expenditure and main aggregates",A,Annual,MIO_EUR,Million euro,S13,General government,P51C,Consumption of fixed capital,LT,Lithuania,2010,,812.6,,,,,
dataflow,ESTAT:GOV_10A_MAIN(1.0),"Government revenue, expenditure and main aggregates",A,Annual,MIO_EUR,Million euro,S13,General government,P51C,Consumption of fixed capital,LT,Lithuania,2011,,945.2,,,,,
dataflow,ESTAT:GOV_10A_MAIN(1.0),"Government revenue, expenditure and main aggregates",A,Annual,MIO_EUR,Million euro,S13,General government,P51C,Consumption of fixed capital,LT,Lithuania,2012,,1017.3,,,,,
dataflow,ESTAT:GOV_10A_MAIN(1.0),"Government revenue, expenditure and main aggregates",A,Annual,MIO_EUR,Million euro,S13,General government,P51C,Consumption of fixed capital,LT,Lithuania,2013,,1083.3,,,,,
dataflow,ESTAT:GOV_10A_MAIN(1.0),"Government revenue, expenditure and main aggregates",A,Annual,MIO_EUR,Million euro,S13,General government,P51C,Consumption of fixed capital,LT,Lithuania,2014,,1129.3,,,,,
dataflow,ESTAT:GOV_10A_MAIN(1.0),"Government revenue, expenditure and main aggregates",A,Annual,MIO_EUR,Million euro,S13,General government,P51C,Consumption of fixed capital,LT,Lithuania,2015,,1153.0,,,,,
dataflow,ESTAT:GOV_10A_MAIN(1.0),"Government revenue, expenditure and main aggregates",A,Annual,MIO_EUR,Million euro,S13,General government,P51C,Consumption of fixed capital,LT,Lithuania,2016,,1161.9,,,,,
dataflow,ESTAT:GOV_10A_MAIN(1.0),"Government revenue, expenditure and main aggregates",A,Annual,MIO_EUR,Million euro,S13,General government,P51C,Consumption of fixed capital,LT,Lithuania,2017,,1171.7,,,,,
dataflow,ESTAT:GOV_10A_MAIN(1.0),"Government revenue, expenditure and main aggregates",A,Annual,MIO_EUR,Million euro,S13,General government,P51C,Consumption of fixed capital,LT,Lithuania,2018,,1225.8,,,,,
dataflow,ESTAT:GOV_10A_MAIN(1.0),"Government revenue, expenditure and main aggregates",A,Annual,MIO_EUR,Million euro,S13,General government,P51C,Consumption of fixed capital,LT,Lithuania,2019,,1306.2,,,,,
dataflow,ESTAT:GOV_10A_MAIN(1.0),"Government revenue, expenditure and main aggregates",A,Annual,MIO_EUR,Million euro,S13,General government,P51C,Consumption of fixed capital,LT,Lithuania,2020,,1349.0,,,,,
dataflow,ESTAT:GOV_10A_MAIN(1.0),"Government revenue, expenditure and main aggregates",A,Annual,MIO_EUR,Million euro,S13,General government,P51C,Consumption of fixed capital,LT,Lithuania,2021,,1485.6,,,,,
dataflow,ESTAT:GOV_10A_MAIN(1.0),"Government revenue, expenditure and main aggregates",A,Annual,MIO_EUR,Million euro,S13,General government,P51C,Consumption of fixed capital,LT,Lithuania,2022,,1719.1,,,,,
dataflow,ESTAT:GOV_10A_MAIN(1.0),"Government revenue, expenditure and main aggregates",A,Annual,MIO_EUR,Million euro,S13,General government,P51C,Consumption of fixed capital,LT,Lithuania,2023,,1914.7,,,,,
dataflow,ESTAT:GOV_10A_MAIN(1.0),"Government revenue, expenditure and main aggregates",A,Annual,MIO_EUR,Million euro,S13,General government,P51C,Consumption of fixed capital,LT,Lithuania,2024,,2159.2,,,,,
dataflow,ESTAT:GOV_10A_MAIN(1.0),"Government revenue, expenditure and main aggregates",A,Annual,MIO_EUR,Million euro,S13,General government,P51C,Consumption of fixed capital,LU,Luxembourg,1995,,319.9,,,,,
dataflow,ESTAT:GOV_10A_MAIN(1.0),"Government revenue, expenditure and main aggregates",A,Annual,MIO_EUR,Million euro,S13,General government,P51C,Consumption of fixed capital,LU,Luxembourg,1996,,332.3,,,,,
dataflow,ESTAT:GOV_10A_MAIN(1.0),"Government revenue, expenditure and main aggregates",A,Annual,MIO_EUR,Million euro,S13,General government,P51C,Consumption of fixed capital,LU,Luxembourg,1997,,335.0,,,,,
dataflow,ESTAT:GOV_10A_MAIN(1.0),"Government revenue, expenditure and main aggregates",A,Annual,MIO_EUR,Million euro,S13,General government,P51C,Consumption of fixed capital,LU,Luxembourg,1998,,352.8,,,,,
dataflow,ESTAT:GOV_10A_MAIN(1.0),"Government revenue, expenditure and main aggregates",A,Annual,MIO_EUR,Million euro,S13,General government,P51C,Consumption of fixed capital,LU,Luxembourg,1999,,377.3,,,,,
dataflow,ESTAT:GOV_10A_MAIN(1.0),"Government revenue, expenditure and main aggregates",A,Annual,MIO_EUR,Million euro,S13,General government,P51C,Consumption of fixed capital,LU,Luxembourg,2000,,408.5,,,,,
dataflow,ESTAT:GOV_10A_MAIN(1.0),"Government revenue, expenditure and main aggregates",A,Annual,MIO_EUR,Million euro,S13,General government,P51C,Consumption of fixed capital,LU,Luxembourg,2001,,444.0,,,,,
dataflow,ESTAT:GOV_10A_MAIN(1.0),"Government revenue, expenditure and main aggregates",A,Annual,MIO_EUR,Million euro,S13,General government,P51C,Consumption of fixed capital,LU,Luxembourg,2002,,491.9,,,,,
dataflow,ESTAT:GOV_10A_MAIN(1.0),"Government revenue, expenditure and main aggregates",A,Annual,MIO_EUR,Million euro,S13,General government,P51C,Consumption of fixed capital,LU,Luxembourg,2003,,531.2,,,,,
dataflow,ESTAT:GOV_10A_MAIN(1.0),"Government revenue, expenditure and main aggregates",A,Annual,MIO_EUR,Million euro,S13,General government,P51C,Consumption of fixed capital,LU,Luxembourg,2004,,577.3,,,,,
dataflow,ESTAT:GOV_10A_MAIN(1.0),"Government revenue, expenditure and main aggregates",A,Annual,MIO_EUR,Million euro,S13,General government,P51C,Consumption of fixed capital,LU,Luxembourg,2005,,627.2,,,,,
dataflow,ESTAT:GOV_10A_MAIN(1.0),"Government revenue, expenditure and main aggregates",A,Annual,MIO_EUR,Million euro,S13,General government,P51C,Consumption of fixed capital,LU,Luxembourg,2006,,680.3,,,,,
dataflow,ESTAT:GOV_10A_MAIN(1.0),"Government revenue, expenditure and main aggregates",A,Annual,MIO_EUR,Million euro,S13,General government,P51C,Consumption of fixed capital,LU,Luxembourg,2007,,723.5,,,,,
dataflow,ESTAT:GOV_10A_MAIN(1.0),"Government revenue, expenditure and main aggregates",A,Annual,MIO_EUR,Million euro,S13,General government,P51C,Consumption of fixed capital,LU,Luxembourg,2008,,779.6,,,,,
dataflow,ESTAT:GOV_10A_MAIN(1.0),"Government revenue, expenditure and main aggregates",A,Annual,MIO_EUR,Million euro,S13,General government,P51C,Consumption of fixed capital,LU,Luxembourg,2009,,827.7,,,,,
dataflow,ESTAT:GOV_10A_MAIN(1.0),"Government revenue, expenditure and main aggregates",A,Annual,MIO_EUR,Million euro,S13,General government,P51C,Consumption of fixed capital,LU,Luxembourg,2010,,881.9,,,,,
dataflow,ESTAT:GOV_10A_MAIN(1.0),"Government revenue, expenditure and main aggregates",A,Annual,MIO_EUR,Million euro,S13,General government,P51C,Consumption of fixed capital,LU,Luxembourg,2011,,957.8,,,,,
dataflow,ESTAT:GOV_10A_MAIN(1.0),"Government revenue, expenditure and main aggregates",A,Annual,MIO_EUR,Million euro,S13,General government,P51C,Consumption of fixed capital,LU,Luxembourg,2012,,1029.4,,,,,
dataflow,ESTAT:GOV_10A_MAIN(1.0),"Government revenue, expenditure and main aggregates",A,Annual,MIO_EUR,Million euro,S13,General government,P51C,Consumption of fixed capital,LU,Luxembourg,2013,,1086.3,,,,,
dataflow,ESTAT:GOV_10A_MAIN(1.0),"Government revenue, expenditure and main aggregates",A,Annual,MIO_EUR,Million euro,S13,General government,P51C,Consumption of fixed capital,LU,Luxembourg,2014,,1142.5,,,,,
dataflow,ESTAT:GOV_10A_MAIN(1.0),"Government revenue, expenditure and main aggregates",A,Annual,MIO_EUR,Million euro,S13,General government,P51C,Consumption of fixed capital,LU,Luxembourg,2015,,1195.6,,,,,
dataflow,ESTAT:GOV_10A_MAIN(1.0),"Government revenue, expenditure and main aggregates",A,Annual,MIO_EUR,Million euro,S13,General government,P51C,Consumption of fixed capital,LU,Luxembourg,2016,,1252.0,,,,,
dataflow,ESTAT:GOV_10A_MAIN(1.0),"Government revenue, expenditure and main aggregates",A,Annual,MIO_EUR,Million euro,S13,General government,P51C,Consumption of fixed capital,LU,Luxembourg,2017,,1324.9,,,,,
dataflow,ESTAT:GOV_10A_MAIN(1.0),"Government revenue, expenditure and main aggregates",A,Annual,MIO_EUR,Million euro,S13,General government,P51C,Consumption of fixed capital,LU,Luxembourg,2018,,1404.4,,,,,
dataflow,ESTAT:GOV_10A_MAIN(1.0),"Government revenue, expenditure and main aggregates",A,Annual,MIO_EUR,Million euro,S13,General government,P51C,Consumption of fixed capital,LU,Luxembourg,2019,,1486.8,,,,,
dataflow,ESTAT:GOV_10A_MAIN(1.0),"Government revenue, expenditure and main aggregates",A,Annual,MIO_EUR,Million euro,S13,General government,P51C,Consumption of fixed capital,LU,Luxembourg,2020,,1582.8,,,,,
dataflow,ESTAT:GOV_10A_MAIN(1.0),"Government revenue, expenditure and main aggregates",A,Annual,MIO_EUR,Million euro,S13,General government,P51C,Consumption of fixed capital,LU,Luxembourg,2021,,1751.2,,,,,
dataflow,ESTAT:GOV_10A_MAIN(1.0),"Government revenue, expenditure and main aggregates",A,Annual,MIO_EUR,Million euro,S13,General government,P51C,Consumption of fixed capital,LU,Luxembourg,2022,,2028.3,,,,,
dataflow,ESTAT:GOV_10A_MAIN(1.0),"Government revenue, expenditure and main aggregates",A,Annual,MIO_EUR,Million euro,S13,General government,P51C,Consumption of fixed capital,LU,Luxembourg,2023,,2274.9,,,,,
dataflow,ESTAT:GOV_10A_MAIN(1.0),"Government revenue, expenditure and main aggregates",A,Annual,MIO_EUR,Million euro,S13,General government,P51C,Consumption of fixed capital,LU,Luxembourg,2024,,2409.3,,,,,
dataflow,ESTAT:GOV_10A_MAIN(1.0),"Government revenue, expenditure and main aggregates",A,Annual,MIO_EUR,Million euro,S13,General government,P51C,Consumption of fixed capital,LV,Latvia,1995,,229.4,,,,,
dataflow,ESTAT:GOV_10A_MAIN(1.0),"Government revenue, expenditure and main aggregates",A,Annual,MIO_EUR,Million euro,S13,General government,P51C,Consumption of fixed capital,LV,Latvia,1996,,248.0,,,,,
dataflow,ESTAT:GOV_10A_MAIN(1.0),"Government revenue, expenditure and main aggregates",A,Annual,MIO_EUR,Million euro,S13,General government,P51C,Consumption of fixed capital,LV,Latvia,1997,,286.9,,,,,
dataflow,ESTAT:GOV_10A_MAIN(1.0),"Government revenue, expenditure and main aggregates",A,Annual,MIO_EUR,Million euro,S13,General government,P51C,Consumption of fixed capital,LV,Latvia,1998,,310.4,,,,,
dataflow,ESTAT:GOV_10A_MAIN(1.0),"Government revenue, expenditure and main aggregates",A,Annual,MIO_EUR,Million euro,S13,General government,P51C,Consumption of fixed capital,LV,Latvia,1999,,335.1,,,,,
dataflow,ESTAT:GOV_10A_MAIN(1.0),"Government revenue, expenditure and main aggregates",A,Annual,MIO_EUR,Million euro,S13,General government,P51C,Consumption of fixed capital,LV,Latvia,2000,,366.2,,,,,
dataflow,ESTAT:GOV_10A_MAIN(1.0),"Government revenue, expenditure and main aggregates",A,Annual,MIO_EUR,Million euro,S13,General government,P51C,Consumption of fixed capital,LV,Latvia,2001,,359.1,,,,,
dataflow,ESTAT:GOV_10A_MAIN(1.0),"Government revenue, expenditure and main aggregates",A,Annual,MIO_EUR,Million euro,S13,General government,P51C,Consumption of fixed capital,LV,Latvia,2002,,346.0,,,,,
dataflow,ESTAT:GOV_10A_MAIN(1.0),"Government revenue, expenditure and main aggregates",A,Annual,MIO_EUR,Million euro,S13,General government,P51C,Consumption of fixed capital,LV,Latvia,2003,,334.9,,,,,
dataflow,ESTAT:GOV_10A_MAIN(1.0),"Government revenue, expenditure and main aggregates",A,Annual,MIO_EUR,Million euro,S13,General government,P51C,Consumption of fixed capital,LV,Latvia,2004,,363.4,,,,,
dataflow,ESTAT:GOV_10A_MAIN(1.0),"Government revenue, expenditure and main aggregates",A,Annual,MIO_EUR,Million euro,S13,General government,P51C,Consumption of fixed capital,LV,Latvia,2005,,424.9,,,,,
dataflow,ESTAT:GOV_10A_MAIN(1.0),"Government revenue, expenditure and main aggregates",A,Annual,MIO_EUR,Million euro,S13,General government,P51C,Consumption of fixed capital,LV,Latvia,2006,,549.7,,,,,
dataflow,ESTAT:GOV_10A_MAIN(1.0),"Government revenue, expenditure and main aggregates",A,Annual,MIO_EUR,Million euro,S13,General government,P51C,Consumption of fixed capital,LV,Latvia,2007,,717.9,,,,,
dataflow,ESTAT:GOV_10A_MAIN(1.0),"Government revenue, expenditure and main aggregates",A,Annual,MIO_EUR,Million euro,S13,General government,P51C,Consumption of fixed capital,LV,Latvia,2008,,817.7,,,,,
dataflow,ESTAT:GOV_10A_MAIN(1.0),"Government revenue, expenditure and main aggregates",A,Annual,MIO_EUR,Million euro,S13,General government,P51C,Consumption of fixed capital,LV,Latvia,2009,,719.0,,,,,
dataflow,ESTAT:GOV_10A_MAIN(1.0),"Government revenue, expenditure and main aggregates",A,Annual,MIO_EUR,Million euro,S13,General government,P51C,Consumption of fixed capital,LV,Latvia,2010,,730.3,,,,,
dataflow,ESTAT:GOV_10A_MAIN(1.0),"Government revenue, expenditure and main aggregates",A,Annual,MIO_EUR,Million euro,S13,General government,P51C,Consumption of fixed capital,LV,Latvia,2011,,785.4,,,,,
dataflow,ESTAT:GOV_10A_MAIN(1.0),"Government revenue, expenditure and main aggregates",A,Annual,MIO_EUR,Million euro,S13,General government,P51C,Consumption of fixed capital,LV,Latvia,2012,,867.7,,,,,
dataflow,ESTAT:GOV_10A_MAIN(1.0),"Government revenue, expenditure and main aggregates",A,Annual,MIO_EUR,Million euro,S13,General government,P51C,Consumption of fixed capital,LV,Latvia,2013,,903.1,,,,,
dataflow,ESTAT:GOV_10A_MAIN(1.0),"Government revenue, expenditure and main aggregates",A,Annual,MIO_EUR,Million euro,S13,General government,P51C,Consumption of fixed capital,LV,Latvia,2014,,935.4,,,,,
dataflow,ESTAT:GOV_10A_MAIN(1.0),"Government revenue, expenditure and main aggregates",A,Annual,MIO_EUR,Million euro,S13,General government,P51C,Consumption of fixed capital,LV,Latvia,2015,,951.1,,,,,
dataflow,ESTAT:GOV_10A_MAIN(1.0),"Government revenue, expenditure and main aggregates",A,Annual,MIO_EUR,Million euro,S13,General government,P51C,Consumption of fixed capital,LV,Latvia,2016,,955.7,,,,,
dataflow,ESTAT:GOV_10A_MAIN(1.0),"Government revenue, expenditure and main aggregates",A,Annual,MIO_EUR,Million euro,S13,General government,P51C,Consumption of fixed capital,LV,Latvia,2017,,990.3,,,,,
dataflow,ESTAT:GOV_10A_MAIN(1.0),"Government revenue, expenditure and main aggregates",A,Annual,MIO_EUR,Million euro,S13,General government,P51C,Consumption of fixed capital,LV,Latvia,2018,,1047.6,,,,,
dataflow,ESTAT:GOV_10A_MAIN(1.0),"Government revenue, expenditure and main aggregates",A,Annual,MIO_EUR,Million euro,S13,General government,P51C,Consumption of fixed capital,LV,Latvia,2019,,1110.8,,,,,
dataflow,ESTAT:GOV_10A_MAIN(1.0),"Government revenue, expenditure and main aggregates",A,Annual,MIO_EUR,Million euro,S13,General government,P51C,Consumption of fixed capital,LV,Latvia,2020,,1276.4,,,,,
dataflow,ESTAT:GOV_10A_MAIN(1.0),"Government revenue, expenditure and main aggregates",A,Annual,MIO_EUR,Million euro,S13,General government,P51C,Consumption of fixed capital,LV,Latvia,2021,,1343.9,,,,,
dataflow,ESTAT:GOV_10A_MAIN(1.0),"Government revenue, expenditure and main aggregates",A,Annual,MIO_EUR,Million euro,S13,General government,P51C,Consumption of fixed capital,LV,Latvia,2022,,1484.1,,,,,
dataflow,ESTAT:GOV_10A_MAIN(1.0),"Government revenue, expenditure and main aggregates",A,Annual,MIO_EUR,Million euro,S13,General government,P51C,Consumption of fixed capital,LV,Latvia,2023,,1552.0,,,,,
dataflow,ESTAT:GOV_10A_MAIN(1.0),"Government revenue, expenditure and main aggregates",A,Annual,MIO_EUR,Million euro,S13,General government,P51C,Consumption of fixed capital,LV,Latvia,2024,,1612.1,,,,,
dataflow,ESTAT:GOV_10A_MAIN(1.0),"Government revenue, expenditure and main aggregates",A,Annual,MIO_EUR,Million euro,S13,General government,P51C,Consumption of fixed capital,MT,Malta,1995,,47.4,,,,,
dataflow,ESTAT:GOV_10A_MAIN(1.0),"Government revenue, expenditure and main aggregates",A,Annual,MIO_EUR,Million euro,S13,General government,P51C,Consumption of fixed capital,MT,Malta,1996,,51.7,,,,,
dataflow,ESTAT:GOV_10A_MAIN(1.0),"Government revenue, expenditure and main aggregates",A,Annual,MIO_EUR,Million euro,S13,General government,P51C,Consumption of fixed capital,MT,Malta,1997,,58.2,,,,,
dataflow,ESTAT:GOV_10A_MAIN(1.0),"Government revenue, expenditure and main aggregates",A,Annual,MIO_EUR,Million euro,S13,General government,P51C,Consumption of fixed capital,MT,Malta,1998,,65.5,,,,,
dataflow,ESTAT:GOV_10A_MAIN(1.0),"Government revenue, expenditure and main aggregates",A,Annual,MIO_EUR,Million euro,S13,General government,P51C,Consumption of fixed capital,MT,Malta,1999,,72.4,,,,,
dataflow,ESTAT:GOV_10A_MAIN(1.0),"Government revenue, expenditure and main aggregates",A,Annual,MIO_EUR,Million euro,S13,General government,P51C,Consumption of fixed capital,MT,Malta,2000,,84.4,,,,,
dataflow,ESTAT:GOV_10A_MAIN(1.0),"Government revenue, expenditure and main aggregates",A,Annual,MIO_EUR,Million euro,S13,General government,P51C,Consumption of fixed capital,MT,Malta,2001,,92.8,,,,,
dataflow,ESTAT:GOV_10A_MAIN(1.0),"Government revenue, expenditure and main aggregates",A,Annual,MIO_EUR,Million euro,S13,General government,P51C,Consumption of fixed capital,MT,Malta,2002,,98.9,,,,,
dataflow,ESTAT:GOV_10A_MAIN(1.0),"Government revenue, expenditure and main aggregates",A,Annual,MIO_EUR,Million euro,S13,General government,P51C,Consumption of fixed capital,MT,Malta,2003,,100.5,,,,,
dataflow,ESTAT:GOV_10A_MAIN(1.0),"Government revenue, expenditure and main aggregates",A,Annual,MIO_EUR,Million euro,S13,General government,P51C,Consumption of fixed capital,MT,Malta,2004,,106.8,,,,,
dataflow,ESTAT:GOV_10A_MAIN(1.0),"Government revenue, expenditure and main aggregates",A,Annual,MIO_EUR,Million euro,S13,General government,P51C,Consumption of fixed capital,MT,Malta,2005,,107.3,,,,,
dataflow,ESTAT:GOV_10A_MAIN(1.0),"Government revenue, expenditure and main aggregates",A,Annual,MIO_EUR,Million euro,S13,General government,P51C,Consumption of fixed capital,MT,Malta,2006,,113.9,,,,,
dataflow,ESTAT:GOV_10A_MAIN(1.0),"Government revenue, expenditure and main aggregates",A,Annual,MIO_EUR,Million euro,S13,General government,P51C,Consumption of fixed capital,MT,Malta,2007,,127.8,,,,,
dataflow,ESTAT:GOV_10A_MAIN(1.0),"Government revenue, expenditure and main aggregates",A,Annual,MIO_EUR,Million euro,S13,General government,P51C,Consumption of fixed capital,MT,Malta,2008,,139.1,,,,,
dataflow,ESTAT:GOV_10A_MAIN(1.0),"Government revenue, expenditure and main aggregates",A,Annual,MIO_EUR,Million euro,S13,General government,P51C,Consumption of fixed capital,MT,Malta,2009,,146.4,,,,,
dataflow,ESTAT:GOV_10A_MAIN(1.0),"Government revenue, expenditure and main aggregates",A,Annual,MIO_EUR,Million euro,S13,General government,P51C,Consumption of fixed capital,MT,Malta,2010,,149.8,,,,,
dataflow,ESTAT:GOV_10A_MAIN(1.0),"Government revenue, expenditure and main aggregates",A,Annual,MIO_EUR,Million euro,S13,General government,P51C,Consumption of fixed capital,MT,Malta,2011,,157.3,,,,,
dataflow,ESTAT:GOV_10A_MAIN(1.0),"Government revenue, expenditure and main aggregates",A,Annual,MIO_EUR,Million euro,S13,General government,P51C,Consumption of fixed capital,MT,Malta,2012,,167.6,,,,,
dataflow,ESTAT:GOV_10A_MAIN(1.0),"Government revenue, expenditure and main aggregates",A,Annual,MIO_EUR,Million euro,S13,General government,P51C,Consumption of fixed capital,MT,Malta,2013,,175.7,,,,,
dataflow,ESTAT:GOV_10A_MAIN(1.0),"Government revenue, expenditure and main aggregates",A,Annual,MIO_EUR,Million euro,S13,General government,P51C,Consumption of fixed capital,MT,Malta,2014,,183.4,,,,,
dataflow,ESTAT:GOV_10A_MAIN(1.0),"Government revenue, expenditure and main aggregates",A,Annual,MIO_EUR,Million euro,S13,General government,P51C,Consumption of fixed capital,MT,Malta,2015,,195.5,,,,,
dataflow,ESTAT:GOV_10A_MAIN(1.0),"Government revenue, expenditure and main aggregates",A,Annual,MIO_EUR,Million euro,S13,General government,P51C,Consumption of fixed capital,MT,Malta,2016,,211.3,,,,,
dataflow,ESTAT:GOV_10A_MAIN(1.0),"Government revenue, expenditure and main aggregates",A,Annual,MIO_EUR,Million euro,S13,General government,P51C,Consumption of fixed capital,MT,Malta,2017,,224.1,,,,,
dataflow,ESTAT:GOV_10A_MAIN(1.0),"Government revenue, expenditure and main aggregates",A,Annual,MIO_EUR,Million euro,S13,General government,P51C,Consumption of fixed capital,MT,Malta,2018,,240.4,,,,,
dataflow,ESTAT:GOV_10A_MAIN(1.0),"Government revenue, expenditure and main aggregates",A,Annual,MIO_EUR,Million euro,S13,General government,P51C,Consumption of fixed capital,MT,Malta,2019,,262.9,,,,,
dataflow,ESTAT:GOV_10A_MAIN(1.0),"Government revenue, expenditure and main aggregates",A,Annual,MIO_EUR,Million euro,S13,General government,P51C,Consumption of fixed capital,MT,Malta,2020,,281.2,,,,,
dataflow,ESTAT:GOV_10A_MAIN(1.0),"Government revenue, expenditure and main aggregates",A,Annual,MIO_EUR,Million euro,S13,General government,P51C,Consumption of fixed capital,MT,Malta,2021,,307.0,,,,,
dataflow,ESTAT:GOV_10A_MAIN(1.0),"Government revenue, expenditure and main aggregates",A,Annual,MIO_EUR,Million euro,S13,General government,P51C,Consumption of fixed capital,MT,Malta,2022,,343.9,,,,,
dataflow,ESTAT:GOV_10A_MAIN(1.0),"Government revenue, expenditure and main aggregates",A,Annual,MIO_EUR,Million euro,S13,General government,P51C,Consumption of fixed capital,MT,Malta,2023,,375.5,,,,,
dataflow,ESTAT:GOV_10A_MAIN(1.0),"Government revenue, expenditure and main aggregates",A,Annual,MIO_EUR,Million euro,S13,General government,P51C,Consumption of fixed capital,MT,Malta,2024,,404.7,,,,,
dataflow,ESTAT:GOV_10A_MAIN(1.0),"Government revenue, expenditure and main aggregates",A,Annual,MIO_EUR,Million euro,S13,General government,P51C,Consumption of fixed capital,NL,Netherlands,1995,,10982.3,,,,,
dataflow,ESTAT:GOV_10A_MAIN(1.0),"Government revenue, expenditure and main aggregates",A,Annual,MIO_EUR,Million euro,S13,General government,P51C,Consumption of fixed capital,NL,Netherlands,1996,,11100.3,,,,,
dataflow,ESTAT:GOV_10A_MAIN(1.0),"Government revenue, expenditure and main aggregates",A,Annual,MIO_EUR,Million euro,S13,General government,P51C,Consumption of fixed capital,NL,Netherlands,1997,,11138.1,,,,,
dataflow,ESTAT:GOV_10A_MAIN(1.0),"Government revenue, expenditure and main aggregates",A,Annual,MIO_EUR,Million euro,S13,General government,P51C,Consumption of fixed capital,NL,Netherlands,1998,,11448.1,,,,,
dataflow,ESTAT:GOV_10A_MAIN(1.0),"Government revenue, expenditure and main aggregates",A,Annual,MIO_EUR,Million euro,S13,General government,P51C,Consumption of fixed capital,NL,Netherlands,1999,,12090.0,,,,,
dataflow,ESTAT:GOV_10A_MAIN(1.0),"Government revenue, expenditure and main aggregates",A,Annual,MIO_EUR,Million euro,S13,General government,P51C,Consumption of fixed capital,NL,Netherlands,2000,,12928.0,,,,,
dataflow,ESTAT:GOV_10A_MAIN(1.0),"Government revenue, expenditure and main aggregates",A,Annual,MIO_EUR,Million euro,S13,General government,P51C,Consumption of fixed capital,NL,Netherlands,2001,,13824.0,,,,,
dataflow,ESTAT:GOV_10A_MAIN(1.0),"Government revenue, expenditure and main aggregates",A,Annual,MIO_EUR,Million euro,S13,General government,P51C,Consumption of fixed capital,NL,Netherlands,2002,,14805.0,,,,,
dataflow,ESTAT:GOV_10A_MAIN(1.0),"Government revenue, expenditure and main aggregates",A,Annual,MIO_EUR,Million euro,S13,General government,P51C,Consumption of fixed capital,NL,Netherlands,2003,,15611.0,,,,,
dataflow,ESTAT:GOV_10A_MAIN(1.0),"Government revenue, expenditure and main aggregates",A,Annual,MIO_EUR,Million euro,S13,General government,P51C,Consumption of fixed capital,NL,Netherlands,2004,,16300.0,,,,,
dataflow,ESTAT:GOV_10A_MAIN(1.0),"Government revenue, expenditure and main aggregates",A,Annual,MIO_EUR,Million euro,S13,General government,P51C,Consumption of fixed capital,NL,Netherlands,2005,,16912.0,,,,,
dataflow,ESTAT:GOV_10A_MAIN(1.0),"Government revenue, expenditure and main aggregates",A,Annual,MIO_EUR,Million euro,S13,General government,P51C,Consumption of fixed capital,NL,Netherlands,2006,,17676.0,,,,,
dataflow,ESTAT:GOV_10A_MAIN(1.0),"Government revenue, expenditure and main aggregates",A,Annual,MIO_EUR,Million euro,S13,General government,P51C,Consumption of fixed capital,NL,Netherlands,2007,,18537.0,,,,,
dataflow,ESTAT:GOV_10A_MAIN(1.0),"Government revenue, expenditure and main aggregates",A,Annual,MIO_EUR,Million euro,S13,General government,P51C,Consumption of fixed capital,NL,Netherlands,2008,,19453.0,,,,,
dataflow,ESTAT:GOV_10A_MAIN(1.0),"Government revenue, expenditure and main aggregates",A,Annual,MIO_EUR,Million euro,S13,General government,P51C,Consumption of fixed capital,NL,Netherlands,2009,,20081.0,,,,,
dataflow,ESTAT:GOV_10A_MAIN(1.0),"Government revenue, expenditure and main aggregates",A,Annual,MIO_EUR,Million euro,S13,General government,P51C,Consumption of fixed capital,NL,Netherlands,2010,,20843.0,,,,,
dataflow,ESTAT:GOV_10A_MAIN(1.0),"Government revenue, expenditure and main aggregates",A,Annual,MIO_EUR,Million euro,S13,General government,P51C,Consumption of fixed capital,NL,Netherlands,2011,,21373.0,,,,,
dataflow,ESTAT:GOV_10A_MAIN(1.0),"Government revenue, expenditure and main aggregates",A,Annual,MIO_EUR,Million euro,S13,General government,P51C,Consumption of fixed capital,NL,Netherlands,2012,,21872.0,,,,,
dataflow,ESTAT:GOV_10A_MAIN(1.0),"Government revenue, expenditure and main aggregates",A,Annual,MIO_EUR,Million euro,S13,General government,P51C,Consumption of fixed capital,NL,Netherlands,2013,,22347.0,,,,,
dataflow,ESTAT:GOV_10A_MAIN(1.0),"Government revenue, expenditure and main aggregates",A,Annual,MIO_EUR,Million euro,S13,General government,P51C,Consumption of fixed capital,NL,Netherlands,2014,,22606.0,,,,,
dataflow,ESTAT:GOV_10A_MAIN(1.0),"Government revenue, expenditure and main aggregates",A,Annual,MIO_EUR,Million euro,S13,General government,P51C,Consumption of fixed capital,NL,Netherlands,2015,,22778.0,,,,,
dataflow,ESTAT:GOV_10A_MAIN(1.0),"Government revenue, expenditure and main aggregates",A,Annual,MIO_EUR,Million euro,S13,General government,P51C,Consumption of fixed capital,NL,Netherlands,2016,,22884.0,,,,,
dataflow,ESTAT:GOV_10A_MAIN(1.0),"Government revenue, expenditure and main aggregates",A,Annual,MIO_EUR,Million euro,S13,General government,P51C,Consumption of fixed capital,NL,Netherlands,2017,,23386.0,,,,,
dataflow,ESTAT:GOV_10A_MAIN(1.0),"Government revenue, expenditure and main aggregates",A,Annual,MIO_EUR,Million euro,S13,General government,P51C,Consumption of fixed capital,NL,Netherlands,2018,,24120.0,,,,,
dataflow,ESTAT:GOV_10A_MAIN(1.0),"Government revenue, expenditure and main aggregates",A,Annual,MIO_EUR,Million euro,S13,General government,P51C,Consumption of fixed capital,NL,Netherlands,2019,,24952.0,,,,,
dataflow,ESTAT:GOV_10A_MAIN(1.0),"Government revenue, expenditure and main aggregates",A,Annual,MIO_EUR,Million euro,S13,General government,P51C,Consumption of fixed capital,NL,Netherlands,2020,,25805.0,,,,,
dataflow,ESTAT:GOV_10A_MAIN(1.0),"Government revenue, expenditure and main aggregates",A,Annual,MIO_EUR,Million euro,S13,General government,P51C,Consumption of fixed capital,NL,Netherlands,2021,,26946.0,,,,,
dataflow,ESTAT:GOV_10A_MAIN(1.0),"Government revenue, expenditure and main aggregates",A,Annual,MIO_EUR,Million euro,S13,General government,P51C,Consumption of fixed capital,NL,Netherlands,2022,,29168.0,,,,,
dataflow,ESTAT:GOV_10A_MAIN(1.0),"Government revenue, expenditure and main aggregates",A,Annual,MIO_EUR,Million euro,S13,General government,P51C,Consumption of fixed capital,NL,Netherlands,2023,,30858.0,,,,,
dataflow,ESTAT:GOV_10A_MAIN(1.0),"Government revenue, expenditure and main aggregates",A,Annual,MIO_EUR,Million euro,S13,General government,P51C,Consumption of fixed capital,NL,Netherlands,2024,,32712.0,,p,provisional,,
dataflow,ESTAT:GOV_10A_MAIN(1.0),"Government revenue, expenditure and main aggregates",A,Annual,MIO_EUR,Million euro,S13,General government,P51C,Consumption of fixed capital,PL,Poland,1995,,3145.2,,,,,
dataflow,ESTAT:GOV_10A_MAIN(1.0),"Government revenue, expenditure and main aggregates",A,Annual,MIO_EUR,Million euro,S13,General government,P51C,Consumption of fixed capital,PL,Poland,1996,,3678.8,,,,,
dataflow,ESTAT:GOV_10A_MAIN(1.0),"Government revenue, expenditure and main aggregates",A,Annual,MIO_EUR,Million euro,S13,General government,P51C,Consumption of fixed capital,PL,Poland,1997,,3860.6,,,,,
dataflow,ESTAT:GOV_10A_MAIN(1.0),"Government revenue, expenditure and main aggregates",A,Annual,MIO_EUR,Million euro,S13,General government,P51C,Consumption of fixed capital,PL,Poland,1998,,4121.5,,,,,
dataflow,ESTAT:GOV_10A_MAIN(1.0),"Government revenue, expenditure and main aggregates",A,Annual,MIO_EUR,Million euro,S13,General government,P51C,Consumption of fixed capital,PL,Poland,1999,,4165.0,,,,,
dataflow,ESTAT:GOV_10A_MAIN(1.0),"Government revenue, expenditure and main aggregates",A,Annual,MIO_EUR,Million euro,S13,General government,P51C,Consumption of fixed capital,PL,Poland,2000,,4810.1,,,,,
dataflow,ESTAT:GOV_10A_MAIN(1.0),"Government revenue, expenditure and main aggregates",A,Annual,MIO_EUR,Million euro,S13,General government,P51C,Consumption of fixed capital,PL,Poland,2001,,5610.7,,,,,
dataflow,ESTAT:GOV_10A_MAIN(1.0),"Government revenue, expenditure and main aggregates",A,Annual,MIO_EUR,Million euro,S13,General government,P51C,Consumption of fixed capital,PL,Poland,2002,,5445.9,,,,,
dataflow,ESTAT:GOV_10A_MAIN(1.0),"Government revenue, expenditure and main aggregates",A,Annual,MIO_EUR,Million euro,S13,General government,P51C,Consumption of fixed capital,PL,Poland,2003,,5003.0,,,,,
dataflow,ESTAT:GOV_10A_MAIN(1.0),"Government revenue, expenditure and main aggregates",A,Annual,MIO_EUR,Million euro,S13,General government,P51C,Consumption of fixed capital,PL,Poland,2004,,5201.7,,,,,
dataflow,ESTAT:GOV_10A_MAIN(1.0),"Government revenue, expenditure and main aggregates",A,Annual,MIO_EUR,Million euro,S13,General government,P51C,Consumption of fixed capital,PL,Poland,2005,,6180.6,,,,,
dataflow,ESTAT:GOV_10A_MAIN(1.0),"Government revenue, expenditure and main aggregates",A,Annual,MIO_EUR,Million euro,S13,General government,P51C,Consumption of fixed capital,PL,Poland,2006,,6756.3,,,,,
dataflow,ESTAT:GOV_10A_MAIN(1.0),"Government revenue, expenditure and main aggregates",A,Annual,MIO_EUR,Million euro,S13,General government,P51C,Consumption of fixed capital,PL,Poland,2007,,7447.5,,,,,
dataflow,ESTAT:GOV_10A_MAIN(1.0),"Government revenue, expenditure and main aggregates",A,Annual,MIO_EUR,Million euro,S13,General government,P51C,Consumption of fixed capital,PL,Poland,2008,,8304.1,,,,,
dataflow,ESTAT:GOV_10A_MAIN(1.0),"Government revenue, expenditure and main aggregates",A,Annual,MIO_EUR,Million euro,S13,General government,P51C,Consumption of fixed capital,PL,Poland,2009,,7267.3,,,,,
dataflow,ESTAT:GOV_10A_MAIN(1.0),"Government revenue, expenditure and main aggregates",A,Annual,MIO_EUR,Million euro,S13,General government,P51C,Consumption of fixed capital,PL,Poland,2010,,8563.8,,,,,
dataflow,ESTAT:GOV_10A_MAIN(1.0),"Government revenue, expenditure and main aggregates",A,Annual,MIO_EUR,Million euro,S13,General government,P51C,Consumption of fixed capital,PL,Poland,2011,,8710.6,,,,,
dataflow,ESTAT:GOV_10A_MAIN(1.0),"Government revenue, expenditure and main aggregates",A,Annual,MIO_EUR,Million euro,S13,General government,P51C,Consumption of fixed capital,PL,Poland,2012,,9079.0,,,,,
dataflow,ESTAT:GOV_10A_MAIN(1.0),"Government revenue, expenditure and main aggregates",A,Annual,MIO_EUR,Million euro,S13,General government,P51C,Consumption of fixed capital,PL,Poland,2013,,9377.5,,,,,
dataflow,ESTAT:GOV_10A_MAIN(1.0),"Government revenue, expenditure and main aggregates",A,Annual,MIO_EUR,Million euro,S13,General government,P51C,Consumption of fixed capital,PL,Poland,2014,,9987.9,,,,,
dataflow,ESTAT:GOV_10A_MAIN(1.0),"Government revenue, expenditure and main aggregates",A,Annual,MIO_EUR,Million euro,S13,General government,P51C,Consumption of fixed capital,PL,Poland,2015,,10181.4,,,,,
dataflow,ESTAT:GOV_10A_MAIN(1.0),"Government revenue, expenditure and main aggregates",A,Annual,MIO_EUR,Million euro,S13,General government,P51C,Consumption of fixed capital,PL,Poland,2016,,10117.5,,,,,
dataflow,ESTAT:GOV_10A_MAIN(1.0),"Government revenue, expenditure and main aggregates",A,Annual,MIO_EUR,Million euro,S13,General government,P51C,Consumption of fixed capital,PL,Poland,2017,,10645.8,,,,,
dataflow,ESTAT:GOV_10A_MAIN(1.0),"Government revenue, expenditure and main aggregates",A,Annual,MIO_EUR,Million euro,S13,General government,P51C,Consumption of fixed capital,PL,Poland,2018,,11461.0,,,,,
dataflow,ESTAT:GOV_10A_MAIN(1.0),"Government revenue, expenditure and main aggregates",A,Annual,MIO_EUR,Million euro,S13,General government,P51C,Consumption of fixed capital,PL,Poland,2019,,12492.3,,,,,
dataflow,ESTAT:GOV_10A_MAIN(1.0),"Government revenue, expenditure and main aggregates",A,Annual,MIO_EUR,Million euro,S13,General government,P51C,Consumption of fixed capital,PL,Poland,2020,,12546.3,,,,,
dataflow,ESTAT:GOV_10A_MAIN(1.0),"Government revenue, expenditure and main aggregates",A,Annual,MIO_EUR,Million euro,S13,General government,P51C,Consumption of fixed capital,PL,Poland,2021,,13154.5,,,,,
dataflow,ESTAT:GOV_10A_MAIN(1.0),"Government revenue, expenditure and main aggregates",A,Annual,MIO_EUR,Million euro,S13,General government,P51C,Consumption of fixed capital,PL,Poland,2022,,14674.5,,,,,
dataflow,ESTAT:GOV_10A_MAIN(1.0),"Government revenue, expenditure and main aggregates",A,Annual,MIO_EUR,Million euro,S13,General government,P51C,Consumption of fixed capital,PL,Poland,2023,,17468.3,,,,,
dataflow,ESTAT:GOV_10A_MAIN(1.0),"Government revenue, expenditure and main aggregates",A,Annual,MIO_EUR,Million euro,S13,General government,P51C,Consumption of fixed capital,PL,Poland,2024,,20019.7,,,,,
dataflow,ESTAT:GOV_10A_MAIN(1.0),"Government revenue, expenditure and main aggregates",A,Annual,MIO_EUR,Million euro,S13,General government,P51C,Consumption of fixed capital,PT,Portugal,1995,,2010.3,,,,,
dataflow,ESTAT:GOV_10A_MAIN(1.0),"Government revenue, expenditure and main aggregates",A,Annual,MIO_EUR,Million euro,S13,General government,P51C,Consumption of fixed capital,PT,Portugal,1996,,2146.5,,,,,
dataflow,ESTAT:GOV_10A_MAIN(1.0),"Government revenue, expenditure and main aggregates",A,Annual,MIO_EUR,Million euro,S13,General government,P51C,Consumption of fixed capital,PT,Portugal,1997,,2295.6,,,,,
dataflow,ESTAT:GOV_10A_MAIN(1.0),"Government revenue, expenditure and main aggregates",A,Annual,MIO_EUR,Million euro,S13,General government,P51C,Consumption of fixed capital,PT,Portugal,1998,,2439.0,,,,,
dataflow,ESTAT:GOV_10A_MAIN(1.0),"Government revenue, expenditure and main aggregates",A,Annual,MIO_EUR,Million euro,S13,General government,P51C,Consumption of fixed capital,PT,Portugal,1999,,2633.9,,,,,
dataflow,ESTAT:GOV_10A_MAIN(1.0),"Government revenue, expenditure and main aggregates",A,Annual,MIO_EUR,Million euro,S13,General government,P51C,Consumption of fixed capital,PT,Portugal,2000,,2883.7,,,,,
dataflow,ESTAT:GOV_10A_MAIN(1.0),"Government revenue, expenditure and main aggregates",A,Annual,MIO_EUR,Million euro,S13,General government,P51C,Consumption of fixed capital,PT,Portugal,2001,,3082.2,,,,,
dataflow,ESTAT:GOV_10A_MAIN(1.0),"Government revenue, expenditure and main aggregates",A,Annual,MIO_EUR,Million euro,S13,General government,P51C,Consumption of fixed capital,PT,Portugal,2002,,3278.9,,,,,
dataflow,ESTAT:GOV_10A_MAIN(1.0),"Government revenue, expenditure and main aggregates",A,Annual,MIO_EUR,Million euro,S13,General government,P51C,Consumption of fixed capital,PT,Portugal,2003,,3446.1,,,,,
dataflow,ESTAT:GOV_10A_MAIN(1.0),"Government revenue, expenditure and main aggregates",A,Annual,MIO_EUR,Million euro,S13,General government,P51C,Consumption of fixed capital,PT,Portugal,2004,,3678.9,,,,,
dataflow,ESTAT:GOV_10A_MAIN(1.0),"Government revenue, expenditure and main aggregates",A,Annual,MIO_EUR,Million euro,S13,General government,P51C,Consumption of fixed capital,PT,Portugal,2005,,3922.1,,,,,
dataflow,ESTAT:GOV_10A_MAIN(1.0),"Government revenue, expenditure and main aggregates",A,Annual,MIO_EUR,Million euro,S13,General government,P51C,Consumption of fixed capital,PT,Portugal,2006,,4150.6,,,,,
dataflow,ESTAT:GOV_10A_MAIN(1.0),"Government revenue, expenditure and main aggregates",A,Annual,MIO_EUR,Million euro,S13,General government,P51C,Consumption of fixed capital,PT,Portugal,2007,,4354.5,,,,,
dataflow,ESTAT:GOV_10A_MAIN(1.0),"Government revenue, expenditure and main aggregates",A,Annual,MIO_EUR,Million euro,S13,General government,P51C,Consumption of fixed capital,PT,Portugal,2008,,4691.9,,,,,
dataflow,ESTAT:GOV_10A_MAIN(1.0),"Government revenue, expenditure and main aggregates",A,Annual,MIO_EUR,Million euro,S13,General government,P51C,Consumption of fixed capital,PT,Portugal,2009,,4740.2,,,,,
dataflow,ESTAT:GOV_10A_MAIN(1.0),"Government revenue, expenditure and main aggregates",A,Annual,MIO_EUR,Million euro,S13,General government,P51C,Consumption of fixed capital,PT,Portugal,2010,,4967.0,,,,,
dataflow,ESTAT:GOV_10A_MAIN(1.0),"Government revenue, expenditure and main aggregates",A,Annual,MIO_EUR,Million euro,S13,General government,P51C,Consumption of fixed capital,PT,Portugal,2011,,5130.5,,,,,
dataflow,ESTAT:GOV_10A_MAIN(1.0),"Government revenue, expenditure and main aggregates",A,Annual,MIO_EUR,Million euro,S13,General government,P51C,Consumption of fixed capital,PT,Portugal,2012,,5140.9,,,,,
dataflow,ESTAT:GOV_10A_MAIN(1.0),"Government revenue, expenditure and main aggregates",A,Annual,MIO_EUR,Million euro,S13,General government,P51C,Consumption of fixed capital,PT,Portugal,2013,,4981.1,,,,,
dataflow,ESTAT:GOV_10A_MAIN(1.0),"Government revenue, expenditure and main aggregates",A,Annual,MIO_EUR,Million euro,S13,General government,P51C,Consumption of fixed capital,PT,Portugal,2014,,4994.8,,,,,
dataflow,ESTAT:GOV_10A_MAIN(1.0),"Government revenue, expenditure and main aggregates",A,Annual,MIO_EUR,Million euro,S13,General government,P51C,Consumption of fixed capital,PT,Portugal,2015,,5125.7,,,,,
dataflow,ESTAT:GOV_10A_MAIN(1.0),"Government revenue, expenditure and main aggregates",A,Annual,MIO_EUR,Million euro,S13,General government,P51C,Consumption of fixed capital,PT,Portugal,2016,,5123.1,,,,,
dataflow,ESTAT:GOV_10A_MAIN(1.0),"Government revenue, expenditure and main aggregates",A,Annual,MIO_EUR,Million euro,S13,General government,P51C,Consumption of fixed capital,PT,Portugal,2017,,5236.4,,,,,
dataflow,ESTAT:GOV_10A_MAIN(1.0),"Government revenue, expenditure and main aggregates",A,Annual,MIO_EUR,Million euro,S13,General government,P51C,Consumption of fixed capital,PT,Portugal,2018,,5467.5,,,,,
dataflow,ESTAT:GOV_10A_MAIN(1.0),"Government revenue, expenditure and main aggregates",A,Annual,MIO_EUR,Million euro,S13,General government,P51C,Consumption of fixed capital,PT,Portugal,2019,,5554.4,,,,,
dataflow,ESTAT:GOV_10A_MAIN(1.0),"Government revenue, expenditure and main aggregates",A,Annual,MIO_EUR,Million euro,S13,General government,P51C,Consumption of fixed capital,PT,Portugal,2020,,5635.5,,,,,
dataflow,ESTAT:GOV_10A_MAIN(1.0),"Government revenue, expenditure and main aggregates",A,Annual,MIO_EUR,Million euro,S13,General government,P51C,Consumption of fixed capital,PT,Portugal,2021,,5923.0,,,,,
dataflow,ESTAT:GOV_10A_MAIN(1.0),"Government revenue, expenditure and main aggregates",A,Annual,MIO_EUR,Million euro,S13,General government,P51C,Consumption of fixed capital,PT,Portugal,2022,,6593.2,,,,,
dataflow,ESTAT:GOV_10A_MAIN(1.0),"Government revenue, expenditure and main aggregates",A,Annual,MIO_EUR,Million euro,S13,General government,P51C,Consumption of fixed capital,PT,Portugal,2023,,6901.4,,,,,
dataflow,ESTAT:GOV_10A_MAIN(1.0),"Government revenue, expenditure and main aggregates",A,Annual,MIO_EUR,Million euro,S13,General government,P51C,Consumption of fixed capital,PT,Portugal,2024,,6987.0,,,,,
dataflow,ESTAT:GOV_10A_MAIN(1.0),"Government revenue, expenditure and main aggregates",A,Annual,MIO_EUR,Million euro,S13,General government,P51C,Consumption of fixed capital,RO,Romania,1995,,16.9,,,,,
dataflow,ESTAT:GOV_10A_MAIN(1.0),"Government revenue, expenditure and main aggregates",A,Annual,MIO_EUR,Million euro,S13,General government,P51C,Consumption of fixed capital,RO,Romania,1996,,24.2,,,,,
dataflow,ESTAT:GOV_10A_MAIN(1.0),"Government revenue, expenditure and main aggregates",A,Annual,MIO_EUR,Million euro,S13,General government,P51C,Consumption of fixed capital,RO,Romania,1997,,40.1,,,,,
dataflow,ESTAT:GOV_10A_MAIN(1.0),"Government revenue, expenditure and main aggregates",A,Annual,MIO_EUR,Million euro,S13,General government,P51C,Consumption of fixed capital,RO,Romania,1998,,63.2,,,,,
dataflow,ESTAT:GOV_10A_MAIN(1.0),"Government revenue, expenditure and main aggregates",A,Annual,MIO_EUR,Million euro,S13,General government,P51C,Consumption of fixed capital,RO,Romania,1999,,114.9,,,,,
dataflow,ESTAT:GOV_10A_MAIN(1.0),"Government revenue, expenditure and main aggregates",A,Annual,MIO_EUR,Million euro,S13,General government,P51C,Consumption of fixed capital,RO,Romania,2000,,312.9,,,,,
dataflow,ESTAT:GOV_10A_MAIN(1.0),"Government revenue, expenditure and main aggregates",A,Annual,MIO_EUR,Million euro,S13,General government,P51C,Consumption of fixed capital,RO,Romania,2001,,545.5,,,,,
dataflow,ESTAT:GOV_10A_MAIN(1.0),"Government revenue, expenditure and main aggregates",A,Annual,MIO_EUR,Million euro,S13,General government,P51C,Consumption of fixed capital,RO,Romania,2002,,557.1,,,,,
dataflow,ESTAT:GOV_10A_MAIN(1.0),"Government revenue, expenditure and main aggregates",A,Annual,MIO_EUR,Million euro,S13,General government,P51C,Consumption of fixed capital,RO,Romania,2003,,1197.0,,,,,
dataflow,ESTAT:GOV_10A_MAIN(1.0),"Government revenue, expenditure and main aggregates",A,Annual,MIO_EUR,Million euro,S13,General government,P51C,Consumption of fixed capital,RO,Romania,2004,,1072.5,,,,,
dataflow,ESTAT:GOV_10A_MAIN(1.0),"Government revenue, expenditure and main aggregates",A,Annual,MIO_EUR,Million euro,S13,General government,P51C,Consumption of fixed capital,RO,Romania,2005,,1421.9,,,,,
dataflow,ESTAT:GOV_10A_MAIN(1.0),"Government revenue, expenditure and main aggregates",A,Annual,MIO_EUR,Million euro,S13,General government,P51C,Consumption of fixed capital,RO,Romania,2006,,1605.0,,,,,
dataflow,ESTAT:GOV_10A_MAIN(1.0),"Government revenue, expenditure and main aggregates",A,Annual,MIO_EUR,Million euro,S13,General government,P51C,Consumption of fixed capital,RO,Romania,2007,,1925.6,,,,,
dataflow,ESTAT:GOV_10A_MAIN(1.0),"Government revenue, expenditure and main aggregates",A,Annual,MIO_EUR,Million euro,S13,General government,P51C,Consumption of fixed capital,RO,Romania,2008,,2241.4,,,,,
dataflow,ESTAT:GOV_10A_MAIN(1.0),"Government revenue, expenditure and main aggregates",A,Annual,MIO_EUR,Million euro,S13,General government,P51C,Consumption of fixed capital,RO,Romania,2009,,2139.8,,,,,
dataflow,ESTAT:GOV_10A_MAIN(1.0),"Government revenue, expenditure and main aggregates",A,Annual,MIO_EUR,Million euro,S13,General government,P51C,Consumption of fixed capital,RO,Romania,2010,,2313.7,,,,,
dataflow,ESTAT:GOV_10A_MAIN(1.0),"Government revenue, expenditure and main aggregates",A,Annual,MIO_EUR,Million euro,S13,General government,P51C,Consumption of fixed capital,RO,Romania,2011,,2533.7,,,,,
dataflow,ESTAT:GOV_10A_MAIN(1.0),"Government revenue, expenditure and main aggregates",A,Annual,MIO_EUR,Million euro,S13,General government,P51C,Consumption of fixed capital,RO,Romania,2012,,2430.2,,,,,
dataflow,ESTAT:GOV_10A_MAIN(1.0),"Government revenue, expenditure and main aggregates",A,Annual,MIO_EUR,Million euro,S13,General government,P51C,Consumption of fixed capital,RO,Romania,2013,,2436.8,,,,,
dataflow,ESTAT:GOV_10A_MAIN(1.0),"Government revenue, expenditure and main aggregates",A,Annual,MIO_EUR,Million euro,S13,General government,P51C,Consumption of fixed capital,RO,Romania,2014,,2859.1,,,,,
dataflow,ESTAT:GOV_10A_MAIN(1.0),"Government revenue, expenditure and main aggregates",A,Annual,MIO_EUR,Million euro,S13,General government,P51C,Consumption of fixed capital,RO,Romania,2015,,2984.7,,,,,
dataflow,ESTAT:GOV_10A_MAIN(1.0),"Government revenue, expenditure and main aggregates",A,Annual,MIO_EUR,Million euro,S13,General government,P51C,Consumption of fixed capital,RO,Romania,2016,,3307.8,,,,,
dataflow,ESTAT:GOV_10A_MAIN(1.0),"Government revenue, expenditure and main aggregates",A,Annual,MIO_EUR,Million euro,S13,General government,P51C,Consumption of fixed capital,RO,Romania,2017,,3559.5,,,,,
dataflow,ESTAT:GOV_10A_MAIN(1.0),"Government revenue, expenditure and main aggregates",A,Annual,MIO_EUR,Million euro,S13,General government,P51C,Consumption of fixed capital,RO,Romania,2018,,4033.2,,,,,
dataflow,ESTAT:GOV_10A_MAIN(1.0),"Government revenue, expenditure and main aggregates",A,Annual,MIO_EUR,Million euro,S13,General government,P51C,Consumption of fixed capital,RO,Romania,2019,,4461.0,,,,,
dataflow,ESTAT:GOV_10A_MAIN(1.0),"Government revenue, expenditure and main aggregates",A,Annual,MIO_EUR,Million euro,S13,General government,P51C,Consumption of fixed capital,RO,Romania,2020,,4664.5,,,,,
dataflow,ESTAT:GOV_10A_MAIN(1.0),"Government revenue, expenditure and main aggregates",A,Annual,MIO_EUR,Million euro,S13,General government,P51C,Consumption of fixed capital,RO,Romania,2021,,5113.6,,,,,
dataflow,ESTAT:GOV_10A_MAIN(1.0),"Government revenue, expenditure and main aggregates",A,Annual,MIO_EUR,Million euro,S13,General government,P51C,Consumption of fixed capital,RO,Romania,2022,,6133.4,,,,,
dataflow,ESTAT:GOV_10A_MAIN(1.0),"Government revenue, expenditure and main aggregates",A,Annual,MIO_EUR,Million euro,S13,General government,P51C,Consumption of fixed capital,RO,Romania,2023,,7093.3,,,,,
dataflow,ESTAT:GOV_10A_MAIN(1.0),"Government revenue, expenditure and main aggregates",A,Annual,MIO_EUR,Million euro,S13,General government,P51C,Consumption of fixed capital,RO,Romania,2024,,8157.2,,,,,
dataflow,ESTAT:GOV_10A_MAIN(1.0),"Government revenue, expenditure and main aggregates",A,Annual,MIO_EUR,Million euro,S13,General government,P51C,Consumption of fixed capital,SE,Sweden,1995,,6853.4,,,,,
dataflow,ESTAT:GOV_10A_MAIN(1.0),"Government revenue, expenditure and main aggregates",A,Annual,MIO_EUR,Million euro,S13,General government,P51C,Consumption of fixed capital,SE,Sweden,1996,,7749.0,,,,,
dataflow,ESTAT:GOV_10A_MAIN(1.0),"Government revenue, expenditure and main aggregates",A,Annual,MIO_EUR,Million euro,S13,General government,P51C,Consumption of fixed capital,SE,Sweden,1997,,7840.2,,,,,
dataflow,ESTAT:GOV_10A_MAIN(1.0),"Government revenue, expenditure and main aggregates",A,Annual,MIO_EUR,Million euro,S13,General government,P51C,Consumption of fixed capital,SE,Sweden,1998,,7880.0,,,,,
dataflow,ESTAT:GOV_10A_MAIN(1.0),"Government revenue, expenditure and main aggregates",A,Annual,MIO_EUR,Million euro,S13,General government,P51C,Consumption of fixed capital,SE,Sweden,1999,,8364.5,,,,,
dataflow,ESTAT:GOV_10A_MAIN(1.0),"Government revenue, expenditure and main aggregates",A,Annual,MIO_EUR,Million euro,S13,General government,P51C,Consumption of fixed capital,SE,Sweden,2000,,9209.1,,,,,
dataflow,ESTAT:GOV_10A_MAIN(1.0),"Government revenue, expenditure and main aggregates",A,Annual,MIO_EUR,Million euro,S13,General government,P51C,Consumption of fixed capital,SE,Sweden,2001,,8904.9,,,,,
dataflow,ESTAT:GOV_10A_MAIN(1.0),"Government revenue, expenditure and main aggregates",A,Annual,MIO_EUR,Million euro,S13,General government,P51C,Consumption of fixed capital,SE,Sweden,2002,,9407.9,,,,,
dataflow,ESTAT:GOV_10A_MAIN(1.0),"Government revenue, expenditure and main aggregates",A,Annual,MIO_EUR,Million euro,S13,General government,P51C,Consumption of fixed capital,SE,Sweden,2003,,9683.0,,,,,
dataflow,ESTAT:GOV_10A_MAIN(1.0),"Government revenue, expenditure and main aggregates",A,Annual,MIO_EUR,Million euro,S13,General government,P51C,Consumption of fixed capital,SE,Sweden,2004,,9987.7,,,,,
dataflow,ESTAT:GOV_10A_MAIN(1.0),"Government revenue, expenditure and main aggregates",A,Annual,MIO_EUR,Million euro,S13,General government,P51C,Consumption of fixed capital,SE,Sweden,2005,,10166.9,,,,,
dataflow,ESTAT:GOV_10A_MAIN(1.0),"Government revenue, expenditure and main aggregates",A,Annual,MIO_EUR,Million euro,S13,General government,P51C,Consumption of fixed capital,SE,Sweden,2006,,10591.0,,,,,
dataflow,ESTAT:GOV_10A_MAIN(1.0),"Government revenue, expenditure and main aggregates",A,Annual,MIO_EUR,Million euro,S13,General government,P51C,Consumption of fixed capital,SE,Sweden,2007,,11093.2,,,,,
dataflow,ESTAT:GOV_10A_MAIN(1.0),"Government revenue, expenditure and main aggregates",A,Annual,MIO_EUR,Million euro,S13,General government,P51C,Consumption of fixed capital,SE,Sweden,2008,,11398.8,,,,,
dataflow,ESTAT:GOV_10A_MAIN(1.0),"Government revenue, expenditure and main aggregates",A,Annual,MIO_EUR,Million euro,S13,General government,P51C,Consumption of fixed capital,SE,Sweden,2009,,10758.6,,,,,
dataflow,ESTAT:GOV_10A_MAIN(1.0),"Government revenue, expenditure and main aggregates",A,Annual,MIO_EUR,Million euro,S13,General government,P51C,Consumption of fixed capital,SE,Sweden,2010,,12302.0,,,,,
dataflow,ESTAT:GOV_10A_MAIN(1.0),"Government revenue, expenditure and main aggregates",A,Annual,MIO_EUR,Million euro,S13,General government,P51C,Consumption of fixed capital,SE,Sweden,2011,,13443.3,,,,,
dataflow,ESTAT:GOV_10A_MAIN(1.0),"Government revenue, expenditure and main aggregates",A,Annual,MIO_EUR,Million euro,S13,General government,P51C,Consumption of fixed capital,SE,Sweden,2012,,14492.8,,,,,
dataflow,ESTAT:GOV_10A_MAIN(1.0),"Government revenue, expenditure and main aggregates",A,Annual,MIO_EUR,Million euro,S13,General government,P51C,Consumption of fixed capital,SE,Sweden,2013,,14986.2,,,,,
dataflow,ESTAT:GOV_10A_MAIN(1.0),"Government revenue, expenditure and main aggregates",A,Annual,MIO_EUR,Million euro,S13,General government,P51C,Consumption of fixed capital,SE,Sweden,2014,,14730.4,,,,,
dataflow,ESTAT:GOV_10A_MAIN(1.0),"Government revenue, expenditure and main aggregates",A,Annual,MIO_EUR,Million euro,S13,General government,P51C,Consumption of fixed capital,SE,Sweden,2015,,14757.3,,,,,
dataflow,ESTAT:GOV_10A_MAIN(1.0),"Government revenue, expenditure and main aggregates",A,Annual,MIO_EUR,Million euro,S13,General government,P51C,Consumption of fixed capital,SE,Sweden,2016,,14961.6,,,,,
dataflow,ESTAT:GOV_10A_MAIN(1.0),"Government revenue, expenditure and main aggregates",A,Annual,MIO_EUR,Million euro,S13,General government,P51C,Consumption of fixed capital,SE,Sweden,2017,,15509.5,,,,,
dataflow,ESTAT:GOV_10A_MAIN(1.0),"Government revenue, expenditure and main aggregates",A,Annual,MIO_EUR,Million euro,S13,General government,P51C,Consumption of fixed capital,SE,Sweden,2018,,15448.6,,,,,
dataflow,ESTAT:GOV_10A_MAIN(1.0),"Government revenue, expenditure and main aggregates",A,Annual,MIO_EUR,Million euro,S13,General government,P51C,Consumption of fixed capital,SE,Sweden,2019,,15681.3,,,,,
dataflow,ESTAT:GOV_10A_MAIN(1.0),"Government revenue, expenditure and main aggregates",A,Annual,MIO_EUR,Million euro,S13,General government,P51C,Consumption of fixed capital,SE,Sweden,2020,,16328.6,,,,,
dataflow,ESTAT:GOV_10A_MAIN(1.0),"Government revenue, expenditure and main aggregates",A,Annual,MIO_EUR,Million euro,S13,General government,P51C,Consumption of fixed capital,SE,Sweden,2021,,18256.5,,,,,
dataflow,ESTAT:GOV_10A_MAIN(1.0),"Government revenue, expenditure and main aggregates",A,Annual,MIO_EUR,Million euro,S13,General government,P51C,Consumption of fixed capital,SE,Sweden,2022,,19888.0,,,,,
dataflow,ESTAT:GOV_10A_MAIN(1.0),"Government revenue, expenditure and main aggregates",A,Annual,MIO_EUR,Million euro,S13,General government,P51C,Consumption of fixed capital,SE,Sweden,2023,,19852.5,,,,,
dataflow,ESTAT:GOV_10A_MAIN(1.0),"Government revenue, expenditure and main aggregates",A,Annual,MIO_EUR,Million euro,S13,General government,P51C,Consumption of fixed capital,SE,Sweden,2024,,21077.8,,,,,
dataflow,ESTAT:GOV_10A_MAIN(1.0),"Government revenue, expenditure and main aggregates",A,Annual,MIO_EUR,Million euro,S13,General government,P51C,Consumption of fixed capital,SI,Slovenia,1995,,391.8,,,,,
dataflow,ESTAT:GOV_10A_MAIN(1.0),"Government revenue, expenditure and main aggregates",A,Annual,MIO_EUR,Million euro,S13,General government,P51C,Consumption of fixed capital,SI,Slovenia,1996,,402.0,,,,,
dataflow,ESTAT:GOV_10A_MAIN(1.0),"Government revenue, expenditure and main aggregates",A,Annual,MIO_EUR,Million euro,S13,General government,P51C,Consumption of fixed capital,SI,Slovenia,1997,,409.8,,,,,
dataflow,ESTAT:GOV_10A_MAIN(1.0),"Government revenue, expenditure and main aggregates",A,Annual,MIO_EUR,Million euro,S13,General government,P51C,Consumption of fixed capital,SI,Slovenia,1998,,427.5,,,,,
dataflow,ESTAT:GOV_10A_MAIN(1.0),"Government revenue, expenditure and main aggregates",A,Annual,MIO_EUR,Million euro,S13,General government,P51C,Consumption of fixed capital,SI,Slovenia,1999,,452.5,,,,,
dataflow,ESTAT:GOV_10A_MAIN(1.0),"Government revenue, expenditure and main aggregates",A,Annual,MIO_EUR,Million euro,S13,General government,P51C,Consumption of fixed capital,SI,Slovenia,2000,,477.8,,,,,
dataflow,ESTAT:GOV_10A_MAIN(1.0),"Government revenue, expenditure and main aggregates",A,Annual,MIO_EUR,Million euro,S13,General government,P51C,Consumption of fixed capital,SI,Slovenia,2001,,498.6,,,,,
dataflow,ESTAT:GOV_10A_MAIN(1.0),"Government revenue, expenditure and main aggregates",A,Annual,MIO_EUR,Million euro,S13,General government,P51C,Consumption of fixed capital,SI,Slovenia,2002,,525.9,,,,,
dataflow,ESTAT:GOV_10A_MAIN(1.0),"Government revenue, expenditure and main aggregates",A,Annual,MIO_EUR,Million euro,S13,General government,P51C,Consumption of fixed capital,SI,Slovenia,2003,,554.3,,,,,
dataflow,ESTAT:GOV_10A_MAIN(1.0),"Government revenue, expenditure and main aggregates",A,Annual,MIO_EUR,Million euro,S13,General government,P51C,Consumption of fixed capital,SI,Slovenia,2004,,595.3,,,,,
dataflow,ESTAT:GOV_10A_MAIN(1.0),"Government revenue, expenditure and main aggregates",A,Annual,MIO_EUR,Million euro,S13,General government,P51C,Consumption of fixed capital,SI,Slovenia,2005,,635.3,,,,,
dataflow,ESTAT:GOV_10A_MAIN(1.0),"Government revenue, expenditure and main aggregates",A,Annual,MIO_EUR,Million euro,S13,General government,P51C,Consumption of fixed capital,SI,Slovenia,2006,,684.4,,,,,
dataflow,ESTAT:GOV_10A_MAIN(1.0),"Government revenue, expenditure and main aggregates",A,Annual,MIO_EUR,Million euro,S13,General government,P51C,Consumption of fixed capital,SI,Slovenia,2007,,741.4,,,,,
dataflow,ESTAT:GOV_10A_MAIN(1.0),"Government revenue, expenditure and main aggregates",A,Annual,MIO_EUR,Million euro,S13,General government,P51C,Consumption of fixed capital,SI,Slovenia,2008,,815.6,,,,,
dataflow,ESTAT:GOV_10A_MAIN(1.0),"Government revenue, expenditure and main aggregates",A,Annual,MIO_EUR,Million euro,S13,General government,P51C,Consumption of fixed capital,SI,Slovenia,2009,,873.8,,,,,
dataflow,ESTAT:GOV_10A_MAIN(1.0),"Government revenue, expenditure and main aggregates",A,Annual,MIO_EUR,Million euro,S13,General government,P51C,Consumption of fixed capital,SI,Slovenia,2010,,930.5,,,,,
dataflow,ESTAT:GOV_10A_MAIN(1.0),"Government revenue, expenditure and main aggregates",A,Annual,MIO_EUR,Million euro,S13,General government,P51C,Consumption of fixed capital,SI,Slovenia,2011,,989.4,,,,,
dataflow,ESTAT:GOV_10A_MAIN(1.0),"Government revenue, expenditure and main aggregates",A,Annual,MIO_EUR,Million euro,S13,General government,P51C,Consumption of fixed capital,SI,Slovenia,2012,,1032.1,,,,,
dataflow,ESTAT:GOV_10A_MAIN(1.0),"Government revenue, expenditure and main aggregates",A,Annual,MIO_EUR,Million euro,S13,General government,P51C,Consumption of fixed capital,SI,Slovenia,2013,,1047.9,,,,,
dataflow,ESTAT:GOV_10A_MAIN(1.0),"Government revenue, expenditure and main aggregates",A,Annual,MIO_EUR,Million euro,S13,General government,P51C,Consumption of fixed capital,SI,Slovenia,2014,,1068.2,,,,,
dataflow,ESTAT:GOV_10A_MAIN(1.0),"Government revenue, expenditure and main aggregates",A,Annual,MIO_EUR,Million euro,S13,General government,P51C,Consumption of fixed capital,SI,Slovenia,2015,,1100.9,,,,,
dataflow,ESTAT:GOV_10A_MAIN(1.0),"Government revenue, expenditure and main aggregates",A,Annual,MIO_EUR,Million euro,S13,General government,P51C,Consumption of fixed capital,SI,Slovenia,2016,,1122.6,,,,,
dataflow,ESTAT:GOV_10A_MAIN(1.0),"Government revenue, expenditure and main aggregates",A,Annual,MIO_EUR,Million euro,S13,General government,P51C,Consumption of fixed capital,SI,Slovenia,2017,,1153.1,,,,,
dataflow,ESTAT:GOV_10A_MAIN(1.0),"Government revenue, expenditure and main aggregates",A,Annual,MIO_EUR,Million euro,S13,General government,P51C,Consumption of fixed capital,SI,Slovenia,2018,,1199.1,,,,,
dataflow,ESTAT:GOV_10A_MAIN(1.0),"Government revenue, expenditure and main aggregates",A,Annual,MIO_EUR,Million euro,S13,General government,P51C,Consumption of fixed capital,SI,Slovenia,2019,,1253.2,,,,,
dataflow,ESTAT:GOV_10A_MAIN(1.0),"Government revenue, expenditure and main aggregates",A,Annual,MIO_EUR,Million euro,S13,General government,P51C,Consumption of fixed capital,SI,Slovenia,2020,,1305.8,,,,,
dataflow,ESTAT:GOV_10A_MAIN(1.0),"Government revenue, expenditure and main aggregates",A,Annual,MIO_EUR,Million euro,S13,General government,P51C,Consumption of fixed capital,SI,Slovenia,2021,,1429.9,,,,,
dataflow,ESTAT:GOV_10A_MAIN(1.0),"Government revenue, expenditure and main aggregates",A,Annual,MIO_EUR,Million euro,S13,General government,P51C,Consumption of fixed capital,SI,Slovenia,2022,,1707.8,,,,,
dataflow,ESTAT:GOV_10A_MAIN(1.0),"Government revenue, expenditure and main aggregates",A,Annual,MIO_EUR,Million euro,S13,General government,P51C,Consumption of fixed capital,SI,Slovenia,2023,,1877.8,,,,,
dataflow,ESTAT:GOV_10A_MAIN(1.0),"Government revenue, expenditure and main aggregates",A,Annual,MIO_EUR,Million euro,S13,General government,P51C,Consumption of fixed capital,SI,Slovenia,2024,,1951.9,,,,,
dataflow,ESTAT:GOV_10A_MAIN(1.0),"Government revenue, expenditure and main aggregates",A,Annual,MIO_EUR,Million euro,S13,General government,P51C,Consumption of fixed capital,SK,Slovakia,1995,,1367.8,,,,,
dataflow,ESTAT:GOV_10A_MAIN(1.0),"Government revenue, expenditure and main aggregates",A,Annual,MIO_EUR,Million euro,S13,General government,P51C,Consumption of fixed capital,SK,Slovakia,1996,,1373.5,,,,,
dataflow,ESTAT:GOV_10A_MAIN(1.0),"Government revenue, expenditure and main aggregates",A,Annual,MIO_EUR,Million euro,S13,General government,P51C,Consumption of fixed capital,SK,Slovakia,1997,,1387.4,,,,,
dataflow,ESTAT:GOV_10A_MAIN(1.0),"Government revenue, expenditure and main aggregates",A,Annual,MIO_EUR,Million euro,S13,General government,P51C,Consumption of fixed capital,SK,Slovakia,1998,,1343.4,,,,,
dataflow,ESTAT:GOV_10A_MAIN(1.0),"Government revenue, expenditure and main aggregates",A,Annual,MIO_EUR,Million euro,S13,General government,P51C,Consumption of fixed capital,SK,Slovakia,1999,,1213.6,,,,,
dataflow,ESTAT:GOV_10A_MAIN(1.0),"Government revenue, expenditure and main aggregates",A,Annual,MIO_EUR,Million euro,S13,General government,P51C,Consumption of fixed capital,SK,Slovakia,2000,,1269.1,,,,,
dataflow,ESTAT:GOV_10A_MAIN(1.0),"Government revenue, expenditure and main aggregates",A,Annual,MIO_EUR,Million euro,S13,General government,P51C,Consumption of fixed capital,SK,Slovakia,2001,,1268.0,,,,,
dataflow,ESTAT:GOV_10A_MAIN(1.0),"Government revenue, expenditure and main aggregates",A,Annual,MIO_EUR,Million euro,S13,General government,P51C,Consumption of fixed capital,SK,Slovakia,2002,,1315.6,,,,,
dataflow,ESTAT:GOV_10A_MAIN(1.0),"Government revenue, expenditure and main aggregates",A,Annual,MIO_EUR,Million euro,S13,General government,P51C,Consumption of fixed capital,SK,Slovakia,2003,,1409.4,,,,,
dataflow,ESTAT:GOV_10A_MAIN(1.0),"Government revenue, expenditure and main aggregates",A,Annual,MIO_EUR,Million euro,S13,General government,P51C,Consumption of fixed capital,SK,Slovakia,2004,,1501.7,,,,,
dataflow,ESTAT:GOV_10A_MAIN(1.0),"Government revenue, expenditure and main aggregates",A,Annual,MIO_EUR,Million euro,S13,General government,P51C,Consumption of fixed capital,SK,Slovakia,2005,,1586.5,,,,,
dataflow,ESTAT:GOV_10A_MAIN(1.0),"Government revenue, expenditure and main aggregates",A,Annual,MIO_EUR,Million euro,S13,General government,P51C,Consumption of fixed capital,SK,Slovakia,2006,,1824.2,,,,,
dataflow,ESTAT:GOV_10A_MAIN(1.0),"Government revenue, expenditure and main aggregates",A,Annual,MIO_EUR,Million euro,S13,General government,P51C,Consumption of fixed capital,SK,Slovakia,2007,,2045.3,,,,,
dataflow,ESTAT:GOV_10A_MAIN(1.0),"Government revenue, expenditure and main aggregates",A,Annual,MIO_EUR,Million euro,S13,General government,P51C,Consumption of fixed capital,SK,Slovakia,2008,,2274.0,,,,,
dataflow,ESTAT:GOV_10A_MAIN(1.0),"Government revenue, expenditure and main aggregates",A,Annual,MIO_EUR,Million euro,S13,General government,P51C,Consumption of fixed capital,SK,Slovakia,2009,,2372.0,,,,,
dataflow,ESTAT:GOV_10A_MAIN(1.0),"Government revenue, expenditure and main aggregates",A,Annual,MIO_EUR,Million euro,S13,General government,P51C,Consumption of fixed capital,SK,Slovakia,2010,,2376.9,,,,,
dataflow,ESTAT:GOV_10A_MAIN(1.0),"Government revenue, expenditure and main aggregates",A,Annual,MIO_EUR,Million euro,S13,General government,P51C,Consumption of fixed capital,SK,Slovakia,2011,,2375.3,,,,,
dataflow,ESTAT:GOV_10A_MAIN(1.0),"Government revenue, expenditure and main aggregates",A,Annual,MIO_EUR,Million euro,S13,General government,P51C,Consumption of fixed capital,SK,Slovakia,2012,,2679.6,,,,,
dataflow,ESTAT:GOV_10A_MAIN(1.0),"Government revenue, expenditure and main aggregates",A,Annual,MIO_EUR,Million euro,S13,General government,P51C,Consumption of fixed capital,SK,Slovakia,2013,,2750.7,,,,,
dataflow,ESTAT:GOV_10A_MAIN(1.0),"Government revenue, expenditure and main aggregates",A,Annual,MIO_EUR,Million euro,S13,General government,P51C,Consumption of fixed capital,SK,Slovakia,2014,,2756.5,,,,,
dataflow,ESTAT:GOV_10A_MAIN(1.0),"Government revenue, expenditure and main aggregates",A,Annual,MIO_EUR,Million euro,S13,General government,P51C,Consumption of fixed capital,SK,Slovakia,2015,,2869.8,,,,,
dataflow,ESTAT:GOV_10A_MAIN(1.0),"Government revenue, expenditure and main aggregates",A,Annual,MIO_EUR,Million euro,S13,General government,P51C,Consumption of fixed capital,SK,Slovakia,2016,,3028.4,,,,,
dataflow,ESTAT:GOV_10A_MAIN(1.0),"Government revenue, expenditure and main aggregates",A,Annual,MIO_EUR,Million euro,S13,General government,P51C,Consumption of fixed capital,SK,Slovakia,2017,,3114.1,,,,,
dataflow,ESTAT:GOV_10A_MAIN(1.0),"Government revenue, expenditure and main aggregates",A,Annual,MIO_EUR,Million euro,S13,General government,P51C,Consumption of fixed capital,SK,Slovakia,2018,,3153.0,,,,,
dataflow,ESTAT:GOV_10A_MAIN(1.0),"Government revenue, expenditure and main aggregates",A,Annual,MIO_EUR,Million euro,S13,General government,P51C,Consumption of fixed capital,SK,Slovakia,2019,,3363.0,,,,,
dataflow,ESTAT:GOV_10A_MAIN(1.0),"Government revenue, expenditure and main aggregates",A,Annual,MIO_EUR,Million euro,S13,General government,P51C,Consumption of fixed capital,SK,Slovakia,2020,,3375.0,,,,,
dataflow,ESTAT:GOV_10A_MAIN(1.0),"Government revenue, expenditure and main aggregates",A,Annual,MIO_EUR,Million euro,S13,General government,P51C,Consumption of fixed capital,SK,Slovakia,2021,,3414.0,,,,,
dataflow,ESTAT:GOV_10A_MAIN(1.0),"Government revenue, expenditure and main aggregates",A,Annual,MIO_EUR,Million euro,S13,General government,P51C,Consumption of fixed capital,SK,Slovakia,2022,,3853.1,,,,,
dataflow,ESTAT:GOV_10A_MAIN(1.0),"Government revenue, expenditure and main aggregates",A,Annual,MIO_EUR,Million euro,S13,General government,P51C,Consumption of fixed capital,SK,Slovakia,2023,,3882.2,,,,,
dataflow,ESTAT:GOV_10A_MAIN(1.0),"Government revenue, expenditure and main aggregates",A,Annual,MIO_EUR,Million euro,S13,General government,P51C,Consumption of fixed capital,SK,Slovakia,2024,,3814.6,,,,,
dataflow,ESTAT:GOV_10A_MAIN(1.0),"Government revenue, expenditure and main aggregates",A,Annual,MIO_EUR,Million euro,S13,General government,P51G,Gross fixed capital formation,AT,Austria,1995,,7211.1,,,,,
dataflow,ESTAT:GOV_10A_MAIN(1.0),"Government revenue, expenditure and main aggregates",A,Annual,MIO_EUR,Million euro,S13,General government,P51G,Gross fixed capital formation,AT,Austria,1996,,6898.3,,,,,
dataflow,ESTAT:GOV_10A_MAIN(1.0),"Government revenue, expenditure and main aggregates",A,Annual,MIO_EUR,Million euro,S13,General government,P51G,Gross fixed capital formation,AT,Austria,1997,,5592.5,,,,,
dataflow,ESTAT:GOV_10A_MAIN(1.0),"Government revenue, expenditure and main aggregates",A,Annual,MIO_EUR,Million euro,S13,General government,P51G,Gross fixed capital formation,AT,Austria,1998,,5711.3,,,,,
dataflow,ESTAT:GOV_10A_MAIN(1.0),"Government revenue, expenditure and main aggregates",A,Annual,MIO_EUR,Million euro,S13,General government,P51G,Gross fixed capital formation,AT,Austria,1999,,5853.0,,,,,
dataflow,ESTAT:GOV_10A_MAIN(1.0),"Government revenue, expenditure and main aggregates",A,Annual,MIO_EUR,Million euro,S13,General government,P51G,Gross fixed capital formation,AT,Austria,2000,,5739.2,,,,,
dataflow,ESTAT:GOV_10A_MAIN(1.0),"Government revenue, expenditure and main aggregates",A,Annual,MIO_EUR,Million euro,S13,General government,P51G,Gross fixed capital formation,AT,Austria,2001,,5409.2,,,,,
dataflow,ESTAT:GOV_10A_MAIN(1.0),"Government revenue, expenditure and main aggregates",A,Annual,MIO_EUR,Million euro,S13,General government,P51G,Gross fixed capital formation,AT,Austria,2002,,6113.8,,,,,
dataflow,ESTAT:GOV_10A_MAIN(1.0),"Government revenue, expenditure and main aggregates",A,Annual,MIO_EUR,Million euro,S13,General government,P51G,Gross fixed capital formation,AT,Austria,2003,,5988.6,,,,,
dataflow,ESTAT:GOV_10A_MAIN(1.0),"Government revenue, expenditure and main aggregates",A,Annual,MIO_EUR,Million euro,S13,General government,P51G,Gross fixed capital formation,AT,Austria,2004,,6022.2,,,,,
dataflow,ESTAT:GOV_10A_MAIN(1.0),"Government revenue, expenditure and main aggregates",A,Annual,MIO_EUR,Million euro,S13,General government,P51G,Gross fixed capital formation,AT,Austria,2005,,7574.1,,,,,
dataflow,ESTAT:GOV_10A_MAIN(1.0),"Government revenue, expenditure and main aggregates",A,Annual,MIO_EUR,Million euro,S13,General government,P51G,Gross fixed capital formation,AT,Austria,2006,,7858.9,,,,,
dataflow,ESTAT:GOV_10A_MAIN(1.0),"Government revenue, expenditure and main aggregates",A,Annual,MIO_EUR,Million euro,S13,General government,P51G,Gross fixed capital formation,AT,Austria,2007,,8572.9,,,,,
dataflow,ESTAT:GOV_10A_MAIN(1.0),"Government revenue, expenditure and main aggregates",A,Annual,MIO_EUR,Million euro,S13,General government,P51G,Gross fixed capital formation,AT,Austria,2008,,9658.7,,,,,
dataflow,ESTAT:GOV_10A_MAIN(1.0),"Government revenue, expenditure and main aggregates",A,Annual,MIO_EUR,Million euro,S13,General government,P51G,Gross fixed capital formation,AT,Austria,2009,,9806.3,,,,,
dataflow,ESTAT:GOV_10A_MAIN(1.0),"Government revenue, expenditure and main aggregates",A,Annual,MIO_EUR,Million euro,S13,General government,P51G,Gross fixed capital formation,AT,Austria,2010,,9673.8,,,,,
dataflow,ESTAT:GOV_10A_MAIN(1.0),"Government revenue, expenditure and main aggregates",A,Annual,MIO_EUR,Million euro,S13,General government,P51G,Gross fixed capital formation,AT,Austria,2011,,9393.5,,,,,
dataflow,ESTAT:GOV_10A_MAIN(1.0),"Government revenue, expenditure and main aggregates",A,Annual,MIO_EUR,Million euro,S13,General government,P51G,Gross fixed capital formation,AT,Austria,2012,,9361.5,,,,,
dataflow,ESTAT:GOV_10A_MAIN(1.0),"Government revenue, expenditure and main aggregates",A,Annual,MIO_EUR,Million euro,S13,General government,P51G,Gross fixed capital formation,AT,Austria,2013,,9899.0,,,,,
dataflow,ESTAT:GOV_10A_MAIN(1.0),"Government revenue, expenditure and main aggregates",A,Annual,MIO_EUR,Million euro,S13,General government,P51G,Gross fixed capital formation,AT,Austria,2014,,9921.9,,,,,
dataflow,ESTAT:GOV_10A_MAIN(1.0),"Government revenue, expenditure and main aggregates",A,Annual,MIO_EUR,Million euro,S13,General government,P51G,Gross fixed capital formation,AT,Austria,2015,,10239.7,,,,,
dataflow,ESTAT:GOV_10A_MAIN(1.0),"Government revenue, expenditure and main aggregates",A,Annual,MIO_EUR,Million euro,S13,General government,P51G,Gross fixed capital formation,AT,Austria,2016,,10642.4,,,,,
dataflow,ESTAT:GOV_10A_MAIN(1.0),"Government revenue, expenditure and main aggregates",A,Annual,MIO_EUR,Million euro,S13,General government,P51G,Gross fixed capital formation,AT,Austria,2017,,11421.2,,,,,
dataflow,ESTAT:GOV_10A_MAIN(1.0),"Government revenue, expenditure and main aggregates",A,Annual,MIO_EUR,Million euro,S13,General government,P51G,Gross fixed capital formation,AT,Austria,2018,,11820.0,,,,,
dataflow,ESTAT:GOV_10A_MAIN(1.0),"Government revenue, expenditure and main aggregates",A,Annual,MIO_EUR,Million euro,S13,General government,P51G,Gross fixed capital formation,AT,Austria,2019,,12415.2,,,,,
dataflow,ESTAT:GOV_10A_MAIN(1.0),"Government revenue, expenditure and main aggregates",A,Annual,MIO_EUR,Million euro,S13,General government,P51G,Gross fixed capital formation,AT,Austria,2020,,12646.9,,,,,
dataflow,ESTAT:GOV_10A_MAIN(1.0),"Government revenue, expenditure and main aggregates",A,Annual,MIO_EUR,Million euro,S13,General government,P51G,Gross fixed capital formation,AT,Austria,2021,,14551.0,,,,,
dataflow,ESTAT:GOV_10A_MAIN(1.0),"Government revenue, expenditure and main aggregates",A,Annual,MIO_EUR,Million euro,S13,General government,P51G,Gross fixed capital formation,AT,Austria,2022,,15463.2,,,,,
dataflow,ESTAT:GOV_10A_MAIN(1.0),"Government revenue, expenditure and main aggregates",A,Annual,MIO_EUR,Million euro,S13,General government,P51G,Gross fixed capital formation,AT,Austria,2023,,17663.2,,,,,
dataflow,ESTAT:GOV_10A_MAIN(1.0),"Government revenue, expenditure and main aggregates",A,Annual,MIO_EUR,Million euro,S13,General government,P51G,Gross fixed capital formation,AT,Austria,2024,,19420.1,,,,,
dataflow,ESTAT:GOV_10A_MAIN(1.0),"Government revenue, expenditure and main aggregates",A,Annual,MIO_EUR,Million euro,S13,General government,P51G,Gross fixed capital formation,BE,Belgium,1995,,4888.3,,,,,
dataflow,ESTAT:GOV_10A_MAIN(1.0),"Government revenue, expenditure and main aggregates",A,Annual,MIO_EUR,Million euro,S13,General government,P51G,Gross fixed capital formation,BE,Belgium,1996,,4572.6,,,,,
dataflow,ESTAT:GOV_10A_MAIN(1.0),"Government revenue, expenditure and main aggregates",A,Annual,MIO_EUR,Million euro,S13,General government,P51G,Gross fixed capital formation,BE,Belgium,1997,,4708.6,,,,,
dataflow,ESTAT:GOV_10A_MAIN(1.0),"Government revenue, expenditure and main aggregates",A,Annual,MIO_EUR,Million euro,S13,General government,P51G,Gross fixed capital formation,BE,Belgium,1998,,4755.8,,,,,
dataflow,ESTAT:GOV_10A_MAIN(1.0),"Government revenue, expenditure and main aggregates",A,Annual,MIO_EUR,Million euro,S13,General government,P51G,Gross fixed capital formation,BE,Belgium,1999,,5695.5,,,,,
dataflow,ESTAT:GOV_10A_MAIN(1.0),"Government revenue, expenditure and main aggregates",A,Annual,MIO_EUR,Million euro,S13,General government,P51G,Gross fixed capital formation,BE,Belgium,2000,,6098.0,,,,,
dataflow,ESTAT:GOV_10A_MAIN(1.0),"Government revenue, expenditure and main aggregates",A,Annual,MIO_EUR,Million euro,S13,General government,P51G,Gross fixed capital formation,BE,Belgium,2001,,5606.3,,,,,
dataflow,ESTAT:GOV_10A_MAIN(1.0),"Government revenue, expenditure and main aggregates",A,Annual,MIO_EUR,Million euro,S13,General government,P51G,Gross fixed capital formation,BE,Belgium,2002,,5641.8,,,,,
dataflow,ESTAT:GOV_10A_MAIN(1.0),"Government revenue, expenditure and main aggregates",A,Annual,MIO_EUR,Million euro,S13,General government,P51G,Gross fixed capital formation,BE,Belgium,2003,,5890.5,,,,,
dataflow,ESTAT:GOV_10A_MAIN(1.0),"Government revenue, expenditure and main aggregates",A,Annual,MIO_EUR,Million euro,S13,General government,P51G,Gross fixed capital formation,BE,Belgium,2004,,5975.9,,,,,
dataflow,ESTAT:GOV_10A_MAIN(1.0),"Government revenue, expenditure and main aggregates",A,Annual,MIO_EUR,Million euro,S13,General government,P51G,Gross fixed capital formation,BE,Belgium,2005,,6401.6,,,,,
dataflow,ESTAT:GOV_10A_MAIN(1.0),"Government revenue, expenditure and main aggregates",A,Annual,MIO_EUR,Million euro,S13,General government,P51G,Gross fixed capital formation,BE,Belgium,2006,,6211.7,,,,,
dataflow,ESTAT:GOV_10A_MAIN(1.0),"Government revenue, expenditure and main aggregates",A,Annual,MIO_EUR,Million euro,S13,General government,P51G,Gross fixed capital formation,BE,Belgium,2007,,6817.5,,,,,
dataflow,ESTAT:GOV_10A_MAIN(1.0),"Government revenue, expenditure and main aggregates",A,Annual,MIO_EUR,Million euro,S13,General government,P51G,Gross fixed capital formation,BE,Belgium,2008,,7175.2,,,,,
dataflow,ESTAT:GOV_10A_MAIN(1.0),"Government revenue, expenditure and main aggregates",A,Annual,MIO_EUR,Million euro,S13,General government,P51G,Gross fixed capital formation,BE,Belgium,2009,,7850.5,,b,break in time series,,
dataflow,ESTAT:GOV_10A_MAIN(1.0),"Government revenue, expenditure and main aggregates",A,Annual,MIO_EUR,Million euro,S13,General government,P51G,Gross fixed capital formation,BE,Belgium,2010,,8140.8,,,,,
dataflow,ESTAT:GOV_10A_MAIN(1.0),"Government revenue, expenditure and main aggregates",A,Annual,MIO_EUR,Million euro,S13,General government,P51G,Gross fixed capital formation,BE,Belgium,2011,,8973.5,,,,,
dataflow,ESTAT:GOV_10A_MAIN(1.0),"Government revenue, expenditure and main aggregates",A,Annual,MIO_EUR,Million euro,S13,General government,P51G,Gross fixed capital formation,BE,Belgium,2012,,9595.2,,,,,
dataflow,ESTAT:GOV_10A_MAIN(1.0),"Government revenue, expenditure and main aggregates",A,Annual,MIO_EUR,Million euro,S13,General government,P51G,Gross fixed capital formation,BE,Belgium,2013,,9174.4,,,,,
dataflow,ESTAT:GOV_10A_MAIN(1.0),"Government revenue, expenditure and main aggregates",A,Annual,MIO_EUR,Million euro,S13,General government,P51G,Gross fixed capital formation,BE,Belgium,2014,,10307.9,,,,,
dataflow,ESTAT:GOV_10A_MAIN(1.0),"Government revenue, expenditure and main aggregates",A,Annual,MIO_EUR,Million euro,S13,General government,P51G,Gross fixed capital formation,BE,Belgium,2015,,10356.6,,,,,
dataflow,ESTAT:GOV_10A_MAIN(1.0),"Government revenue, expenditure and main aggregates",A,Annual,MIO_EUR,Million euro,S13,General government,P51G,Gross fixed capital formation,BE,Belgium,2016,,10449.8,,,,,
dataflow,ESTAT:GOV_10A_MAIN(1.0),"Government revenue, expenditure and main aggregates",A,Annual,MIO_EUR,Million euro,S13,General government,P51G,Gross fixed capital formation,BE,Belgium,2017,,10884.3,,,,,
dataflow,ESTAT:GOV_10A_MAIN(1.0),"Government revenue, expenditure and main aggregates",A,Annual,MIO_EUR,Million euro,S13,General government,P51G,Gross fixed capital formation,BE,Belgium,2018,,12249.1,,,,,
dataflow,ESTAT:GOV_10A_MAIN(1.0),"Government revenue, expenditure and main aggregates",A,Annual,MIO_EUR,Million euro,S13,General government,P51G,Gross fixed capital formation,BE,Belgium,2019,,12637.7,,,,,
dataflow,ESTAT:GOV_10A_MAIN(1.0),"Government revenue, expenditure and main aggregates",A,Annual,MIO_EUR,Million euro,S13,General government,P51G,Gross fixed capital formation,BE,Belgium,2020,,12755.1,,,,,
dataflow,ESTAT:GOV_10A_MAIN(1.0),"Government revenue, expenditure and main aggregates",A,Annual,MIO_EUR,Million euro,S13,General government,P51G,Gross fixed capital formation,BE,Belgium,2021,,14017.3,,,,,
dataflow,ESTAT:GOV_10A_MAIN(1.0),"Government revenue, expenditure and main aggregates",A,Annual,MIO_EUR,Million euro,S13,General government,P51G,Gross fixed capital formation,BE,Belgium,2022,,15340.3,,,,,
dataflow,ESTAT:GOV_10A_MAIN(1.0),"Government revenue, expenditure and main aggregates",A,Annual,MIO_EUR,Million euro,S13,General government,P51G,Gross fixed capital formation,BE,Belgium,2023,,17252.6,,,,,
dataflow,ESTAT:GOV_10A_MAIN(1.0),"Government revenue, expenditure and main aggregates",A,Annual,MIO_EUR,Million euro,S13,General government,P51G,Gross fixed capital formation,BE,Belgium,2024,,19266.1,,p,provisional,,
dataflow,ESTAT:GOV_10A_MAIN(1.0),"Government revenue, expenditure and main aggregates",A,Annual,MIO_EUR,Million euro,S13,General government,P51G,Gross fixed capital formation,BG,Bulgaria,1995,,99.0,,,,,
dataflow,ESTAT:GOV_10A_MAIN(1.0),"Government revenue, expenditure and main aggregates",A,Annual,MIO_EUR,Million euro,S13,General government,P51G,Gross fixed capital formation,BG,Bulgaria,1996,,52.6,,,,,
dataflow,ESTAT:GOV_10A_MAIN(1.0),"Government revenue, expenditure and main aggregates",A,Annual,MIO_EUR,Million euro,S13,General government,P51G,Gross fixed capital formation,BG,Bulgaria,1997,,132.2,,,,,
dataflow,ESTAT:GOV_10A_MAIN(1.0),"Government revenue, expenditure and main aggregates",A,Annual,MIO_EUR,Million euro,S13,General government,P51G,Gross fixed capital formation,BG,Bulgaria,1998,,475.2,,,,,
dataflow,ESTAT:GOV_10A_MAIN(1.0),"Government revenue, expenditure and main aggregates",A,Annual,MIO_EUR,Million euro,S13,General government,P51G,Gross fixed capital formation,BG,Bulgaria,1999,,526.0,,,,,
dataflow,ESTAT:GOV_10A_MAIN(1.0),"Government revenue, expenditure and main aggregates",A,Annual,MIO_EUR,Million euro,S13,General government,P51G,Gross fixed capital formation,BG,Bulgaria,2000,,560.6,,,,,
dataflow,ESTAT:GOV_10A_MAIN(1.0),"Government revenue, expenditure and main aggregates",A,Annual,MIO_EUR,Million euro,S13,General government,P51G,Gross fixed capital formation,BG,Bulgaria,2001,,614.8,,,,,
dataflow,ESTAT:GOV_10A_MAIN(1.0),"Government revenue, expenditure and main aggregates",A,Annual,MIO_EUR,Million euro,S13,General government,P51G,Gross fixed capital formation,BG,Bulgaria,2002,,594.2,,,,,
dataflow,ESTAT:GOV_10A_MAIN(1.0),"Government revenue, expenditure and main aggregates",A,Annual,MIO_EUR,Million euro,S13,General government,P51G,Gross fixed capital formation,BG,Bulgaria,2003,,609.4,,,,,
dataflow,ESTAT:GOV_10A_MAIN(1.0),"Government revenue, expenditure and main aggregates",A,Annual,MIO_EUR,Million euro,S13,General government,P51G,Gross fixed capital formation,BG,Bulgaria,2004,,724.0,,,,,
dataflow,ESTAT:GOV_10A_MAIN(1.0),"Government revenue, expenditure and main aggregates",A,Annual,MIO_EUR,Million euro,S13,General government,P51G,Gross fixed capital formation,BG,Bulgaria,2005,,883.6,,,,,
dataflow,ESTAT:GOV_10A_MAIN(1.0),"Government revenue, expenditure and main aggregates",A,Annual,MIO_EUR,Million euro,S13,General government,P51G,Gross fixed capital formation,BG,Bulgaria,2006,,1139.8,,,,,
dataflow,ESTAT:GOV_10A_MAIN(1.0),"Government revenue, expenditure and main aggregates",A,Annual,MIO_EUR,Million euro,S13,General government,P51G,Gross fixed capital formation,BG,Bulgaria,2007,,1697.8,,,,,
dataflow,ESTAT:GOV_10A_MAIN(1.0),"Government revenue, expenditure and main aggregates",A,Annual,MIO_EUR,Million euro,S13,General government,P51G,Gross fixed capital formation,BG,Bulgaria,2008,,2073.8,,,,,
dataflow,ESTAT:GOV_10A_MAIN(1.0),"Government revenue, expenditure and main aggregates",A,Annual,MIO_EUR,Million euro,S13,General government,P51G,Gross fixed capital formation,BG,Bulgaria,2009,,1848.6,,,,,
dataflow,ESTAT:GOV_10A_MAIN(1.0),"Government revenue, expenditure and main aggregates",A,Annual,MIO_EUR,Million euro,S13,General government,P51G,Gross fixed capital formation,BG,Bulgaria,2010,,1756.4,,,,,
dataflow,ESTAT:GOV_10A_MAIN(1.0),"Government revenue, expenditure and main aggregates",A,Annual,MIO_EUR,Million euro,S13,General government,P51G,Gross fixed capital formation,BG,Bulgaria,2011,,1413.6,,,,,
dataflow,ESTAT:GOV_10A_MAIN(1.0),"Government revenue, expenditure and main aggregates",A,Annual,MIO_EUR,Million euro,S13,General government,P51G,Gross fixed capital formation,BG,Bulgaria,2012,,1436.2,,,,,
dataflow,ESTAT:GOV_10A_MAIN(1.0),"Government revenue, expenditure and main aggregates",A,Annual,MIO_EUR,Million euro,S13,General government,P51G,Gross fixed capital formation,BG,Bulgaria,2013,,1730.8,,,,,
dataflow,ESTAT:GOV_10A_MAIN(1.0),"Government revenue, expenditure and main aggregates",A,Annual,MIO_EUR,Million euro,S13,General government,P51G,Gross fixed capital formation,BG,Bulgaria,2014,,2263.5,,,,,
dataflow,ESTAT:GOV_10A_MAIN(1.0),"Government revenue, expenditure and main aggregates",A,Annual,MIO_EUR,Million euro,S13,General government,P51G,Gross fixed capital formation,BG,Bulgaria,2015,,3010.0,,,,,
dataflow,ESTAT:GOV_10A_MAIN(1.0),"Government revenue, expenditure and main aggregates",A,Annual,MIO_EUR,Million euro,S13,General government,P51G,Gross fixed capital formation,BG,Bulgaria,2016,,1298.1,,,,,
dataflow,ESTAT:GOV_10A_MAIN(1.0),"Government revenue, expenditure and main aggregates",A,Annual,MIO_EUR,Million euro,S13,General government,P51G,Gross fixed capital formation,BG,Bulgaria,2017,,1201.2,,,,,
dataflow,ESTAT:GOV_10A_MAIN(1.0),"Government revenue, expenditure and main aggregates",A,Annual,MIO_EUR,Million euro,S13,General government,P51G,Gross fixed capital formation,BG,Bulgaria,2018,,1724.6,,,,,
dataflow,ESTAT:GOV_10A_MAIN(1.0),"Government revenue, expenditure and main aggregates",A,Annual,MIO_EUR,Million euro,S13,General government,P51G,Gross fixed capital formation,BG,Bulgaria,2019,,2059.6,,,,,
dataflow,ESTAT:GOV_10A_MAIN(1.0),"Government revenue, expenditure and main aggregates",A,Annual,MIO_EUR,Million euro,S13,General government,P51G,Gross fixed capital formation,BG,Bulgaria,2020,,2053.8,,,,,
dataflow,ESTAT:GOV_10A_MAIN(1.0),"Government revenue, expenditure and main aggregates",A,Annual,MIO_EUR,Million euro,S13,General government,P51G,Gross fixed capital formation,BG,Bulgaria,2021,,1933.5,,,,,
dataflow,ESTAT:GOV_10A_MAIN(1.0),"Government revenue, expenditure and main aggregates",A,Annual,MIO_EUR,Million euro,S13,General government,P51G,Gross fixed capital formation,BG,Bulgaria,2022,,2033.1,,,,,
dataflow,ESTAT:GOV_10A_MAIN(1.0),"Government revenue, expenditure and main aggregates",A,Annual,MIO_EUR,Million euro,S13,General government,P51G,Gross fixed capital formation,BG,Bulgaria,2023,,3608.1,,,,,
dataflow,ESTAT:GOV_10A_MAIN(1.0),"Government revenue, expenditure and main aggregates",A,Annual,MIO_EUR,Million euro,S13,General government,P51G,Gross fixed capital formation,BG,Bulgaria,2024,,3311.3,,,,,
dataflow,ESTAT:GOV_10A_MAIN(1.0),"Government revenue, expenditure and main aggregates",A,Annual,MIO_EUR,Million euro,S13,General government,P51G,Gross fixed capital formation,CY,Cyprus,1995,,353.3,,,,,
dataflow,ESTAT:GOV_10A_MAIN(1.0),"Government revenue, expenditure and main aggregates",A,Annual,MIO_EUR,Million euro,S13,General government,P51G,Gross fixed capital formation,CY,Cyprus,1996,,413.4,,,,,
dataflow,ESTAT:GOV_10A_MAIN(1.0),"Government revenue, expenditure and main aggregates",A,Annual,MIO_EUR,Million euro,S13,General government,P51G,Gross fixed capital formation,CY,Cyprus,1997,,426.6,,,,,
dataflow,ESTAT:GOV_10A_MAIN(1.0),"Government revenue, expenditure and main aggregates",A,Annual,MIO_EUR,Million euro,S13,General government,P51G,Gross fixed capital formation,CY,Cyprus,1998,,269.7,,,,,
dataflow,ESTAT:GOV_10A_MAIN(1.0),"Government revenue, expenditure and main aggregates",A,Annual,MIO_EUR,Million euro,S13,General government,P51G,Gross fixed capital formation,CY,Cyprus,1999,,316.4,,,,,
dataflow,ESTAT:GOV_10A_MAIN(1.0),"Government revenue, expenditure and main aggregates",A,Annual,MIO_EUR,Million euro,S13,General government,P51G,Gross fixed capital formation,CY,Cyprus,2000,,373.2,,,,,
dataflow,ESTAT:GOV_10A_MAIN(1.0),"Government revenue, expenditure and main aggregates",A,Annual,MIO_EUR,Million euro,S13,General government,P51G,Gross fixed capital formation,CY,Cyprus,2001,,390.3,,,,,
dataflow,ESTAT:GOV_10A_MAIN(1.0),"Government revenue, expenditure and main aggregates",A,Annual,MIO_EUR,Million euro,S13,General government,P51G,Gross fixed capital formation,CY,Cyprus,2002,,453.0,,,,,
dataflow,ESTAT:GOV_10A_MAIN(1.0),"Government revenue, expenditure and main aggregates",A,Annual,MIO_EUR,Million euro,S13,General government,P51G,Gross fixed capital formation,CY,Cyprus,2003,,548.6,,,,,
dataflow,ESTAT:GOV_10A_MAIN(1.0),"Government revenue, expenditure and main aggregates",A,Annual,MIO_EUR,Million euro,S13,General government,P51G,Gross fixed capital formation,CY,Cyprus,2004,,619.1,,,,,
dataflow,ESTAT:GOV_10A_MAIN(1.0),"Government revenue, expenditure and main aggregates",A,Annual,MIO_EUR,Million euro,S13,General government,P51G,Gross fixed capital formation,CY,Cyprus,2005,,559.3,,,,,
dataflow,ESTAT:GOV_10A_MAIN(1.0),"Government revenue, expenditure and main aggregates",A,Annual,MIO_EUR,Million euro,S13,General government,P51G,Gross fixed capital formation,CY,Cyprus,2006,,587.2,,,,,
dataflow,ESTAT:GOV_10A_MAIN(1.0),"Government revenue, expenditure and main aggregates",A,Annual,MIO_EUR,Million euro,S13,General government,P51G,Gross fixed capital formation,CY,Cyprus,2007,,596.5,,,,,
dataflow,ESTAT:GOV_10A_MAIN(1.0),"Government revenue, expenditure and main aggregates",A,Annual,MIO_EUR,Million euro,S13,General government,P51G,Gross fixed capital formation,CY,Cyprus,2008,,678.3,,,,,
dataflow,ESTAT:GOV_10A_MAIN(1.0),"Government revenue, expenditure and main aggregates",A,Annual,MIO_EUR,Million euro,S13,General government,P51G,Gross fixed capital formation,CY,Cyprus,2009,,860.8,,,,,
dataflow,ESTAT:GOV_10A_MAIN(1.0),"Government revenue, expenditure and main aggregates",A,Annual,MIO_EUR,Million euro,S13,General government,P51G,Gross fixed capital formation,CY,Cyprus,2010,,934.8,,,,,
dataflow,ESTAT:GOV_10A_MAIN(1.0),"Government revenue, expenditure and main aggregates",A,Annual,MIO_EUR,Million euro,S13,General government,P51G,Gross fixed capital formation,CY,Cyprus,2011,,888.3,,,,,
dataflow,ESTAT:GOV_10A_MAIN(1.0),"Government revenue, expenditure and main aggregates",A,Annual,MIO_EUR,Million euro,S13,General government,P51G,Gross fixed capital formation,CY,Cyprus,2012,,666.8,,,,,
dataflow,ESTAT:GOV_10A_MAIN(1.0),"Government revenue, expenditure and main aggregates",A,Annual,MIO_EUR,Million euro,S13,General government,P51G,Gross fixed capital formation,CY,Cyprus,2013,,477.1,,,,,
dataflow,ESTAT:GOV_10A_MAIN(1.0),"Government revenue, expenditure and main aggregates",A,Annual,MIO_EUR,Million euro,S13,General government,P51G,Gross fixed capital formation,CY,Cyprus,2014,,411.6,,,,,
dataflow,ESTAT:GOV_10A_MAIN(1.0),"Government revenue, expenditure and main aggregates",A,Annual,MIO_EUR,Million euro,S13,General government,P51G,Gross fixed capital formation,CY,Cyprus,2015,,420.0,,,,,
dataflow,ESTAT:GOV_10A_MAIN(1.0),"Government revenue, expenditure and main aggregates",A,Annual,MIO_EUR,Million euro,S13,General government,P51G,Gross fixed capital formation,CY,Cyprus,2016,,494.2,,,,,
dataflow,ESTAT:GOV_10A_MAIN(1.0),"Government revenue, expenditure and main aggregates",A,Annual,MIO_EUR,Million euro,S13,General government,P51G,Gross fixed capital formation,CY,Cyprus,2017,,560.7,,,,,
dataflow,ESTAT:GOV_10A_MAIN(1.0),"Government revenue, expenditure and main aggregates",A,Annual,MIO_EUR,Million euro,S13,General government,P51G,Gross fixed capital formation,CY,Cyprus,2018,,1077.5,,,,,
dataflow,ESTAT:GOV_10A_MAIN(1.0),"Government revenue, expenditure and main aggregates",A,Annual,MIO_EUR,Million euro,S13,General government,P51G,Gross fixed capital formation,CY,Cyprus,2019,,600.3,,,,,
dataflow,ESTAT:GOV_10A_MAIN(1.0),"Government revenue, expenditure and main aggregates",A,Annual,MIO_EUR,Million euro,S13,General government,P51G,Gross fixed capital formation,CY,Cyprus,2020,,641.4,,,,,
dataflow,ESTAT:GOV_10A_MAIN(1.0),"Government revenue, expenditure and main aggregates",A,Annual,MIO_EUR,Million euro,S13,General government,P51G,Gross fixed capital formation,CY,Cyprus,2021,,702.8,,,,,
dataflow,ESTAT:GOV_10A_MAIN(1.0),"Government revenue, expenditure and main aggregates",A,Annual,MIO_EUR,Million euro,S13,General government,P51G,Gross fixed capital formation,CY,Cyprus,2022,,706.8,,,,,
dataflow,ESTAT:GOV_10A_MAIN(1.0),"Government revenue, expenditure and main aggregates",A,Annual,MIO_EUR,Million euro,S13,General government,P51G,Gross fixed capital formation,CY,Cyprus,2023,,1008.5,,,,,
dataflow,ESTAT:GOV_10A_MAIN(1.0),"Government revenue, expenditure and main aggregates",A,Annual,MIO_EUR,Million euro,S13,General government,P51G,Gross fixed capital formation,CY,Cyprus,2024,,964.7,,,,,
dataflow,ESTAT:GOV_10A_MAIN(1.0),"Government revenue, expenditure and main aggregates",A,Annual,MIO_EUR,Million euro,S13,General government,P51G,Gross fixed capital formation,CZ,Czechia,1995,,2556.8,,,,,
dataflow,ESTAT:GOV_10A_MAIN(1.0),"Government revenue, expenditure and main aggregates",A,Annual,MIO_EUR,Million euro,S13,General government,P51G,Gross fixed capital formation,CZ,Czechia,1996,,2463.7,,,,,
dataflow,ESTAT:GOV_10A_MAIN(1.0),"Government revenue, expenditure and main aggregates",A,Annual,MIO_EUR,Million euro,S13,General government,P51G,Gross fixed capital formation,CZ,Czechia,1997,,2387.1,,,,,
dataflow,ESTAT:GOV_10A_MAIN(1.0),"Government revenue, expenditure and main aggregates",A,Annual,MIO_EUR,Million euro,S13,General government,P51G,Gross fixed capital formation,CZ,Czechia,1998,,2606.2,,,,,
dataflow,ESTAT:GOV_10A_MAIN(1.0),"Government revenue, expenditure and main aggregates",A,Annual,MIO_EUR,Million euro,S13,General government,P51G,Gross fixed capital formation,CZ,Czechia,1999,,2253.3,,,,,
dataflow,ESTAT:GOV_10A_MAIN(1.0),"Government revenue, expenditure and main aggregates",A,Annual,MIO_EUR,Million euro,S13,General government,P51G,Gross fixed capital formation,CZ,Czechia,2000,,3064.7,,,,,
dataflow,ESTAT:GOV_10A_MAIN(1.0),"Government revenue, expenditure and main aggregates",A,Annual,MIO_EUR,Million euro,S13,General government,P51G,Gross fixed capital formation,CZ,Czechia,2001,,3116.5,,,,,
dataflow,ESTAT:GOV_10A_MAIN(1.0),"Government revenue, expenditure and main aggregates",A,Annual,MIO_EUR,Million euro,S13,General government,P51G,Gross fixed capital formation,CZ,Czechia,2002,,3531.9,,,,,
dataflow,ESTAT:GOV_10A_MAIN(1.0),"Government revenue, expenditure and main aggregates",A,Annual,MIO_EUR,Million euro,S13,General government,P51G,Gross fixed capital formation,CZ,Czechia,2003,,6765.6,,,,,
dataflow,ESTAT:GOV_10A_MAIN(1.0),"Government revenue, expenditure and main aggregates",A,Annual,MIO_EUR,Million euro,S13,General government,P51G,Gross fixed capital formation,CZ,Czechia,2004,,4817.3,,,,,
dataflow,ESTAT:GOV_10A_MAIN(1.0),"Government revenue, expenditure and main aggregates",A,Annual,MIO_EUR,Million euro,S13,General government,P51G,Gross fixed capital formation,CZ,Czechia,2005,,5706.9,,,,,
dataflow,ESTAT:GOV_10A_MAIN(1.0),"Government revenue, expenditure and main aggregates",A,Annual,MIO_EUR,Million euro,S13,General government,P51G,Gross fixed capital formation,CZ,Czechia,2006,,6347.3,,,,,
dataflow,ESTAT:GOV_10A_MAIN(1.0),"Government revenue, expenditure and main aggregates",A,Annual,MIO_EUR,Million euro,S13,General government,P51G,Gross fixed capital formation,CZ,Czechia,2007,,6263.7,,,,,
dataflow,ESTAT:GOV_10A_MAIN(1.0),"Government revenue, expenditure and main aggregates",A,Annual,MIO_EUR,Million euro,S13,General government,P51G,Gross fixed capital formation,CZ,Czechia,2008,,8169.0,,,,,
dataflow,ESTAT:GOV_10A_MAIN(1.0),"Government revenue, expenditure and main aggregates",A,Annual,MIO_EUR,Million euro,S13,General government,P51G,Gross fixed capital formation,CZ,Czechia,2009,,8832.3,,,,,
dataflow,ESTAT:GOV_10A_MAIN(1.0),"Government revenue, expenditure and main aggregates",A,Annual,MIO_EUR,Million euro,S13,General government,P51G,Gross fixed capital formation,CZ,Czechia,2010,,7962.7,,,,,
dataflow,ESTAT:GOV_10A_MAIN(1.0),"Government revenue, expenditure and main aggregates",A,Annual,MIO_EUR,Million euro,S13,General government,P51G,Gross fixed capital formation,CZ,Czechia,2011,,7249.5,,,,,
dataflow,ESTAT:GOV_10A_MAIN(1.0),"Government revenue, expenditure and main aggregates",A,Annual,MIO_EUR,Million euro,S13,General government,P51G,Gross fixed capital formation,CZ,Czechia,2012,,6703.3,,,,,
dataflow,ESTAT:GOV_10A_MAIN(1.0),"Government revenue, expenditure and main aggregates",A,Annual,MIO_EUR,Million euro,S13,General government,P51G,Gross fixed capital formation,CZ,Czechia,2013,,5890.6,,,,,
dataflow,ESTAT:GOV_10A_MAIN(1.0),"Government revenue, expenditure and main aggregates",A,Annual,MIO_EUR,Million euro,S13,General government,P51G,Gross fixed capital formation,CZ,Czechia,2014,,6485.3,,,,,
dataflow,ESTAT:GOV_10A_MAIN(1.0),"Government revenue, expenditure and main aggregates",A,Annual,MIO_EUR,Million euro,S13,General government,P51G,Gross fixed capital formation,CZ,Czechia,2015,,8659.2,,,,,
dataflow,ESTAT:GOV_10A_MAIN(1.0),"Government revenue, expenditure and main aggregates",A,Annual,MIO_EUR,Million euro,S13,General government,P51G,Gross fixed capital formation,CZ,Czechia,2016,,5756.3,,,,,
dataflow,ESTAT:GOV_10A_MAIN(1.0),"Government revenue, expenditure and main aggregates",A,Annual,MIO_EUR,Million euro,S13,General government,P51G,Gross fixed capital formation,CZ,Czechia,2017,,6491.3,,,,,
dataflow,ESTAT:GOV_10A_MAIN(1.0),"Government revenue, expenditure and main aggregates",A,Annual,MIO_EUR,Million euro,S13,General government,P51G,Gross fixed capital formation,CZ,Czechia,2018,,8747.6,,,,,
dataflow,ESTAT:GOV_10A_MAIN(1.0),"Government revenue, expenditure and main aggregates",A,Annual,MIO_EUR,Million euro,S13,General government,P51G,Gross fixed capital formation,CZ,Czechia,2019,,9842.3,,,,,
dataflow,ESTAT:GOV_10A_MAIN(1.0),"Government revenue, expenditure and main aggregates",A,Annual,MIO_EUR,Million euro,S13,General government,P51G,Gross fixed capital formation,CZ,Czechia,2020,,10462.8,,,,,
dataflow,ESTAT:GOV_10A_MAIN(1.0),"Government revenue, expenditure and main aggregates",A,Annual,MIO_EUR,Million euro,S13,General government,P51G,Gross fixed capital formation,CZ,Czechia,2021,,11201.2,,,,,
dataflow,ESTAT:GOV_10A_MAIN(1.0),"Government revenue, expenditure and main aggregates",A,Annual,MIO_EUR,Million euro,S13,General government,P51G,Gross fixed capital formation,CZ,Czechia,2022,,13006.1,,,,,
dataflow,ESTAT:GOV_10A_MAIN(1.0),"Government revenue, expenditure and main aggregates",A,Annual,MIO_EUR,Million euro,S13,General government,P51G,Gross fixed capital formation,CZ,Czechia,2023,,15428.1,,,,,
dataflow,ESTAT:GOV_10A_MAIN(1.0),"Government revenue, expenditure and main aggregates",A,Annual,MIO_EUR,Million euro,S13,General government,P51G,Gross fixed capital formation,CZ,Czechia,2024,,14989.9,,,,,
dataflow,ESTAT:GOV_10A_MAIN(1.0),"Government revenue, expenditure and main aggregates",A,Annual,MIO_EUR,Million euro,S13,General government,P51G,Gross fixed capital formation,DE,Germany,1995,,53368.7,,,,,
dataflow,ESTAT:GOV_10A_MAIN(1.0),"Government revenue, expenditure and main aggregates",A,Annual,MIO_EUR,Million euro,S13,General government,P51G,Gross fixed capital formation,DE,Germany,1996,,51353.4,,,,,
dataflow,ESTAT:GOV_10A_MAIN(1.0),"Government revenue, expenditure and main aggregates",A,Annual,MIO_EUR,Million euro,S13,General government,P51G,Gross fixed capital formation,DE,Germany,1997,,47149.0,,,,,
dataflow,ESTAT:GOV_10A_MAIN(1.0),"Government revenue, expenditure and main aggregates",A,Annual,MIO_EUR,Million euro,S13,General government,P51G,Gross fixed capital formation,DE,Germany,1998,,47574.5,,,,,
dataflow,ESTAT:GOV_10A_MAIN(1.0),"Government revenue, expenditure and main aggregates",A,Annual,MIO_EUR,Million euro,S13,General government,P51G,Gross fixed capital formation,DE,Germany,1999,,56229.0,,,,,
dataflow,ESTAT:GOV_10A_MAIN(1.0),"Government revenue, expenditure and main aggregates",A,Annual,MIO_EUR,Million euro,S13,General government,P51G,Gross fixed capital formation,DE,Germany,2000,,55396.0,,,,,
dataflow,ESTAT:GOV_10A_MAIN(1.0),"Government revenue, expenditure and main aggregates",A,Annual,MIO_EUR,Million euro,S13,General government,P51G,Gross fixed capital formation,DE,Germany,2001,,55599.0,,,,,
dataflow,ESTAT:GOV_10A_MAIN(1.0),"Government revenue, expenditure and main aggregates",A,Annual,MIO_EUR,Million euro,S13,General government,P51G,Gross fixed capital formation,DE,Germany,2002,,58261.0,,,,,
dataflow,ESTAT:GOV_10A_MAIN(1.0),"Government revenue, expenditure and main aggregates",A,Annual,MIO_EUR,Million euro,S13,General government,P51G,Gross fixed capital formation,DE,Germany,2003,,56344.0,,,,,
dataflow,ESTAT:GOV_10A_MAIN(1.0),"Government revenue, expenditure and main aggregates",A,Annual,MIO_EUR,Million euro,S13,General government,P51G,Gross fixed capital formation,DE,Germany,2004,,51372.0,,,,,
dataflow,ESTAT:GOV_10A_MAIN(1.0),"Government revenue, expenditure and main aggregates",A,Annual,MIO_EUR,Million euro,S13,General government,P51G,Gross fixed capital formation,DE,Germany,2005,,51344.0,,,,,
dataflow,ESTAT:GOV_10A_MAIN(1.0),"Government revenue, expenditure and main aggregates",A,Annual,MIO_EUR,Million euro,S13,General government,P51G,Gross fixed capital formation,DE,Germany,2006,,56058.0,,,,,
dataflow,ESTAT:GOV_10A_MAIN(1.0),"Government revenue, expenditure and main aggregates",A,Annual,MIO_EUR,Million euro,S13,General government,P51G,Gross fixed capital formation,DE,Germany,2007,,56801.0,,,,,
dataflow,ESTAT:GOV_10A_MAIN(1.0),"Government revenue, expenditure and main aggregates",A,Annual,MIO_EUR,Million euro,S13,General government,P51G,Gross fixed capital formation,DE,Germany,2008,,61384.0,,,,,
dataflow,ESTAT:GOV_10A_MAIN(1.0),"Government revenue, expenditure and main aggregates",A,Annual,MIO_EUR,Million euro,S13,General government,P51G,Gross fixed capital formation,DE,Germany,2009,,65696.0,,,,,
dataflow,ESTAT:GOV_10A_MAIN(1.0),"Government revenue, expenditure and main aggregates",A,Annual,MIO_EUR,Million euro,S13,General government,P51G,Gross fixed capital formation,DE,Germany,2010,,68494.0,,,,,
dataflow,ESTAT:GOV_10A_MAIN(1.0),"Government revenue, expenditure and main aggregates",A,Annual,MIO_EUR,Million euro,S13,General government,P51G,Gross fixed capital formation,DE,Germany,2011,,70525.0,,,,,
dataflow,ESTAT:GOV_10A_MAIN(1.0),"Government revenue, expenditure and main aggregates",A,Annual,MIO_EUR,Million euro,S13,General government,P51G,Gross fixed capital formation,DE,Germany,2012,,69037.0,,,,,
dataflow,ESTAT:GOV_10A_MAIN(1.0),"Government revenue, expenditure and main aggregates",A,Annual,MIO_EUR,Million euro,S13,General government,P51G,Gross fixed capital formation,DE,Germany,2013,,69825.0,,,,,
dataflow,ESTAT:GOV_10A_MAIN(1.0),"Government revenue, expenditure and main aggregates",A,Annual,MIO_EUR,Million euro,S13,General government,P51G,Gross fixed capital formation,DE,Germany,2014,,70127.0,,,,,
dataflow,ESTAT:GOV_10A_MAIN(1.0),"Government revenue, expenditure and main aggregates",A,Annual,MIO_EUR,Million euro,S13,General government,P51G,Gross fixed capital formation,DE,Germany,2015,,73640.0,,,,,
dataflow,ESTAT:GOV_10A_MAIN(1.0),"Government revenue, expenditure and main aggregates",A,Annual,MIO_EUR,Million euro,S13,General government,P51G,Gross fixed capital formation,DE,Germany,2016,,78084.0,,,,,
dataflow,ESTAT:GOV_10A_MAIN(1.0),"Government revenue, expenditure and main aggregates",A,Annual,MIO_EUR,Million euro,S13,General government,P51G,Gross fixed capital formation,DE,Germany,2017,,82833.0,,,,,
dataflow,ESTAT:GOV_10A_MAIN(1.0),"Government revenue, expenditure and main aggregates",A,Annual,MIO_EUR,Million euro,S13,General government,P51G,Gross fixed capital formation,DE,Germany,2018,,90882.0,,,,,
dataflow,ESTAT:GOV_10A_MAIN(1.0),"Government revenue, expenditure and main aggregates",A,Annual,MIO_EUR,Million euro,S13,General government,P51G,Gross fixed capital formation,DE,Germany,2019,,95637.0,,,,,
dataflow,ESTAT:GOV_10A_MAIN(1.0),"Government revenue, expenditure and main aggregates",A,Annual,MIO_EUR,Million euro,S13,General government,P51G,Gross fixed capital formation,DE,Germany,2020,,104573.0,,,,,
dataflow,ESTAT:GOV_10A_MAIN(1.0),"Government revenue, expenditure and main aggregates",A,Annual,MIO_EUR,Million euro,S13,General government,P51G,Gross fixed capital formation,DE,Germany,2021,,105681.0,,,,,
dataflow,ESTAT:GOV_10A_MAIN(1.0),"Government revenue, expenditure and main aggregates",A,Annual,MIO_EUR,Million euro,S13,General government,P51G,Gross fixed capital formation,DE,Germany,2022,,114699.0,,,,,
dataflow,ESTAT:GOV_10A_MAIN(1.0),"Government revenue, expenditure and main aggregates",A,Annual,MIO_EUR,Million euro,S13,General government,P51G,Gross fixed capital formation,DE,Germany,2023,,121483.0,,,,,
dataflow,ESTAT:GOV_10A_MAIN(1.0),"Government revenue, expenditure and main aggregates",A,Annual,MIO_EUR,Million euro,S13,General government,P51G,Gross fixed capital formation,DE,Germany,2024,,132292.0,,,,,
dataflow,ESTAT:GOV_10A_MAIN(1.0),"Government revenue, expenditure and main aggregates",A,Annual,MIO_EUR,Million euro,S13,General government,P51G,Gross fixed capital formation,DK,Denmark,1995,,4077.9,,,,,
dataflow,ESTAT:GOV_10A_MAIN(1.0),"Government revenue, expenditure and main aggregates",A,Annual,MIO_EUR,Million euro,S13,General government,P51G,Gross fixed capital formation,DK,Denmark,1996,,4512.0,,,,,
dataflow,ESTAT:GOV_10A_MAIN(1.0),"Government revenue, expenditure and main aggregates",A,Annual,MIO_EUR,Million euro,S13,General government,P51G,Gross fixed capital formation,DK,Denmark,1997,,4487.1,,,,,
dataflow,ESTAT:GOV_10A_MAIN(1.0),"Government revenue, expenditure and main aggregates",A,Annual,MIO_EUR,Million euro,S13,General government,P51G,Gross fixed capital formation,DK,Denmark,1998,,4268.1,,,,,
dataflow,ESTAT:GOV_10A_MAIN(1.0),"Government revenue, expenditure and main aggregates",A,Annual,MIO_EUR,Million euro,S13,General government,P51G,Gross fixed capital formation,DK,Denmark,1999,,4573.2,,,,,
dataflow,ESTAT:GOV_10A_MAIN(1.0),"Government revenue, expenditure and main aggregates",A,Annual,MIO_EUR,Million euro,S13,General government,P51G,Gross fixed capital formation,DK,Denmark,2000,,4935.3,,,,,
dataflow,ESTAT:GOV_10A_MAIN(1.0),"Government revenue, expenditure and main aggregates",A,Annual,MIO_EUR,Million euro,S13,General government,P51G,Gross fixed capital formation,DK,Denmark,2001,,5529.4,,,,,
dataflow,ESTAT:GOV_10A_MAIN(1.0),"Government revenue, expenditure and main aggregates",A,Annual,MIO_EUR,Million euro,S13,General government,P51G,Gross fixed capital formation,DK,Denmark,2002,,5196.3,,,,,
dataflow,ESTAT:GOV_10A_MAIN(1.0),"Government revenue, expenditure and main aggregates",A,Annual,MIO_EUR,Million euro,S13,General government,P51G,Gross fixed capital formation,DK,Denmark,2003,,5079.7,,,,,
dataflow,ESTAT:GOV_10A_MAIN(1.0),"Government revenue, expenditure and main aggregates",A,Annual,MIO_EUR,Million euro,S13,General government,P51G,Gross fixed capital formation,DK,Denmark,2004,,5722.0,,,,,
dataflow,ESTAT:GOV_10A_MAIN(1.0),"Government revenue, expenditure and main aggregates",A,Annual,MIO_EUR,Million euro,S13,General government,P51G,Gross fixed capital formation,DK,Denmark,2005,,5780.1,,,,,
dataflow,ESTAT:GOV_10A_MAIN(1.0),"Government revenue, expenditure and main aggregates",A,Annual,MIO_EUR,Million euro,S13,General government,P51G,Gross fixed capital formation,DK,Denmark,2006,,6594.4,,,,,
dataflow,ESTAT:GOV_10A_MAIN(1.0),"Government revenue, expenditure and main aggregates",A,Annual,MIO_EUR,Million euro,S13,General government,P51G,Gross fixed capital formation,DK,Denmark,2007,,7063.6,,,,,
dataflow,ESTAT:GOV_10A_MAIN(1.0),"Government revenue, expenditure and main aggregates",A,Annual,MIO_EUR,Million euro,S13,General government,P51G,Gross fixed capital formation,DK,Denmark,2008,,7204.4,,,,,
dataflow,ESTAT:GOV_10A_MAIN(1.0),"Government revenue, expenditure and main aggregates",A,Annual,MIO_EUR,Million euro,S13,General government,P51G,Gross fixed capital formation,DK,Denmark,2009,,7204.3,,,,,
dataflow,ESTAT:GOV_10A_MAIN(1.0),"Government revenue, expenditure and main aggregates",A,Annual,MIO_EUR,Million euro,S13,General government,P51G,Gross fixed capital formation,DK,Denmark,2010,,7954.6,,,,,
dataflow,ESTAT:GOV_10A_MAIN(1.0),"Government revenue, expenditure and main aggregates",A,Annual,MIO_EUR,Million euro,S13,General government,P51G,Gross fixed capital formation,DK,Denmark,2011,,8169.8,,,,,
dataflow,ESTAT:GOV_10A_MAIN(1.0),"Government revenue, expenditure and main aggregates",A,Annual,MIO_EUR,Million euro,S13,General government,P51G,Gross fixed capital formation,DK,Denmark,2012,,9627.6,,,,,
dataflow,ESTAT:GOV_10A_MAIN(1.0),"Government revenue, expenditure and main aggregates",A,Annual,MIO_EUR,Million euro,S13,General government,P51G,Gross fixed capital formation,DK,Denmark,2013,,9447.3,,,,,
dataflow,ESTAT:GOV_10A_MAIN(1.0),"Government revenue, expenditure and main aggregates",A,Annual,MIO_EUR,Million euro,S13,General government,P51G,Gross fixed capital formation,DK,Denmark,2014,,10180.6,,,,,
dataflow,ESTAT:GOV_10A_MAIN(1.0),"Government revenue, expenditure and main aggregates",A,Annual,MIO_EUR,Million euro,S13,General government,P51G,Gross fixed capital formation,DK,Denmark,2015,,9833.2,,,,,
dataflow,ESTAT:GOV_10A_MAIN(1.0),"Government revenue, expenditure and main aggregates",A,Annual,MIO_EUR,Million euro,S13,General government,P51G,Gross fixed capital formation,DK,Denmark,2016,,10573.8,,,,,
dataflow,ESTAT:GOV_10A_MAIN(1.0),"Government revenue, expenditure and main aggregates",A,Annual,MIO_EUR,Million euro,S13,General government,P51G,Gross fixed capital formation,DK,Denmark,2017,,9885.2,,,,,
dataflow,ESTAT:GOV_10A_MAIN(1.0),"Government revenue, expenditure and main aggregates",A,Annual,MIO_EUR,Million euro,S13,General government,P51G,Gross fixed capital formation,DK,Denmark,2018,,10247.1,,,,,
dataflow,ESTAT:GOV_10A_MAIN(1.0),"Government revenue, expenditure and main aggregates",A,Annual,MIO_EUR,Million euro,S13,General government,P51G,Gross fixed capital formation,DK,Denmark,2019,,9953.0,,,,,
dataflow,ESTAT:GOV_10A_MAIN(1.0),"Government revenue, expenditure and main aggregates",A,Annual,MIO_EUR,Million euro,S13,General government,P51G,Gross fixed capital formation,DK,Denmark,2020,,11117.4,,,,,
dataflow,ESTAT:GOV_10A_MAIN(1.0),"Government revenue, expenditure and main aggregates",A,Annual,MIO_EUR,Million euro,S13,General government,P51G,Gross fixed capital formation,DK,Denmark,2021,,10961.8,,,,,
dataflow,ESTAT:GOV_10A_MAIN(1.0),"Government revenue, expenditure and main aggregates",A,Annual,MIO_EUR,Million euro,S13,General government,P51G,Gross fixed capital formation,DK,Denmark,2022,,11649.6,,,,,
dataflow,ESTAT:GOV_10A_MAIN(1.0),"Government revenue, expenditure and main aggregates",A,Annual,MIO_EUR,Million euro,S13,General government,P51G,Gross fixed capital formation,DK,Denmark,2023,,11889.4,,,,,
dataflow,ESTAT:GOV_10A_MAIN(1.0),"Government revenue, expenditure and main aggregates",A,Annual,MIO_EUR,Million euro,S13,General government,P51G,Gross fixed capital formation,DK,Denmark,2024,,12467.3,,,,,
dataflow,ESTAT:GOV_10A_MAIN(1.0),"Government revenue, expenditure and main aggregates",A,Annual,MIO_EUR,Million euro,S13,General government,P51G,Gross fixed capital formation,EE,Estonia,1995,,160.6,,,,,
dataflow,ESTAT:GOV_10A_MAIN(1.0),"Government revenue, expenditure and main aggregates",A,Annual,MIO_EUR,Million euro,S13,General government,P51G,Gross fixed capital formation,EE,Estonia,1996,,184.1,,,,,
dataflow,ESTAT:GOV_10A_MAIN(1.0),"Government revenue, expenditure and main aggregates",A,Annual,MIO_EUR,Million euro,S13,General government,P51G,Gross fixed capital formation,EE,Estonia,1997,,211.4,,,,,
dataflow,ESTAT:GOV_10A_MAIN(1.0),"Government revenue, expenditure and main aggregates",A,Annual,MIO_EUR,Million euro,S13,General government,P51G,Gross fixed capital formation,EE,Estonia,1998,,268.4,,,,,
dataflow,ESTAT:GOV_10A_MAIN(1.0),"Government revenue, expenditure and main aggregates",A,Annual,MIO_EUR,Million euro,S13,General government,P51G,Gross fixed capital formation,EE,Estonia,1999,,253.7,,,,,
dataflow,ESTAT:GOV_10A_MAIN(1.0),"Government revenue, expenditure and main aggregates",A,Annual,MIO_EUR,Million euro,S13,General government,P51G,Gross fixed capital formation,EE,Estonia,2000,,269.7,,,,,
dataflow,ESTAT:GOV_10A_MAIN(1.0),"Government revenue, expenditure and main aggregates",A,Annual,MIO_EUR,Million euro,S13,General government,P51G,Gross fixed capital formation,EE,Estonia,2001,,326.1,,,,,
dataflow,ESTAT:GOV_10A_MAIN(1.0),"Government revenue, expenditure and main aggregates",A,Annual,MIO_EUR,Million euro,S13,General government,P51G,Gross fixed capital formation,EE,Estonia,2002,,462.3,,,,,
dataflow,ESTAT:GOV_10A_MAIN(1.0),"Government revenue, expenditure and main aggregates",A,Annual,MIO_EUR,Million euro,S13,General government,P51G,Gross fixed capital formation,EE,Estonia,2003,,455.5,,,,,
dataflow,ESTAT:GOV_10A_MAIN(1.0),"Government revenue, expenditure and main aggregates",A,Annual,MIO_EUR,Million euro,S13,General government,P51G,Gross fixed capital formation,EE,Estonia,2004,,429.3,,,,,
dataflow,ESTAT:GOV_10A_MAIN(1.0),"Government revenue, expenditure and main aggregates",A,Annual,MIO_EUR,Million euro,S13,General government,P51G,Gross fixed capital formation,EE,Estonia,2005,,525.8,,,,,
dataflow,ESTAT:GOV_10A_MAIN(1.0),"Government revenue, expenditure and main aggregates",A,Annual,MIO_EUR,Million euro,S13,General government,P51G,Gross fixed capital formation,EE,Estonia,2006,,736.2,,,,,
dataflow,ESTAT:GOV_10A_MAIN(1.0),"Government revenue, expenditure and main aggregates",A,Annual,MIO_EUR,Million euro,S13,General government,P51G,Gross fixed capital formation,EE,Estonia,2007,,986.4,,,,,
dataflow,ESTAT:GOV_10A_MAIN(1.0),"Government revenue, expenditure and main aggregates",A,Annual,MIO_EUR,Million euro,S13,General government,P51G,Gross fixed capital formation,EE,Estonia,2008,,1024.2,,,,,
dataflow,ESTAT:GOV_10A_MAIN(1.0),"Government revenue, expenditure and main aggregates",A,Annual,MIO_EUR,Million euro,S13,General government,P51G,Gross fixed capital formation,EE,Estonia,2009,,863.8,,,,,
dataflow,ESTAT:GOV_10A_MAIN(1.0),"Government revenue, expenditure and main aggregates",A,Annual,MIO_EUR,Million euro,S13,General government,P51G,Gross fixed capital formation,EE,Estonia,2010,,714.1,,,,,
dataflow,ESTAT:GOV_10A_MAIN(1.0),"Government revenue, expenditure and main aggregates",A,Annual,MIO_EUR,Million euro,S13,General government,P51G,Gross fixed capital formation,EE,Estonia,2011,,850.4,,,,,
dataflow,ESTAT:GOV_10A_MAIN(1.0),"Government revenue, expenditure and main aggregates",A,Annual,MIO_EUR,Million euro,S13,General government,P51G,Gross fixed capital formation,EE,Estonia,2012,,1150.4,,,,,
dataflow,ESTAT:GOV_10A_MAIN(1.0),"Government revenue, expenditure and main aggregates",A,Annual,MIO_EUR,Million euro,S13,General government,P51G,Gross fixed capital formation,EE,Estonia,2013,,1060.8,,,,,
dataflow,ESTAT:GOV_10A_MAIN(1.0),"Government revenue, expenditure and main aggregates",A,Annual,MIO_EUR,Million euro,S13,General government,P51G,Gross fixed capital formation,EE,Estonia,2014,,1026.3,,,,,
dataflow,ESTAT:GOV_10A_MAIN(1.0),"Government revenue, expenditure and main aggregates",A,Annual,MIO_EUR,Million euro,S13,General government,P51G,Gross fixed capital formation,EE,Estonia,2015,,1100.5,,,,,
dataflow,ESTAT:GOV_10A_MAIN(1.0),"Government revenue, expenditure and main aggregates",A,Annual,MIO_EUR,Million euro,S13,General government,P51G,Gross fixed capital formation,EE,Estonia,2016,,1014.0,,,,,
dataflow,ESTAT:GOV_10A_MAIN(1.0),"Government revenue, expenditure and main aggregates",A,Annual,MIO_EUR,Million euro,S13,General government,P51G,Gross fixed capital formation,EE,Estonia,2017,,1365.6,,,,,
dataflow,ESTAT:GOV_10A_MAIN(1.0),"Government revenue, expenditure and main aggregates",A,Annual,MIO_EUR,Million euro,S13,General government,P51G,Gross fixed capital formation,EE,Estonia,2018,,1376.2,,,,,
dataflow,ESTAT:GOV_10A_MAIN(1.0),"Government revenue, expenditure and main aggregates",A,Annual,MIO_EUR,Million euro,S13,General government,P51G,Gross fixed capital formation,EE,Estonia,2019,,1471.6,,,,,
dataflow,ESTAT:GOV_10A_MAIN(1.0),"Government revenue, expenditure and main aggregates",A,Annual,MIO_EUR,Million euro,S13,General government,P51G,Gross fixed capital formation,EE,Estonia,2020,,1622.0,,,,,
dataflow,ESTAT:GOV_10A_MAIN(1.0),"Government revenue, expenditure and main aggregates",A,Annual,MIO_EUR,Million euro,S13,General government,P51G,Gross fixed capital formation,EE,Estonia,2021,,1818.8,,,,,
dataflow,ESTAT:GOV_10A_MAIN(1.0),"Government revenue, expenditure and main aggregates",A,Annual,MIO_EUR,Million euro,S13,General government,P51G,Gross fixed capital formation,EE,Estonia,2022,,1964.7,,,,,
dataflow,ESTAT:GOV_10A_MAIN(1.0),"Government revenue, expenditure and main aggregates",A,Annual,MIO_EUR,Million euro,S13,General government,P51G,Gross fixed capital formation,EE,Estonia,2023,,2500.1,,,,,
dataflow,ESTAT:GOV_10A_MAIN(1.0),"Government revenue, expenditure and main aggregates",A,Annual,MIO_EUR,Million euro,S13,General government,P51G,Gross fixed capital formation,EE,Estonia,2024,,2478.4,,,,,
dataflow,ESTAT:GOV_10A_MAIN(1.0),"Government revenue, expenditure and main aggregates",A,Annual,MIO_EUR,Million euro,S13,General government,P51G,Gross fixed capital formation,EL,Greece,1995,,4085.8,,,,,
dataflow,ESTAT:GOV_10A_MAIN(1.0),"Government revenue, expenditure and main aggregates",A,Annual,MIO_EUR,Million euro,S13,General government,P51G,Gross fixed capital formation,EL,Greece,1996,,4731.9,,,,,
dataflow,ESTAT:GOV_10A_MAIN(1.0),"Government revenue, expenditure and main aggregates",A,Annual,MIO_EUR,Million euro,S13,General government,P51G,Gross fixed capital formation,EL,Greece,1997,,4963.3,,,,,
dataflow,ESTAT:GOV_10A_MAIN(1.0),"Government revenue, expenditure and main aggregates",A,Annual,MIO_EUR,Million euro,S13,General government,P51G,Gross fixed capital formation,EL,Greece,1998,,6568.1,,,,,
dataflow,ESTAT:GOV_10A_MAIN(1.0),"Government revenue, expenditure and main aggregates",A,Annual,MIO_EUR,Million euro,S13,General government,P51G,Gross fixed capital formation,EL,Greece,1999,,7604.5,,,,,
dataflow,ESTAT:GOV_10A_MAIN(1.0),"Government revenue, expenditure and main aggregates",A,Annual,MIO_EUR,Million euro,S13,General government,P51G,Gross fixed capital formation,EL,Greece,2000,,7224.3,,,,,
dataflow,ESTAT:GOV_10A_MAIN(1.0),"Government revenue, expenditure and main aggregates",A,Annual,MIO_EUR,Million euro,S13,General government,P51G,Gross fixed capital formation,EL,Greece,2001,,9045.0,,,,,
dataflow,ESTAT:GOV_10A_MAIN(1.0),"Government revenue, expenditure and main aggregates",A,Annual,MIO_EUR,Million euro,S13,General government,P51G,Gross fixed capital formation,EL,Greece,2002,,8011.0,,,,,
dataflow,ESTAT:GOV_10A_MAIN(1.0),"Government revenue, expenditure and main aggregates",A,Annual,MIO_EUR,Million euro,S13,General government,P51G,Gross fixed capital formation,EL,Greece,2003,,10636.0,,,,,
dataflow,ESTAT:GOV_10A_MAIN(1.0),"Government revenue, expenditure and main aggregates",A,Annual,MIO_EUR,Million euro,S13,General government,P51G,Gross fixed capital formation,EL,Greece,2004,,11025.0,,,,,
dataflow,ESTAT:GOV_10A_MAIN(1.0),"Government revenue, expenditure and main aggregates",A,Annual,MIO_EUR,Million euro,S13,General government,P51G,Gross fixed capital formation,EL,Greece,2005,,8811.0,,,,,
dataflow,ESTAT:GOV_10A_MAIN(1.0),"Government revenue, expenditure and main aggregates",A,Annual,MIO_EUR,Million euro,S13,General government,P51G,Gross fixed capital formation,EL,Greece,2006,,12482.0,,,,,
dataflow,ESTAT:GOV_10A_MAIN(1.0),"Government revenue, expenditure and main aggregates",A,Annual,MIO_EUR,Million euro,S13,General government,P51G,Gross fixed capital formation,EL,Greece,2007,,11286.0,,,,,
dataflow,ESTAT:GOV_10A_MAIN(1.0),"Government revenue, expenditure and main aggregates",A,Annual,MIO_EUR,Million euro,S13,General government,P51G,Gross fixed capital formation,EL,Greece,2008,,13510.0,,,,,
dataflow,ESTAT:GOV_10A_MAIN(1.0),"Government revenue, expenditure and main aggregates",A,Annual,MIO_EUR,Million euro,S13,General government,P51G,Gross fixed capital formation,EL,Greece,2009,,13559.0,,,,,
dataflow,ESTAT:GOV_10A_MAIN(1.0),"Government revenue, expenditure and main aggregates",A,Annual,MIO_EUR,Million euro,S13,General government,P51G,Gross fixed capital formation,EL,Greece,2010,,8330.0,,,,,
dataflow,ESTAT:GOV_10A_MAIN(1.0),"Government revenue, expenditure and main aggregates",A,Annual,MIO_EUR,Million euro,S13,General government,P51G,Gross fixed capital formation,EL,Greece,2011,,5089.0,,,,,
dataflow,ESTAT:GOV_10A_MAIN(1.0),"Government revenue, expenditure and main aggregates",A,Annual,MIO_EUR,Million euro,S13,General government,P51G,Gross fixed capital formation,EL,Greece,2012,,4825.0,,,,,
dataflow,ESTAT:GOV_10A_MAIN(1.0),"Government revenue, expenditure and main aggregates",A,Annual,MIO_EUR,Million euro,S13,General government,P51G,Gross fixed capital formation,EL,Greece,2013,,6221.0,,,,,
dataflow,ESTAT:GOV_10A_MAIN(1.0),"Government revenue, expenditure and main aggregates",A,Annual,MIO_EUR,Million euro,S13,General government,P51G,Gross fixed capital formation,EL,Greece,2014,,6571.0,,,,,
dataflow,ESTAT:GOV_10A_MAIN(1.0),"Government revenue, expenditure and main aggregates",A,Annual,MIO_EUR,Million euro,S13,General government,P51G,Gross fixed capital formation,EL,Greece,2015,,6812.0,,,,,
dataflow,ESTAT:GOV_10A_MAIN(1.0),"Government revenue, expenditure and main aggregates",A,Annual,MIO_EUR,Million euro,S13,General government,P51G,Gross fixed capital formation,EL,Greece,2016,,6237.0,,,,,
dataflow,ESTAT:GOV_10A_MAIN(1.0),"Government revenue, expenditure and main aggregates",A,Annual,MIO_EUR,Million euro,S13,General government,P51G,Gross fixed capital formation,EL,Greece,2017,,8033.0,,,,,
dataflow,ESTAT:GOV_10A_MAIN(1.0),"Government revenue, expenditure and main aggregates",A,Annual,MIO_EUR,Million euro,S13,General government,P51G,Gross fixed capital formation,EL,Greece,2018,,5808.0,,,,,
dataflow,ESTAT:GOV_10A_MAIN(1.0),"Government revenue, expenditure and main aggregates",A,Annual,MIO_EUR,Million euro,S13,General government,P51G,Gross fixed capital formation,EL,Greece,2019,,4575.0,,,,,
dataflow,ESTAT:GOV_10A_MAIN(1.0),"Government revenue, expenditure and main aggregates",A,Annual,MIO_EUR,Million euro,S13,General government,P51G,Gross fixed capital formation,EL,Greece,2020,,5146.0,,,,,
dataflow,ESTAT:GOV_10A_MAIN(1.0),"Government revenue, expenditure and main aggregates",A,Annual,MIO_EUR,Million euro,S13,General government,P51G,Gross fixed capital formation,EL,Greece,2021,,6649.0,,,,,
dataflow,ESTAT:GOV_10A_MAIN(1.0),"Government revenue, expenditure and main aggregates",A,Annual,MIO_EUR,Million euro,S13,General government,P51G,Gross fixed capital formation,EL,Greece,2022,,7575.0,,,,,
dataflow,ESTAT:GOV_10A_MAIN(1.0),"Government revenue, expenditure and main aggregates",A,Annual,MIO_EUR,Million euro,S13,General government,P51G,Gross fixed capital formation,EL,Greece,2023,,8678.0,,,,,
dataflow,ESTAT:GOV_10A_MAIN(1.0),"Government revenue, expenditure and main aggregates",A,Annual,MIO_EUR,Million euro,S13,General government,P51G,Gross fixed capital formation,EL,Greece,2024,,8612.0,,,,,
dataflow,ESTAT:GOV_10A_MAIN(1.0),"Government revenue, expenditure and main aggregates",A,Annual,MIO_EUR,Million euro,S13,General government,P51G,Gross fixed capital formation,ES,Spain,1995,,20663.5,,,,,
dataflow,ESTAT:GOV_10A_MAIN(1.0),"Government revenue, expenditure and main aggregates",A,Annual,MIO_EUR,Million euro,S13,General government,P51G,Gross fixed capital formation,ES,Spain,1996,,18867.4,,,,,
dataflow,ESTAT:GOV_10A_MAIN(1.0),"Government revenue, expenditure and main aggregates",A,Annual,MIO_EUR,Million euro,S13,General government,P51G,Gross fixed capital formation,ES,Spain,1997,,19387.2,,,,,
dataflow,ESTAT:GOV_10A_MAIN(1.0),"Government revenue, expenditure and main aggregates",A,Annual,MIO_EUR,Million euro,S13,General government,P51G,Gross fixed capital formation,ES,Spain,1998,,21339.6,,,,,
dataflow,ESTAT:GOV_10A_MAIN(1.0),"Government revenue, expenditure and main aggregates",A,Annual,MIO_EUR,Million euro,S13,General government,P51G,Gross fixed capital formation,ES,Spain,1999,,23086.0,,,,,
dataflow,ESTAT:GOV_10A_MAIN(1.0),"Government revenue, expenditure and main aggregates",A,Annual,MIO_EUR,Million euro,S13,General government,P51G,Gross fixed capital formation,ES,Spain,2000,,23928.0,,,,,
dataflow,ESTAT:GOV_10A_MAIN(1.0),"Government revenue, expenditure and main aggregates",A,Annual,MIO_EUR,Million euro,S13,General government,P51G,Gross fixed capital formation,ES,Spain,2001,,26536.0,,,,,
dataflow,ESTAT:GOV_10A_MAIN(1.0),"Government revenue, expenditure and main aggregates",A,Annual,MIO_EUR,Million euro,S13,General government,P51G,Gross fixed capital formation,ES,Spain,2002,,30487.0,,,,,
dataflow,ESTAT:GOV_10A_MAIN(1.0),"Government revenue, expenditure and main aggregates",A,Annual,MIO_EUR,Million euro,S13,General government,P51G,Gross fixed capital formation,ES,Spain,2003,,33265.0,,,,,
dataflow,ESTAT:GOV_10A_MAIN(1.0),"Government revenue, expenditure and main aggregates",A,Annual,MIO_EUR,Million euro,S13,General government,P51G,Gross fixed capital formation,ES,Spain,2004,,34404.0,,,,,
dataflow,ESTAT:GOV_10A_MAIN(1.0),"Government revenue, expenditure and main aggregates",A,Annual,MIO_EUR,Million euro,S13,General government,P51G,Gross fixed capital formation,ES,Spain,2005,,39134.0,,,,,
dataflow,ESTAT:GOV_10A_MAIN(1.0),"Government revenue, expenditure and main aggregates",A,Annual,MIO_EUR,Million euro,S13,General government,P51G,Gross fixed capital formation,ES,Spain,2006,,43832.0,,,,,
dataflow,ESTAT:GOV_10A_MAIN(1.0),"Government revenue, expenditure and main aggregates",A,Annual,MIO_EUR,Million euro,S13,General government,P51G,Gross fixed capital formation,ES,Spain,2007,,50418.0,,,,,
dataflow,ESTAT:GOV_10A_MAIN(1.0),"Government revenue, expenditure and main aggregates",A,Annual,MIO_EUR,Million euro,S13,General government,P51G,Gross fixed capital formation,ES,Spain,2008,,51712.0,,,,,
dataflow,ESTAT:GOV_10A_MAIN(1.0),"Government revenue, expenditure and main aggregates",A,Annual,MIO_EUR,Million euro,S13,General government,P51G,Gross fixed capital formation,ES,Spain,2009,,55353.0,,,,,
dataflow,ESTAT:GOV_10A_MAIN(1.0),"Government revenue, expenditure and main aggregates",A,Annual,MIO_EUR,Million euro,S13,General government,P51G,Gross fixed capital formation,ES,Spain,2010,,50959.0,,,,,
dataflow,ESTAT:GOV_10A_MAIN(1.0),"Government revenue, expenditure and main aggregates",A,Annual,MIO_EUR,Million euro,S13,General government,P51G,Gross fixed capital formation,ES,Spain,2011,,40001.0,,,,,
dataflow,ESTAT:GOV_10A_MAIN(1.0),"Government revenue, expenditure and main aggregates",A,Annual,MIO_EUR,Million euro,S13,General government,P51G,Gross fixed capital formation,ES,Spain,2012,,32549.0,,,,,
dataflow,ESTAT:GOV_10A_MAIN(1.0),"Government revenue, expenditure and main aggregates",A,Annual,MIO_EUR,Million euro,S13,General government,P51G,Gross fixed capital formation,ES,Spain,2013,,24651.0,,,,,
dataflow,ESTAT:GOV_10A_MAIN(1.0),"Government revenue, expenditure and main aggregates",A,Annual,MIO_EUR,Million euro,S13,General government,P51G,Gross fixed capital formation,ES,Spain,2014,,22079.0,,,,,
dataflow,ESTAT:GOV_10A_MAIN(1.0),"Government revenue, expenditure and main aggregates",A,Annual,MIO_EUR,Million euro,S13,General government,P51G,Gross fixed capital formation,ES,Spain,2015,,28002.0,,,,,
dataflow,ESTAT:GOV_10A_MAIN(1.0),"Government revenue, expenditure and main aggregates",A,Annual,MIO_EUR,Million euro,S13,General government,P51G,Gross fixed capital formation,ES,Spain,2016,,22199.0,,,,,
dataflow,ESTAT:GOV_10A_MAIN(1.0),"Government revenue, expenditure and main aggregates",A,Annual,MIO_EUR,Million euro,S13,General government,P51G,Gross fixed capital formation,ES,Spain,2017,,23118.0,,,,,
dataflow,ESTAT:GOV_10A_MAIN(1.0),"Government revenue, expenditure and main aggregates",A,Annual,MIO_EUR,Million euro,S13,General government,P51G,Gross fixed capital formation,ES,Spain,2018,,25889.0,,,,,
dataflow,ESTAT:GOV_10A_MAIN(1.0),"Government revenue, expenditure and main aggregates",A,Annual,MIO_EUR,Million euro,S13,General government,P51G,Gross fixed capital formation,ES,Spain,2019,,27206.0,,,,,
dataflow,ESTAT:GOV_10A_MAIN(1.0),"Government revenue, expenditure and main aggregates",A,Annual,MIO_EUR,Million euro,S13,General government,P51G,Gross fixed capital formation,ES,Spain,2020,,29694.0,,,,,
dataflow,ESTAT:GOV_10A_MAIN(1.0),"Government revenue, expenditure and main aggregates",A,Annual,MIO_EUR,Million euro,S13,General government,P51G,Gross fixed capital formation,ES,Spain,2021,,33591.0,,,,,
dataflow,ESTAT:GOV_10A_MAIN(1.0),"Government revenue, expenditure and main aggregates",A,Annual,MIO_EUR,Million euro,S13,General government,P51G,Gross fixed capital formation,ES,Spain,2022,,37350.0,,,,,
dataflow,ESTAT:GOV_10A_MAIN(1.0),"Government revenue, expenditure and main aggregates",A,Annual,MIO_EUR,Million euro,S13,General government,P51G,Gross fixed capital formation,ES,Spain,2023,,44696.0,,,,,
dataflow,ESTAT:GOV_10A_MAIN(1.0),"Government revenue, expenditure and main aggregates",A,Annual,MIO_EUR,Million euro,S13,General government,P51G,Gross fixed capital formation,ES,Spain,2024,,43485.0,,,,,
dataflow,ESTAT:GOV_10A_MAIN(1.0),"Government revenue, expenditure and main aggregates",A,Annual,MIO_EUR,Million euro,S13,General government,P51G,Gross fixed capital formation,EU27_2020,European Union - 27 countries (from 2020),1995,,216960.0,,,,,
dataflow,ESTAT:GOV_10A_MAIN(1.0),"Government revenue, expenditure and main aggregates",A,Annual,MIO_EUR,Million euro,S13,General government,P51G,Gross fixed capital formation,EU27_2020,European Union - 27 countries (from 2020),1996,,223991.0,,,,,
dataflow,ESTAT:GOV_10A_MAIN(1.0),"Government revenue, expenditure and main aggregates",A,Annual,MIO_EUR,Million euro,S13,General government,P51G,Gross fixed capital formation,EU27_2020,European Union - 27 countries (from 2020),1997,,219552.8,,,,,
dataflow,ESTAT:GOV_10A_MAIN(1.0),"Government revenue, expenditure and main aggregates",A,Annual,MIO_EUR,Million euro,S13,General government,P51G,Gross fixed capital formation,EU27_2020,European Union - 27 countries (from 2020),1998,,228296.3,,,,,
dataflow,ESTAT:GOV_10A_MAIN(1.0),"Government revenue, expenditure and main aggregates",A,Annual,MIO_EUR,Million euro,S13,General government,P51G,Gross fixed capital formation,EU27_2020,European Union - 27 countries (from 2020),1999,,249788.9,,,,,
dataflow,ESTAT:GOV_10A_MAIN(1.0),"Government revenue, expenditure and main aggregates",A,Annual,MIO_EUR,Million euro,S13,General government,P51G,Gross fixed capital formation,EU27_2020,European Union - 27 countries (from 2020),2000,,261218.5,,,,,
dataflow,ESTAT:GOV_10A_MAIN(1.0),"Government revenue, expenditure and main aggregates",A,Annual,MIO_EUR,Million euro,S13,General government,P51G,Gross fixed capital formation,EU27_2020,European Union - 27 countries (from 2020),2001,,276477.2,,,,,
dataflow,ESTAT:GOV_10A_MAIN(1.0),"Government revenue, expenditure and main aggregates",A,Annual,MIO_EUR,Million euro,S13,General government,P51G,Gross fixed capital formation,EU27_2020,European Union - 27 countries (from 2020),2002,,284785.1,,,,,
dataflow,ESTAT:GOV_10A_MAIN(1.0),"Government revenue, expenditure and main aggregates",A,Annual,MIO_EUR,Million euro,S13,General government,P51G,Gross fixed capital formation,EU27_2020,European Union - 27 countries (from 2020),2003,,305766.7,,,,,
dataflow,ESTAT:GOV_10A_MAIN(1.0),"Government revenue, expenditure and main aggregates",A,Annual,MIO_EUR,Million euro,S13,General government,P51G,Gross fixed capital formation,EU27_2020,European Union - 27 countries (from 2020),2004,,310220.5,,,,,
dataflow,ESTAT:GOV_10A_MAIN(1.0),"Government revenue, expenditure and main aggregates",A,Annual,MIO_EUR,Million euro,S13,General government,P51G,Gross fixed capital formation,EU27_2020,European Union - 27 countries (from 2020),2005,,325765.9,,,,,
dataflow,ESTAT:GOV_10A_MAIN(1.0),"Government revenue, expenditure and main aggregates",A,Annual,MIO_EUR,Million euro,S13,General government,P51G,Gross fixed capital formation,EU27_2020,European Union - 27 countries (from 2020),2006,,356329.0,,,,,
dataflow,ESTAT:GOV_10A_MAIN(1.0),"Government revenue, expenditure and main aggregates",A,Annual,MIO_EUR,Million euro,S13,General government,P51G,Gross fixed capital formation,EU27_2020,European Union - 27 countries (from 2020),2007,,383318.0,,,,,
dataflow,ESTAT:GOV_10A_MAIN(1.0),"Government revenue, expenditure and main aggregates",A,Annual,MIO_EUR,Million euro,S13,General government,P51G,Gross fixed capital formation,EU27_2020,European Union - 27 countries (from 2020),2008,,409215.9,,,,,
dataflow,ESTAT:GOV_10A_MAIN(1.0),"Government revenue, expenditure and main aggregates",A,Annual,MIO_EUR,Million euro,S13,General government,P51G,Gross fixed capital formation,EU27_2020,European Union - 27 countries (from 2020),2009,,422101.4,,,,,
dataflow,ESTAT:GOV_10A_MAIN(1.0),"Government revenue, expenditure and main aggregates",A,Annual,MIO_EUR,Million euro,S13,General government,P51G,Gross fixed capital formation,EU27_2020,European Union - 27 countries (from 2020),2010,,418283.3,,,,,
dataflow,ESTAT:GOV_10A_MAIN(1.0),"Government revenue, expenditure and main aggregates",A,Annual,MIO_EUR,Million euro,S13,General government,P51G,Gross fixed capital formation,EU27_2020,European Union - 27 countries (from 2020),2011,,400589.9,,,,,
dataflow,ESTAT:GOV_10A_MAIN(1.0),"Government revenue, expenditure and main aggregates",A,Annual,MIO_EUR,Million euro,S13,General government,P51G,Gross fixed capital formation,EU27_2020,European Union - 27 countries (from 2020),2012,,383012.7,,,,,
dataflow,ESTAT:GOV_10A_MAIN(1.0),"Government revenue, expenditure and main aggregates",A,Annual,MIO_EUR,Million euro,S13,General government,P51G,Gross fixed capital formation,EU27_2020,European Union - 27 countries (from 2020),2013,,374662.6,,,,,
dataflow,ESTAT:GOV_10A_MAIN(1.0),"Government revenue, expenditure and main aggregates",A,Annual,MIO_EUR,Million euro,S13,General government,P51G,Gross fixed capital formation,EU27_2020,European Union - 27 countries (from 2020),2014,,372746.0,,,,,
dataflow,ESTAT:GOV_10A_MAIN(1.0),"Government revenue, expenditure and main aggregates",A,Annual,MIO_EUR,Million euro,S13,General government,P51G,Gross fixed capital formation,EU27_2020,European Union - 27 countries (from 2020),2015,,390087.8,,,,,
dataflow,ESTAT:GOV_10A_MAIN(1.0),"Government revenue, expenditure and main aggregates",A,Annual,MIO_EUR,Million euro,S13,General government,P51G,Gross fixed capital formation,EU27_2020,European Union - 27 countries (from 2020),2016,,370299.6,,,,,
dataflow,ESTAT:GOV_10A_MAIN(1.0),"Government revenue, expenditure and main aggregates",A,Annual,MIO_EUR,Million euro,S13,General government,P51G,Gross fixed capital formation,EU27_2020,European Union - 27 countries (from 2020),2017,,387728.0,,,,,
dataflow,ESTAT:GOV_10A_MAIN(1.0),"Government revenue, expenditure and main aggregates",A,Annual,MIO_EUR,Million euro,S13,General government,P51G,Gross fixed capital formation,EU27_2020,European Union - 27 countries (from 2020),2018,,419500.8,,,,,
dataflow,ESTAT:GOV_10A_MAIN(1.0),"Government revenue, expenditure and main aggregates",A,Annual,MIO_EUR,Million euro,S13,General government,P51G,Gross fixed capital formation,EU27_2020,European Union - 27 countries (from 2020),2019,,447803.7,,,,,
dataflow,ESTAT:GOV_10A_MAIN(1.0),"Government revenue, expenditure and main aggregates",A,Annual,MIO_EUR,Million euro,S13,General government,P51G,Gross fixed capital formation,EU27_2020,European Union - 27 countries (from 2020),2020,,468993.7,,,,,
dataflow,ESTAT:GOV_10A_MAIN(1.0),"Government revenue, expenditure and main aggregates",A,Annual,MIO_EUR,Million euro,S13,General government,P51G,Gross fixed capital formation,EU27_2020,European Union - 27 countries (from 2020),2021,,496947.3,,,,,
dataflow,ESTAT:GOV_10A_MAIN(1.0),"Government revenue, expenditure and main aggregates",A,Annual,MIO_EUR,Million euro,S13,General government,P51G,Gross fixed capital formation,EU27_2020,European Union - 27 countries (from 2020),2022,,533261.4,,,,,
dataflow,ESTAT:GOV_10A_MAIN(1.0),"Government revenue, expenditure and main aggregates",A,Annual,MIO_EUR,Million euro,S13,General government,P51G,Gross fixed capital formation,EU27_2020,European Union - 27 countries (from 2020),2023,,613402.3,,,,,
dataflow,ESTAT:GOV_10A_MAIN(1.0),"Government revenue, expenditure and main aggregates",A,Annual,MIO_EUR,Million euro,S13,General government,P51G,Gross fixed capital formation,EU27_2020,European Union - 27 countries (from 2020),2024,,658795.4,,,,,
dataflow,ESTAT:GOV_10A_MAIN(1.0),"Government revenue, expenditure and main aggregates",A,Annual,MIO_EUR,Million euro,S13,General government,P51G,Gross fixed capital formation,FI,Finland,1976,,1201.2,,,,,
dataflow,ESTAT:GOV_10A_MAIN(1.0),"Government revenue, expenditure and main aggregates",A,Annual,MIO_EUR,Million euro,S13,General government,P51G,Gross fixed capital formation,FI,Finland,1977,,1263.3,,,,,
dataflow,ESTAT:GOV_10A_MAIN(1.0),"Government revenue, expenditure and main aggregates",A,Annual,MIO_EUR,Million euro,S13,General government,P51G,Gross fixed capital formation,FI,Finland,1978,,1215.6,,,,,
dataflow,ESTAT:GOV_10A_MAIN(1.0),"Government revenue, expenditure and main aggregates",A,Annual,MIO_EUR,Million euro,S13,General government,P51G,Gross fixed capital formation,FI,Finland,1979,,1331.7,,,,,
dataflow,ESTAT:GOV_10A_MAIN(1.0),"Government revenue, expenditure and main aggregates",A,Annual,MIO_EUR,Million euro,S13,General government,P51G,Gross fixed capital formation,FI,Finland,1980,,1670.3,,,,,
dataflow,ESTAT:GOV_10A_MAIN(1.0),"Government revenue, expenditure and main aggregates",A,Annual,MIO_EUR,Million euro,S13,General government,P51G,Gross fixed capital formation,FI,Finland,1981,,1983.6,,,,,
dataflow,ESTAT:GOV_10A_MAIN(1.0),"Government revenue, expenditure and main aggregates",A,Annual,MIO_EUR,Million euro,S13,General government,P51G,Gross fixed capital formation,FI,Finland,1982,,2383.5,,,,,
dataflow,ESTAT:GOV_10A_MAIN(1.0),"Government revenue, expenditure and main aggregates",A,Annual,MIO_EUR,Million euro,S13,General government,P51G,Gross fixed capital formation,FI,Finland,1983,,2636.3,,,,,
dataflow,ESTAT:GOV_10A_MAIN(1.0),"Government revenue, expenditure and main aggregates",A,Annual,MIO_EUR,Million euro,S13,General government,P51G,Gross fixed capital formation,FI,Finland,1984,,2824.3,,,,,
dataflow,ESTAT:GOV_10A_MAIN(1.0),"Government revenue, expenditure and main aggregates",A,Annual,MIO_EUR,Million euro,S13,General government,P51G,Gross fixed capital formation,FI,Finland,1985,,3251.4,,,,,
dataflow,ESTAT:GOV_10A_MAIN(1.0),"Government revenue, expenditure and main aggregates",A,Annual,MIO_EUR,Million euro,S13,General government,P51G,Gross fixed capital formation,FI,Finland,1986,,3257.2,,,,,
dataflow,ESTAT:GOV_10A_MAIN(1.0),"Government revenue, expenditure and main aggregates",A,Annual,MIO_EUR,Million euro,S13,General government,P51G,Gross fixed capital formation,FI,Finland,1987,,3717.6,,,,,
dataflow,ESTAT:GOV_10A_MAIN(1.0),"Government revenue, expenditure and main aggregates",A,Annual,MIO_EUR,Million euro,S13,General government,P51G,Gross fixed capital formation,FI,Finland,1988,,4290.1,,,,,
dataflow,ESTAT:GOV_10A_MAIN(1.0),"Government revenue, expenditure and main aggregates",A,Annual,MIO_EUR,Million euro,S13,General government,P51G,Gross fixed capital formation,FI,Finland,1989,,4289.0,,,,,
dataflow,ESTAT:GOV_10A_MAIN(1.0),"Government revenue, expenditure and main aggregates",A,Annual,MIO_EUR,Million euro,S13,General government,P51G,Gross fixed capital formation,FI,Finland,1990,,5015.0,,,,,
dataflow,ESTAT:GOV_10A_MAIN(1.0),"Government revenue, expenditure and main aggregates",A,Annual,MIO_EUR,Million euro,S13,General government,P51G,Gross fixed capital formation,FI,Finland,1991,,4899.6,,,,,
dataflow,ESTAT:GOV_10A_MAIN(1.0),"Government revenue, expenditure and main aggregates",A,Annual,MIO_EUR,Million euro,S13,General government,P51G,Gross fixed capital formation,FI,Finland,1992,,4159.0,,,,,
dataflow,ESTAT:GOV_10A_MAIN(1.0),"Government revenue, expenditure and main aggregates",A,Annual,MIO_EUR,Million euro,S13,General government,P51G,Gross fixed capital formation,FI,Finland,1993,,3059.8,,,,,
dataflow,ESTAT:GOV_10A_MAIN(1.0),"Government revenue, expenditure and main aggregates",A,Annual,MIO_EUR,Million euro,S13,General government,P51G,Gross fixed capital formation,FI,Finland,1994,,3638.1,,,,,
dataflow,ESTAT:GOV_10A_MAIN(1.0),"Government revenue, expenditure and main aggregates",A,Annual,MIO_EUR,Million euro,S13,General government,P51G,Gross fixed capital formation,FI,Finland,1995,,3802.7,,,,,
dataflow,ESTAT:GOV_10A_MAIN(1.0),"Government revenue, expenditure and main aggregates",A,Annual,MIO_EUR,Million euro,S13,General government,P51G,Gross fixed capital formation,FI,Finland,1996,,4170.5,,,,,
dataflow,ESTAT:GOV_10A_MAIN(1.0),"Government revenue, expenditure and main aggregates",A,Annual,MIO_EUR,Million euro,S13,General government,P51G,Gross fixed capital formation,FI,Finland,1997,,4915.8,,,,,
dataflow,ESTAT:GOV_10A_MAIN(1.0),"Government revenue, expenditure and main aggregates",A,Annual,MIO_EUR,Million euro,S13,General government,P51G,Gross fixed capital formation,FI,Finland,1998,,4929.5,,,,,
dataflow,ESTAT:GOV_10A_MAIN(1.0),"Government revenue, expenditure and main aggregates",A,Annual,MIO_EUR,Million euro,S13,General government,P51G,Gross fixed capital formation,FI,Finland,1999,,4996.0,,,,,
dataflow,ESTAT:GOV_10A_MAIN(1.0),"Government revenue, expenditure and main aggregates",A,Annual,MIO_EUR,Million euro,S13,General government,P51G,Gross fixed capital formation,FI,Finland,2000,,4809.0,,,,,
dataflow,ESTAT:GOV_10A_MAIN(1.0),"Government revenue, expenditure and main aggregates",A,Annual,MIO_EUR,Million euro,S13,General government,P51G,Gross fixed capital formation,FI,Finland,2001,,4921.0,,,,,
dataflow,ESTAT:GOV_10A_MAIN(1.0),"Government revenue, expenditure and main aggregates",A,Annual,MIO_EUR,Million euro,S13,General government,P51G,Gross fixed capital formation,FI,Finland,2002,,5487.0,,,,,
dataflow,ESTAT:GOV_10A_MAIN(1.0),"Government revenue, expenditure and main aggregates",A,Annual,MIO_EUR,Million euro,S13,General government,P51G,Gross fixed capital formation,FI,Finland,2003,,5867.0,,,,,
dataflow,ESTAT:GOV_10A_MAIN(1.0),"Government revenue, expenditure and main aggregates",A,Annual,MIO_EUR,Million euro,S13,General government,P51G,Gross fixed capital formation,FI,Finland,2004,,6205.0,,,,,
dataflow,ESTAT:GOV_10A_MAIN(1.0),"Government revenue, expenditure and main aggregates",A,Annual,MIO_EUR,Million euro,S13,General government,P51G,Gross fixed capital formation,FI,Finland,2005,,5919.0,,,,,
dataflow,ESTAT:GOV_10A_MAIN(1.0),"Government revenue, expenditure and main aggregates",A,Annual,MIO_EUR,Million euro,S13,General government,P51G,Gross fixed capital formation,FI,Finland,2006,,5777.0,,,,,
dataflow,ESTAT:GOV_10A_MAIN(1.0),"Government revenue, expenditure and main aggregates",A,Annual,MIO_EUR,Million euro,S13,General government,P51G,Gross fixed capital formation,FI,Finland,2007,,6518.0,,,,,
dataflow,ESTAT:GOV_10A_MAIN(1.0),"Government revenue, expenditure and main aggregates",A,Annual,MIO_EUR,Million euro,S13,General government,P51G,Gross fixed capital formation,FI,Finland,2008,,6965.0,,,,,
dataflow,ESTAT:GOV_10A_MAIN(1.0),"Government revenue, expenditure and main aggregates",A,Annual,MIO_EUR,Million euro,S13,General government,P51G,Gross fixed capital formation,FI,Finland,2009,,7122.0,,,,,
dataflow,ESTAT:GOV_10A_MAIN(1.0),"Government revenue, expenditure and main aggregates",A,Annual,MIO_EUR,Million euro,S13,General government,P51G,Gross fixed capital formation,FI,Finland,2010,,6885.0,,,,,
dataflow,ESTAT:GOV_10A_MAIN(1.0),"Government revenue, expenditure and main aggregates",A,Annual,MIO_EUR,Million euro,S13,General government,P51G,Gross fixed capital formation,FI,Finland,2011,,7488.0,,,,,
dataflow,ESTAT:GOV_10A_MAIN(1.0),"Government revenue, expenditure and main aggregates",A,Annual,MIO_EUR,Million euro,S13,General government,P51G,Gross fixed capital formation,FI,Finland,2012,,8098.0,,,,,
dataflow,ESTAT:GOV_10A_MAIN(1.0),"Government revenue, expenditure and main aggregates",A,Annual,MIO_EUR,Million euro,S13,General government,P51G,Gross fixed capital formation,FI,Finland,2013,,8500.0,,,,,
dataflow,ESTAT:GOV_10A_MAIN(1.0),"Government revenue, expenditure and main aggregates",A,Annual,MIO_EUR,Million euro,S13,General government,P51G,Gross fixed capital formation,FI,Finland,2014,,8667.0,,,,,
dataflow,ESTAT:GOV_10A_MAIN(1.0),"Government revenue, expenditure and main aggregates",A,Annual,MIO_EUR,Million euro,S13,General government,P51G,Gross fixed capital formation,FI,Finland,2015,,7908.0,,,,,
dataflow,ESTAT:GOV_10A_MAIN(1.0),"Government revenue, expenditure and main aggregates",A,Annual,MIO_EUR,Million euro,S13,General government,P51G,Gross fixed capital formation,FI,Finland,2016,,9017.0,,,,,
dataflow,ESTAT:GOV_10A_MAIN(1.0),"Government revenue, expenditure and main aggregates",A,Annual,MIO_EUR,Million euro,S13,General government,P51G,Gross fixed capital formation,FI,Finland,2017,,9214.0,,,,,
dataflow,ESTAT:GOV_10A_MAIN(1.0),"Government revenue, expenditure and main aggregates",A,Annual,MIO_EUR,Million euro,S13,General government,P51G,Gross fixed capital formation,FI,Finland,2018,,9982.0,,,,,
dataflow,ESTAT:GOV_10A_MAIN(1.0),"Government revenue, expenditure and main aggregates",A,Annual,MIO_EUR,Million euro,S13,General government,P51G,Gross fixed capital formation,FI,Finland,2019,,10513.0,,,,,
dataflow,ESTAT:GOV_10A_MAIN(1.0),"Government revenue, expenditure and main aggregates",A,Annual,MIO_EUR,Million euro,S13,General government,P51G,Gross fixed capital formation,FI,Finland,2020,,11511.0,,,,,
dataflow,ESTAT:GOV_10A_MAIN(1.0),"Government revenue, expenditure and main aggregates",A,Annual,MIO_EUR,Million euro,S13,General government,P51G,Gross fixed capital formation,FI,Finland,2021,,10503.0,,,,,
dataflow,ESTAT:GOV_10A_MAIN(1.0),"Government revenue, expenditure and main aggregates",A,Annual,MIO_EUR,Million euro,S13,General government,P51G,Gross fixed capital formation,FI,Finland,2022,,11025.0,,,,,
dataflow,ESTAT:GOV_10A_MAIN(1.0),"Government revenue, expenditure and main aggregates",A,Annual,MIO_EUR,Million euro,S13,General government,P51G,Gross fixed capital formation,FI,Finland,2023,,11046.0,,,,,
dataflow,ESTAT:GOV_10A_MAIN(1.0),"Government revenue, expenditure and main aggregates",A,Annual,MIO_EUR,Million euro,S13,General government,P51G,Gross fixed capital formation,FI,Finland,2024,,12246.0,,,,,
dataflow,ESTAT:GOV_10A_MAIN(1.0),"Government revenue, expenditure and main aggregates",A,Annual,MIO_EUR,Million euro,S13,General government,P51G,Gross fixed capital formation,FR,France,1995,,56574.4,,,,,
dataflow,ESTAT:GOV_10A_MAIN(1.0),"Government revenue, expenditure and main aggregates",A,Annual,MIO_EUR,Million euro,S13,General government,P51G,Gross fixed capital formation,FR,France,1996,,57601.6,,,,,
dataflow,ESTAT:GOV_10A_MAIN(1.0),"Government revenue, expenditure and main aggregates",A,Annual,MIO_EUR,Million euro,S13,General government,P51G,Gross fixed capital formation,FR,France,1997,,53678.8,,,,,
dataflow,ESTAT:GOV_10A_MAIN(1.0),"Government revenue, expenditure and main aggregates",A,Annual,MIO_EUR,Million euro,S13,General government,P51G,Gross fixed capital formation,FR,France,1998,,54305.2,,,,,
dataflow,ESTAT:GOV_10A_MAIN(1.0),"Government revenue, expenditure and main aggregates",A,Annual,MIO_EUR,Million euro,S13,General government,P51G,Gross fixed capital formation,FR,France,1999,,57567.2,,,,,
dataflow,ESTAT:GOV_10A_MAIN(1.0),"Government revenue, expenditure and main aggregates",A,Annual,MIO_EUR,Million euro,S13,General government,P51G,Gross fixed capital formation,FR,France,2000,,63078.3,,,,,
dataflow,ESTAT:GOV_10A_MAIN(1.0),"Government revenue, expenditure and main aggregates",A,Annual,MIO_EUR,Million euro,S13,General government,P51G,Gross fixed capital formation,FR,France,2001,,64216.2,,,,,
dataflow,ESTAT:GOV_10A_MAIN(1.0),"Government revenue, expenditure and main aggregates",A,Annual,MIO_EUR,Million euro,S13,General government,P51G,Gross fixed capital formation,FR,France,2002,,64688.0,,,,,
dataflow,ESTAT:GOV_10A_MAIN(1.0),"Government revenue, expenditure and main aggregates",A,Annual,MIO_EUR,Million euro,S13,General government,P51G,Gross fixed capital formation,FR,France,2003,,69162.3,,,,,
dataflow,ESTAT:GOV_10A_MAIN(1.0),"Government revenue, expenditure and main aggregates",A,Annual,MIO_EUR,Million euro,S13,General government,P51G,Gross fixed capital formation,FR,France,2004,,73616.1,,,,,
dataflow,ESTAT:GOV_10A_MAIN(1.0),"Government revenue, expenditure and main aggregates",A,Annual,MIO_EUR,Million euro,S13,General government,P51G,Gross fixed capital formation,FR,France,2005,,78385.0,,,,,
dataflow,ESTAT:GOV_10A_MAIN(1.0),"Government revenue, expenditure and main aggregates",A,Annual,MIO_EUR,Million euro,S13,General government,P51G,Gross fixed capital formation,FR,France,2006,,80877.4,,,,,
dataflow,ESTAT:GOV_10A_MAIN(1.0),"Government revenue, expenditure and main aggregates",A,Annual,MIO_EUR,Million euro,S13,General government,P51G,Gross fixed capital formation,FR,France,2007,,84819.9,,,,,
dataflow,ESTAT:GOV_10A_MAIN(1.0),"Government revenue, expenditure and main aggregates",A,Annual,MIO_EUR,Million euro,S13,General government,P51G,Gross fixed capital formation,FR,France,2008,,88409.2,,,,,
dataflow,ESTAT:GOV_10A_MAIN(1.0),"Government revenue, expenditure and main aggregates",A,Annual,MIO_EUR,Million euro,S13,General government,P51G,Gross fixed capital formation,FR,France,2009,,93430.2,,,,,
dataflow,ESTAT:GOV_10A_MAIN(1.0),"Government revenue, expenditure and main aggregates",A,Annual,MIO_EUR,Million euro,S13,General government,P51G,Gross fixed capital formation,FR,France,2010,,95757.4,,,,,
dataflow,ESTAT:GOV_10A_MAIN(1.0),"Government revenue, expenditure and main aggregates",A,Annual,MIO_EUR,Million euro,S13,General government,P51G,Gross fixed capital formation,FR,France,2011,,92643.7,,,,,
dataflow,ESTAT:GOV_10A_MAIN(1.0),"Government revenue, expenditure and main aggregates",A,Annual,MIO_EUR,Million euro,S13,General government,P51G,Gross fixed capital formation,FR,France,2012,,95102.9,,,,,
dataflow,ESTAT:GOV_10A_MAIN(1.0),"Government revenue, expenditure and main aggregates",A,Annual,MIO_EUR,Million euro,S13,General government,P51G,Gross fixed capital formation,FR,France,2013,,96995.1,,,,,
dataflow,ESTAT:GOV_10A_MAIN(1.0),"Government revenue, expenditure and main aggregates",A,Annual,MIO_EUR,Million euro,S13,General government,P51G,Gross fixed capital formation,FR,France,2014,,91773.2,,,,,
dataflow,ESTAT:GOV_10A_MAIN(1.0),"Government revenue, expenditure and main aggregates",A,Annual,MIO_EUR,Million euro,S13,General government,P51G,Gross fixed capital formation,FR,France,2015,,86767.6,,,,,
dataflow,ESTAT:GOV_10A_MAIN(1.0),"Government revenue, expenditure and main aggregates",A,Annual,MIO_EUR,Million euro,S13,General government,P51G,Gross fixed capital formation,FR,France,2016,,87524.3,,,,,
dataflow,ESTAT:GOV_10A_MAIN(1.0),"Government revenue, expenditure and main aggregates",A,Annual,MIO_EUR,Million euro,S13,General government,P51G,Gross fixed capital formation,FR,France,2017,,88158.1,,,,,
dataflow,ESTAT:GOV_10A_MAIN(1.0),"Government revenue, expenditure and main aggregates",A,Annual,MIO_EUR,Million euro,S13,General government,P51G,Gross fixed capital formation,FR,France,2018,,92182.1,,,,,
dataflow,ESTAT:GOV_10A_MAIN(1.0),"Government revenue, expenditure and main aggregates",A,Annual,MIO_EUR,Million euro,S13,General government,P51G,Gross fixed capital formation,FR,France,2019,,101069.3,,,,,
dataflow,ESTAT:GOV_10A_MAIN(1.0),"Government revenue, expenditure and main aggregates",A,Annual,MIO_EUR,Million euro,S13,General government,P51G,Gross fixed capital formation,FR,France,2020,,96265.0,,,,,
dataflow,ESTAT:GOV_10A_MAIN(1.0),"Government revenue, expenditure and main aggregates",A,Annual,MIO_EUR,Million euro,S13,General government,P51G,Gross fixed capital formation,FR,France,2021,,102159.2,,,,,
dataflow,ESTAT:GOV_10A_MAIN(1.0),"Government revenue, expenditure and main aggregates",A,Annual,MIO_EUR,Million euro,S13,General government,P51G,Gross fixed capital formation,FR,France,2022,,110215.5,,,,,
dataflow,ESTAT:GOV_10A_MAIN(1.0),"Government revenue, expenditure and main aggregates",A,Annual,MIO_EUR,Million euro,S13,General government,P51G,Gross fixed capital formation,FR,France,2023,,119699.4,,,,,
dataflow,ESTAT:GOV_10A_MAIN(1.0),"Government revenue, expenditure and main aggregates",A,Annual,MIO_EUR,Million euro,S13,General government,P51G,Gross fixed capital formation,FR,France,2024,,126997.0,,,,,
dataflow,ESTAT:GOV_10A_MAIN(1.0),"Government revenue, expenditure and main aggregates",A,Annual,MIO_EUR,Million euro,S13,General government,P51G,Gross fixed capital formation,HR,Croatia,1995,,1111.3,,,,,
dataflow,ESTAT:GOV_10A_MAIN(1.0),"Government revenue, expenditure and main aggregates",A,Annual,MIO_EUR,Million euro,S13,General government,P51G,Gross fixed capital formation,HR,Croatia,1996,,1132.4,,,,,
dataflow,ESTAT:GOV_10A_MAIN(1.0),"Government revenue, expenditure and main aggregates",A,Annual,MIO_EUR,Million euro,S13,General government,P51G,Gross fixed capital formation,HR,Croatia,1997,,1160.9,,,,,
dataflow,ESTAT:GOV_10A_MAIN(1.0),"Government revenue, expenditure and main aggregates",A,Annual,MIO_EUR,Million euro,S13,General government,P51G,Gross fixed capital formation,HR,Croatia,1998,,1283.0,,,,,
dataflow,ESTAT:GOV_10A_MAIN(1.0),"Government revenue, expenditure and main aggregates",A,Annual,MIO_EUR,Million euro,S13,General government,P51G,Gross fixed capital formation,HR,Croatia,1999,,1282.8,,,,,
dataflow,ESTAT:GOV_10A_MAIN(1.0),"Government revenue, expenditure and main aggregates",A,Annual,MIO_EUR,Million euro,S13,General government,P51G,Gross fixed capital formation,HR,Croatia,2000,,1273.5,,,,,
dataflow,ESTAT:GOV_10A_MAIN(1.0),"Government revenue, expenditure and main aggregates",A,Annual,MIO_EUR,Million euro,S13,General government,P51G,Gross fixed capital formation,HR,Croatia,2001,,1180.0,,,,,
dataflow,ESTAT:GOV_10A_MAIN(1.0),"Government revenue, expenditure and main aggregates",A,Annual,MIO_EUR,Million euro,S13,General government,P51G,Gross fixed capital formation,HR,Croatia,2002,,1358.8,,,,,
dataflow,ESTAT:GOV_10A_MAIN(1.0),"Government revenue, expenditure and main aggregates",A,Annual,MIO_EUR,Million euro,S13,General government,P51G,Gross fixed capital formation,HR,Croatia,2003,,1958.9,,,,,
dataflow,ESTAT:GOV_10A_MAIN(1.0),"Government revenue, expenditure and main aggregates",A,Annual,MIO_EUR,Million euro,S13,General government,P51G,Gross fixed capital formation,HR,Croatia,2004,,2129.6,,,,,
dataflow,ESTAT:GOV_10A_MAIN(1.0),"Government revenue, expenditure and main aggregates",A,Annual,MIO_EUR,Million euro,S13,General government,P51G,Gross fixed capital formation,HR,Croatia,2005,,1888.0,,,,,
dataflow,ESTAT:GOV_10A_MAIN(1.0),"Government revenue, expenditure and main aggregates",A,Annual,MIO_EUR,Million euro,S13,General government,P51G,Gross fixed capital formation,HR,Croatia,2006,,2031.9,,,,,
dataflow,ESTAT:GOV_10A_MAIN(1.0),"Government revenue, expenditure and main aggregates",A,Annual,MIO_EUR,Million euro,S13,General government,P51G,Gross fixed capital formation,HR,Croatia,2007,,2799.2,,,,,
dataflow,ESTAT:GOV_10A_MAIN(1.0),"Government revenue, expenditure and main aggregates",A,Annual,MIO_EUR,Million euro,S13,General government,P51G,Gross fixed capital formation,HR,Croatia,2008,,2707.0,,,,,
dataflow,ESTAT:GOV_10A_MAIN(1.0),"Government revenue, expenditure and main aggregates",A,Annual,MIO_EUR,Million euro,S13,General government,P51G,Gross fixed capital formation,HR,Croatia,2009,,2566.1,,,,,
dataflow,ESTAT:GOV_10A_MAIN(1.0),"Government revenue, expenditure and main aggregates",A,Annual,MIO_EUR,Million euro,S13,General government,P51G,Gross fixed capital formation,HR,Croatia,2010,,1758.0,,,,,
dataflow,ESTAT:GOV_10A_MAIN(1.0),"Government revenue, expenditure and main aggregates",A,Annual,MIO_EUR,Million euro,S13,General government,P51G,Gross fixed capital formation,HR,Croatia,2011,,1654.0,,,,,
dataflow,ESTAT:GOV_10A_MAIN(1.0),"Government revenue, expenditure and main aggregates",A,Annual,MIO_EUR,Million euro,S13,General government,P51G,Gross fixed capital formation,HR,Croatia,2012,,1660.1,,,,,
dataflow,ESTAT:GOV_10A_MAIN(1.0),"Government revenue, expenditure and main aggregates",A,Annual,MIO_EUR,Million euro,S13,General government,P51G,Gross fixed capital formation,HR,Croatia,2013,,1823.8,,,,,
dataflow,ESTAT:GOV_10A_MAIN(1.0),"Government revenue, expenditure and main aggregates",A,Annual,MIO_EUR,Million euro,S13,General government,P51G,Gross fixed capital formation,HR,Croatia,2014,,1621.3,,,,,
dataflow,ESTAT:GOV_10A_MAIN(1.0),"Government revenue, expenditure and main aggregates",A,Annual,MIO_EUR,Million euro,S13,General government,P51G,Gross fixed capital formation,HR,Croatia,2015,,1569.9,,,,,
dataflow,ESTAT:GOV_10A_MAIN(1.0),"Government revenue, expenditure and main aggregates",A,Annual,MIO_EUR,Million euro,S13,General government,P51G,Gross fixed capital formation,HR,Croatia,2016,,1492.0,,,,,
dataflow,ESTAT:GOV_10A_MAIN(1.0),"Government revenue, expenditure and main aggregates",A,Annual,MIO_EUR,Million euro,S13,General government,P51G,Gross fixed capital formation,HR,Croatia,2017,,1310.1,,,,,
dataflow,ESTAT:GOV_10A_MAIN(1.0),"Government revenue, expenditure and main aggregates",A,Annual,MIO_EUR,Million euro,S13,General government,P51G,Gross fixed capital formation,HR,Croatia,2018,,1850.6,,,,,
dataflow,ESTAT:GOV_10A_MAIN(1.0),"Government revenue, expenditure and main aggregates",A,Annual,MIO_EUR,Million euro,S13,General government,P51G,Gross fixed capital formation,HR,Croatia,2019,,2402.7,,,,,
dataflow,ESTAT:GOV_10A_MAIN(1.0),"Government revenue, expenditure and main aggregates",A,Annual,MIO_EUR,Million euro,S13,General government,P51G,Gross fixed capital formation,HR,Croatia,2020,,2829.6,,,,,
dataflow,ESTAT:GOV_10A_MAIN(1.0),"Government revenue, expenditure and main aggregates",A,Annual,MIO_EUR,Million euro,S13,General government,P51G,Gross fixed capital formation,HR,Croatia,2021,,2802.9,,,,,
dataflow,ESTAT:GOV_10A_MAIN(1.0),"Government revenue, expenditure and main aggregates",A,Annual,MIO_EUR,Million euro,S13,General government,P51G,Gross fixed capital formation,HR,Croatia,2022,,2760.2,,,,,
dataflow,ESTAT:GOV_10A_MAIN(1.0),"Government revenue, expenditure and main aggregates",A,Annual,MIO_EUR,Million euro,S13,General government,P51G,Gross fixed capital formation,HR,Croatia,2023,,4481.6,,,,,
dataflow,ESTAT:GOV_10A_MAIN(1.0),"Government revenue, expenditure and main aggregates",A,Annual,MIO_EUR,Million euro,S13,General government,P51G,Gross fixed capital formation,HR,Croatia,2024,,4494.2,,,,,
dataflow,ESTAT:GOV_10A_MAIN(1.0),"Government revenue, expenditure and main aggregates",A,Annual,MIO_EUR,Million euro,S13,General government,P51G,Gross fixed capital formation,HU,Hungary,1995,,199.2,,,,,
dataflow,ESTAT:GOV_10A_MAIN(1.0),"Government revenue, expenditure and main aggregates",A,Annual,MIO_EUR,Million euro,S13,General government,P51G,Gross fixed capital formation,HU,Hungary,1996,,693.4,,,,,
dataflow,ESTAT:GOV_10A_MAIN(1.0),"Government revenue, expenditure and main aggregates",A,Annual,MIO_EUR,Million euro,S13,General government,P51G,Gross fixed capital formation,HU,Hungary,1997,,1212.7,,,,,
dataflow,ESTAT:GOV_10A_MAIN(1.0),"Government revenue, expenditure and main aggregates",A,Annual,MIO_EUR,Million euro,S13,General government,P51G,Gross fixed capital formation,HU,Hungary,1998,,1526.9,,,,,
dataflow,ESTAT:GOV_10A_MAIN(1.0),"Government revenue, expenditure and main aggregates",A,Annual,MIO_EUR,Million euro,S13,General government,P51G,Gross fixed capital formation,HU,Hungary,1999,,1548.5,,,,,
dataflow,ESTAT:GOV_10A_MAIN(1.0),"Government revenue, expenditure and main aggregates",A,Annual,MIO_EUR,Million euro,S13,General government,P51G,Gross fixed capital formation,HU,Hungary,2000,,1825.2,,,,,
dataflow,ESTAT:GOV_10A_MAIN(1.0),"Government revenue, expenditure and main aggregates",A,Annual,MIO_EUR,Million euro,S13,General government,P51G,Gross fixed capital formation,HU,Hungary,2001,,2352.6,,,,,
dataflow,ESTAT:GOV_10A_MAIN(1.0),"Government revenue, expenditure and main aggregates",A,Annual,MIO_EUR,Million euro,S13,General government,P51G,Gross fixed capital formation,HU,Hungary,2002,,3681.8,,,,,
dataflow,ESTAT:GOV_10A_MAIN(1.0),"Government revenue, expenditure and main aggregates",A,Annual,MIO_EUR,Million euro,S13,General government,P51G,Gross fixed capital formation,HU,Hungary,2003,,2846.4,,,,,
dataflow,ESTAT:GOV_10A_MAIN(1.0),"Government revenue, expenditure and main aggregates",A,Annual,MIO_EUR,Million euro,S13,General government,P51G,Gross fixed capital formation,HU,Hungary,2004,,3179.5,,,,,
dataflow,ESTAT:GOV_10A_MAIN(1.0),"Government revenue, expenditure and main aggregates",A,Annual,MIO_EUR,Million euro,S13,General government,P51G,Gross fixed capital formation,HU,Hungary,2005,,3782.4,,,,,
dataflow,ESTAT:GOV_10A_MAIN(1.0),"Government revenue, expenditure and main aggregates",A,Annual,MIO_EUR,Million euro,S13,General government,P51G,Gross fixed capital formation,HU,Hungary,2006,,4708.5,,,,,
dataflow,ESTAT:GOV_10A_MAIN(1.0),"Government revenue, expenditure and main aggregates",A,Annual,MIO_EUR,Million euro,S13,General government,P51G,Gross fixed capital formation,HU,Hungary,2007,,4328.1,,,,,
dataflow,ESTAT:GOV_10A_MAIN(1.0),"Government revenue, expenditure and main aggregates",A,Annual,MIO_EUR,Million euro,S13,General government,P51G,Gross fixed capital formation,HU,Hungary,2008,,3454.9,,,,,
dataflow,ESTAT:GOV_10A_MAIN(1.0),"Government revenue, expenditure and main aggregates",A,Annual,MIO_EUR,Million euro,S13,General government,P51G,Gross fixed capital formation,HU,Hungary,2009,,3228.9,,,,,
dataflow,ESTAT:GOV_10A_MAIN(1.0),"Government revenue, expenditure and main aggregates",A,Annual,MIO_EUR,Million euro,S13,General government,P51G,Gross fixed capital formation,HU,Hungary,2010,,3614.1,,,,,
dataflow,ESTAT:GOV_10A_MAIN(1.0),"Government revenue, expenditure and main aggregates",A,Annual,MIO_EUR,Million euro,S13,General government,P51G,Gross fixed capital formation,HU,Hungary,2011,,3384.9,,,,,
dataflow,ESTAT:GOV_10A_MAIN(1.0),"Government revenue, expenditure and main aggregates",A,Annual,MIO_EUR,Million euro,S13,General government,P51G,Gross fixed capital formation,HU,Hungary,2012,,3703.9,,,,,
dataflow,ESTAT:GOV_10A_MAIN(1.0),"Government revenue, expenditure and main aggregates",A,Annual,MIO_EUR,Million euro,S13,General government,P51G,Gross fixed capital formation,HU,Hungary,2013,,4451.4,,,,,
dataflow,ESTAT:GOV_10A_MAIN(1.0),"Government revenue, expenditure and main aggregates",A,Annual,MIO_EUR,Million euro,S13,General government,P51G,Gross fixed capital formation,HU,Hungary,2014,,5660.0,,,,,
dataflow,ESTAT:GOV_10A_MAIN(1.0),"Government revenue, expenditure and main aggregates",A,Annual,MIO_EUR,Million euro,S13,General government,P51G,Gross fixed capital formation,HU,Hungary,2015,,7352.6,,,,,
dataflow,ESTAT:GOV_10A_MAIN(1.0),"Government revenue, expenditure and main aggregates",A,Annual,MIO_EUR,Million euro,S13,General government,P51G,Gross fixed capital formation,HU,Hungary,2016,,3670.2,,,,,
dataflow,ESTAT:GOV_10A_MAIN(1.0),"Government revenue, expenditure and main aggregates",A,Annual,MIO_EUR,Million euro,S13,General government,P51G,Gross fixed capital formation,HU,Hungary,2017,,5759.9,,,,,
dataflow,ESTAT:GOV_10A_MAIN(1.0),"Government revenue, expenditure and main aggregates",A,Annual,MIO_EUR,Million euro,S13,General government,P51G,Gross fixed capital formation,HU,Hungary,2018,,7889.1,,,,,
dataflow,ESTAT:GOV_10A_MAIN(1.0),"Government revenue, expenditure and main aggregates",A,Annual,MIO_EUR,Million euro,S13,General government,P51G,Gross fixed capital formation,HU,Hungary,2019,,9169.9,,,,,
dataflow,ESTAT:GOV_10A_MAIN(1.0),"Government revenue, expenditure and main aggregates",A,Annual,MIO_EUR,Million euro,S13,General government,P51G,Gross fixed capital formation,HU,Hungary,2020,,8908.9,,,,,
dataflow,ESTAT:GOV_10A_MAIN(1.0),"Government revenue, expenditure and main aggregates",A,Annual,MIO_EUR,Million euro,S13,General government,P51G,Gross fixed capital formation,HU,Hungary,2021,,9654.5,,,,,
dataflow,ESTAT:GOV_10A_MAIN(1.0),"Government revenue, expenditure and main aggregates",A,Annual,MIO_EUR,Million euro,S13,General government,P51G,Gross fixed capital formation,HU,Hungary,2022,,8954.0,,,,,
dataflow,ESTAT:GOV_10A_MAIN(1.0),"Government revenue, expenditure and main aggregates",A,Annual,MIO_EUR,Million euro,S13,General government,P51G,Gross fixed capital formation,HU,Hungary,2023,,10147.8,,,,,
dataflow,ESTAT:GOV_10A_MAIN(1.0),"Government revenue, expenditure and main aggregates",A,Annual,MIO_EUR,Million euro,S13,General government,P51G,Gross fixed capital formation,HU,Hungary,2024,,8762.7,,,,,
dataflow,ESTAT:GOV_10A_MAIN(1.0),"Government revenue, expenditure and main aggregates",A,Annual,MIO_EUR,Million euro,S13,General government,P51G,Gross fixed capital formation,IE,Ireland,1995,,1242.0,,,,,
dataflow,ESTAT:GOV_10A_MAIN(1.0),"Government revenue, expenditure and main aggregates",A,Annual,MIO_EUR,Million euro,S13,General government,P51G,Gross fixed capital formation,IE,Ireland,1996,,1478.0,,,,,
dataflow,ESTAT:GOV_10A_MAIN(1.0),"Government revenue, expenditure and main aggregates",A,Annual,MIO_EUR,Million euro,S13,General government,P51G,Gross fixed capital formation,IE,Ireland,1997,,1875.5,,,,,
dataflow,ESTAT:GOV_10A_MAIN(1.0),"Government revenue, expenditure and main aggregates",A,Annual,MIO_EUR,Million euro,S13,General government,P51G,Gross fixed capital formation,IE,Ireland,1998,,2195.9,,,,,
dataflow,ESTAT:GOV_10A_MAIN(1.0),"Government revenue, expenditure and main aggregates",A,Annual,MIO_EUR,Million euro,S13,General government,P51G,Gross fixed capital formation,IE,Ireland,1999,,2891.4,,,,,
dataflow,ESTAT:GOV_10A_MAIN(1.0),"Government revenue, expenditure and main aggregates",A,Annual,MIO_EUR,Million euro,S13,General government,P51G,Gross fixed capital formation,IE,Ireland,2000,,3799.8,,,,,
dataflow,ESTAT:GOV_10A_MAIN(1.0),"Government revenue, expenditure and main aggregates",A,Annual,MIO_EUR,Million euro,S13,General government,P51G,Gross fixed capital formation,IE,Ireland,2001,,5152.3,,,,,
dataflow,ESTAT:GOV_10A_MAIN(1.0),"Government revenue, expenditure and main aggregates",A,Annual,MIO_EUR,Million euro,S13,General government,P51G,Gross fixed capital formation,IE,Ireland,2002,,5741.2,,,,,
dataflow,ESTAT:GOV_10A_MAIN(1.0),"Government revenue, expenditure and main aggregates",A,Annual,MIO_EUR,Million euro,S13,General government,P51G,Gross fixed capital formation,IE,Ireland,2003,,5351.6,,,,,
dataflow,ESTAT:GOV_10A_MAIN(1.0),"Government revenue, expenditure and main aggregates",A,Annual,MIO_EUR,Million euro,S13,General government,P51G,Gross fixed capital formation,IE,Ireland,2004,,5506.4,,,,,
dataflow,ESTAT:GOV_10A_MAIN(1.0),"Government revenue, expenditure and main aggregates",A,Annual,MIO_EUR,Million euro,S13,General government,P51G,Gross fixed capital formation,IE,Ireland,2005,,6023.7,,,,,
dataflow,ESTAT:GOV_10A_MAIN(1.0),"Government revenue, expenditure and main aggregates",A,Annual,MIO_EUR,Million euro,S13,General government,P51G,Gross fixed capital formation,IE,Ireland,2006,,7027.6,,,,,
dataflow,ESTAT:GOV_10A_MAIN(1.0),"Government revenue, expenditure and main aggregates",A,Annual,MIO_EUR,Million euro,S13,General government,P51G,Gross fixed capital formation,IE,Ireland,2007,,9206.0,,,,,
dataflow,ESTAT:GOV_10A_MAIN(1.0),"Government revenue, expenditure and main aggregates",A,Annual,MIO_EUR,Million euro,S13,General government,P51G,Gross fixed capital formation,IE,Ireland,2008,,9877.1,,,,,
dataflow,ESTAT:GOV_10A_MAIN(1.0),"Government revenue, expenditure and main aggregates",A,Annual,MIO_EUR,Million euro,S13,General government,P51G,Gross fixed capital formation,IE,Ireland,2009,,6407.7,,,,,
dataflow,ESTAT:GOV_10A_MAIN(1.0),"Government revenue, expenditure and main aggregates",A,Annual,MIO_EUR,Million euro,S13,General government,P51G,Gross fixed capital formation,IE,Ireland,2010,,5692.0,,,,,
dataflow,ESTAT:GOV_10A_MAIN(1.0),"Government revenue, expenditure and main aggregates",A,Annual,MIO_EUR,Million euro,S13,General government,P51G,Gross fixed capital formation,IE,Ireland,2011,,4264.4,,,,,
dataflow,ESTAT:GOV_10A_MAIN(1.0),"Government revenue, expenditure and main aggregates",A,Annual,MIO_EUR,Million euro,S13,General government,P51G,Gross fixed capital formation,IE,Ireland,2012,,3602.2,,,,,
dataflow,ESTAT:GOV_10A_MAIN(1.0),"Government revenue, expenditure and main aggregates",A,Annual,MIO_EUR,Million euro,S13,General government,P51G,Gross fixed capital formation,IE,Ireland,2013,,3638.4,,,,,
dataflow,ESTAT:GOV_10A_MAIN(1.0),"Government revenue, expenditure and main aggregates",A,Annual,MIO_EUR,Million euro,S13,General government,P51G,Gross fixed capital formation,IE,Ireland,2014,,4268.6,,,,,
dataflow,ESTAT:GOV_10A_MAIN(1.0),"Government revenue, expenditure and main aggregates",A,Annual,MIO_EUR,Million euro,S13,General government,P51G,Gross fixed capital formation,IE,Ireland,2015,,4605.8,,,,,
dataflow,ESTAT:GOV_10A_MAIN(1.0),"Government revenue, expenditure and main aggregates",A,Annual,MIO_EUR,Million euro,S13,General government,P51G,Gross fixed capital formation,IE,Ireland,2016,,5363.8,,,,,
dataflow,ESTAT:GOV_10A_MAIN(1.0),"Government revenue, expenditure and main aggregates",A,Annual,MIO_EUR,Million euro,S13,General government,P51G,Gross fixed capital formation,IE,Ireland,2017,,5601.6,,,,,
dataflow,ESTAT:GOV_10A_MAIN(1.0),"Government revenue, expenditure and main aggregates",A,Annual,MIO_EUR,Million euro,S13,General government,P51G,Gross fixed capital formation,IE,Ireland,2018,,6741.0,,,,,
dataflow,ESTAT:GOV_10A_MAIN(1.0),"Government revenue, expenditure and main aggregates",A,Annual,MIO_EUR,Million euro,S13,General government,P51G,Gross fixed capital formation,IE,Ireland,2019,,8245.3,,,,,
dataflow,ESTAT:GOV_10A_MAIN(1.0),"Government revenue, expenditure and main aggregates",A,Annual,MIO_EUR,Million euro,S13,General government,P51G,Gross fixed capital formation,IE,Ireland,2020,,8851.5,,,,,
dataflow,ESTAT:GOV_10A_MAIN(1.0),"Government revenue, expenditure and main aggregates",A,Annual,MIO_EUR,Million euro,S13,General government,P51G,Gross fixed capital formation,IE,Ireland,2021,,9039.7,,,,,
dataflow,ESTAT:GOV_10A_MAIN(1.0),"Government revenue, expenditure and main aggregates",A,Annual,MIO_EUR,Million euro,S13,General government,P51G,Gross fixed capital formation,IE,Ireland,2022,,10925.9,,,,,
dataflow,ESTAT:GOV_10A_MAIN(1.0),"Government revenue, expenditure and main aggregates",A,Annual,MIO_EUR,Million euro,S13,General government,P51G,Gross fixed capital formation,IE,Ireland,2023,,12101.2,,,,,
dataflow,ESTAT:GOV_10A_MAIN(1.0),"Government revenue, expenditure and main aggregates",A,Annual,MIO_EUR,Million euro,S13,General government,P51G,Gross fixed capital formation,IE,Ireland,2024,,14613.1,,,,,
dataflow,ESTAT:GOV_10A_MAIN(1.0),"Government revenue, expenditure and main aggregates",A,Annual,MIO_EUR,Million euro,S13,General government,P51G,Gross fixed capital formation,IS,Iceland,1998,,381.6,,,,,
dataflow,ESTAT:GOV_10A_MAIN(1.0),"Government revenue, expenditure and main aggregates",A,Annual,MIO_EUR,Million euro,S13,General government,P51G,Gross fixed capital formation,IS,Iceland,1999,,443.7,,,,,
dataflow,ESTAT:GOV_10A_MAIN(1.0),"Government revenue, expenditure and main aggregates",A,Annual,MIO_EUR,Million euro,S13,General government,P51G,Gross fixed capital formation,IS,Iceland,2000,,455.5,,,,,
dataflow,ESTAT:GOV_10A_MAIN(1.0),"Government revenue, expenditure and main aggregates",A,Annual,MIO_EUR,Million euro,S13,General government,P51G,Gross fixed capital formation,IS,Iceland,2001,,465.2,,,,,
dataflow,ESTAT:GOV_10A_MAIN(1.0),"Government revenue, expenditure and main aggregates",A,Annual,MIO_EUR,Million euro,S13,General government,P51G,Gross fixed capital formation,IS,Iceland,2002,,445.4,,,,,
dataflow,ESTAT:GOV_10A_MAIN(1.0),"Government revenue, expenditure and main aggregates",A,Annual,MIO_EUR,Million euro,S13,General government,P51G,Gross fixed capital formation,IS,Iceland,2003,,427.1,,,,,
dataflow,ESTAT:GOV_10A_MAIN(1.0),"Government revenue, expenditure and main aggregates",A,Annual,MIO_EUR,Million euro,S13,General government,P51G,Gross fixed capital formation,IS,Iceland,2004,,496.3,,,,,
dataflow,ESTAT:GOV_10A_MAIN(1.0),"Government revenue, expenditure and main aggregates",A,Annual,MIO_EUR,Million euro,S13,General government,P51G,Gross fixed capital formation,IS,Iceland,2005,,513.4,,,,,
dataflow,ESTAT:GOV_10A_MAIN(1.0),"Government revenue, expenditure and main aggregates",A,Annual,MIO_EUR,Million euro,S13,General government,P51G,Gross fixed capital formation,IS,Iceland,2006,,624.5,,,,,
dataflow,ESTAT:GOV_10A_MAIN(1.0),"Government revenue, expenditure and main aggregates",A,Annual,MIO_EUR,Million euro,S13,General government,P51G,Gross fixed capital formation,IS,Iceland,2007,,747.6,,,,,
dataflow,ESTAT:GOV_10A_MAIN(1.0),"Government revenue, expenditure and main aggregates",A,Annual,MIO_EUR,Million euro,S13,General government,P51G,Gross fixed capital formation,IS,Iceland,2008,,528.2,,,,,
dataflow,ESTAT:GOV_10A_MAIN(1.0),"Government revenue, expenditure and main aggregates",A,Annual,MIO_EUR,Million euro,S13,General government,P51G,Gross fixed capital formation,IS,Iceland,2009,,366.1,,,,,
dataflow,ESTAT:GOV_10A_MAIN(1.0),"Government revenue, expenditure and main aggregates",A,Annual,MIO_EUR,Million euro,S13,General government,P51G,Gross fixed capital formation,IS,Iceland,2010,,339.6,,,,,
dataflow,ESTAT:GOV_10A_MAIN(1.0),"Government revenue, expenditure and main aggregates",A,Annual,MIO_EUR,Million euro,S13,General government,P51G,Gross fixed capital formation,IS,Iceland,2011,,454.1,,,,,
dataflow,ESTAT:GOV_10A_MAIN(1.0),"Government revenue, expenditure and main aggregates",A,Annual,MIO_EUR,Million euro,S13,General government,P51G,Gross fixed capital formation,IS,Iceland,2012,,287.3,,,,,
dataflow,ESTAT:GOV_10A_MAIN(1.0),"Government revenue, expenditure and main aggregates",A,Annual,MIO_EUR,Million euro,S13,General government,P51G,Gross fixed capital formation,IS,Iceland,2013,,366.5,,,,,
dataflow,ESTAT:GOV_10A_MAIN(1.0),"Government revenue, expenditure and main aggregates",A,Annual,MIO_EUR,Million euro,S13,General government,P51G,Gross fixed capital formation,IS,Iceland,2014,,398.0,,,,,
dataflow,ESTAT:GOV_10A_MAIN(1.0),"Government revenue, expenditure and main aggregates",A,Annual,MIO_EUR,Million euro,S13,General government,P51G,Gross fixed capital formation,IS,Iceland,2015,,426.8,,,,,
dataflow,ESTAT:GOV_10A_MAIN(1.0),"Government revenue, expenditure and main aggregates",A,Annual,MIO_EUR,Million euro,S13,General government,P51G,Gross fixed capital formation,IS,Iceland,2016,,496.4,,,,,
dataflow,ESTAT:GOV_10A_MAIN(1.0),"Government revenue, expenditure and main aggregates",A,Annual,MIO_EUR,Million euro,S13,General government,P51G,Gross fixed capital formation,IS,Iceland,2017,,680.5,,,,,
dataflow,ESTAT:GOV_10A_MAIN(1.0),"Government revenue, expenditure and main aggregates",A,Annual,MIO_EUR,Million euro,S13,General government,P51G,Gross fixed capital formation,IS,Iceland,2018,,946.0,,,,,
dataflow,ESTAT:GOV_10A_MAIN(1.0),"Government revenue, expenditure and main aggregates",A,Annual,MIO_EUR,Million euro,S13,General government,P51G,Gross fixed capital formation,IS,Iceland,2019,,806.5,,,,,
dataflow,ESTAT:GOV_10A_MAIN(1.0),"Government revenue, expenditure and main aggregates",A,Annual,MIO_EUR,Million euro,S13,General government,P51G,Gross fixed capital formation,IS,Iceland,2020,,753.0,,,,,
dataflow,ESTAT:GOV_10A_MAIN(1.0),"Government revenue, expenditure and main aggregates",A,Annual,MIO_EUR,Million euro,S13,General government,P51G,Gross fixed capital formation,IS,Iceland,2021,,952.1,,,,,
dataflow,ESTAT:GOV_10A_MAIN(1.0),"Government revenue, expenditure and main aggregates",A,Annual,MIO_EUR,Million euro,S13,General government,P51G,Gross fixed capital formation,IS,Iceland,2022,,1118.6,,,,,
dataflow,ESTAT:GOV_10A_MAIN(1.0),"Government revenue, expenditure and main aggregates",A,Annual,MIO_EUR,Million euro,S13,General government,P51G,Gross fixed capital formation,IS,Iceland,2023,,1175.5,,,,,
dataflow,ESTAT:GOV_10A_MAIN(1.0),"Government revenue, expenditure and main aggregates",A,Annual,MIO_EUR,Million euro,S13,General government,P51G,Gross fixed capital formation,IS,Iceland,2024,,1220.9,,,,,
dataflow,ESTAT:GOV_10A_MAIN(1.0),"Government revenue, expenditure and main aggregates",A,Annual,MIO_EUR,Million euro,S13,General government,P51G,Gross fixed capital formation,IT,Italy,1995,,22847.4,,,,,
dataflow,ESTAT:GOV_10A_MAIN(1.0),"Government revenue, expenditure and main aggregates",A,Annual,MIO_EUR,Million euro,S13,General government,P51G,Gross fixed capital formation,IT,Italy,1996,,27238.8,,,,,
dataflow,ESTAT:GOV_10A_MAIN(1.0),"Government revenue, expenditure and main aggregates",A,Annual,MIO_EUR,Million euro,S13,General government,P51G,Gross fixed capital formation,IT,Italy,1997,,29057.6,,,,,
dataflow,ESTAT:GOV_10A_MAIN(1.0),"Government revenue, expenditure and main aggregates",A,Annual,MIO_EUR,Million euro,S13,General government,P51G,Gross fixed capital formation,IT,Italy,1998,,31106.5,,,,,
dataflow,ESTAT:GOV_10A_MAIN(1.0),"Government revenue, expenditure and main aggregates",A,Annual,MIO_EUR,Million euro,S13,General government,P51G,Gross fixed capital formation,IT,Italy,1999,,33526.0,,,,,
dataflow,ESTAT:GOV_10A_MAIN(1.0),"Government revenue, expenditure and main aggregates",A,Annual,MIO_EUR,Million euro,S13,General government,P51G,Gross fixed capital formation,IT,Italy,2000,,34605.0,,,,,
dataflow,ESTAT:GOV_10A_MAIN(1.0),"Government revenue, expenditure and main aggregates",A,Annual,MIO_EUR,Million euro,S13,General government,P51G,Gross fixed capital formation,IT,Italy,2001,,38680.0,,,,,
dataflow,ESTAT:GOV_10A_MAIN(1.0),"Government revenue, expenditure and main aggregates",A,Annual,MIO_EUR,Million euro,S13,General government,P51G,Gross fixed capital formation,IT,Italy,2002,,33102.0,,,,,
dataflow,ESTAT:GOV_10A_MAIN(1.0),"Government revenue, expenditure and main aggregates",A,Annual,MIO_EUR,Million euro,S13,General government,P51G,Gross fixed capital formation,IT,Italy,2003,,42394.0,,,,,
dataflow,ESTAT:GOV_10A_MAIN(1.0),"Government revenue, expenditure and main aggregates",A,Annual,MIO_EUR,Million euro,S13,General government,P51G,Gross fixed capital formation,IT,Italy,2004,,45373.0,,,,,
dataflow,ESTAT:GOV_10A_MAIN(1.0),"Government revenue, expenditure and main aggregates",A,Annual,MIO_EUR,Million euro,S13,General government,P51G,Gross fixed capital formation,IT,Italy,2005,,47123.0,,,,,
dataflow,ESTAT:GOV_10A_MAIN(1.0),"Government revenue, expenditure and main aggregates",A,Annual,MIO_EUR,Million euro,S13,General government,P51G,Gross fixed capital formation,IT,Italy,2006,,48847.0,,,,,
dataflow,ESTAT:GOV_10A_MAIN(1.0),"Government revenue, expenditure and main aggregates",A,Annual,MIO_EUR,Million euro,S13,General government,P51G,Gross fixed capital formation,IT,Italy,2007,,50752.0,,,,,
dataflow,ESTAT:GOV_10A_MAIN(1.0),"Government revenue, expenditure and main aggregates",A,Annual,MIO_EUR,Million euro,S13,General government,P51G,Gross fixed capital formation,IT,Italy,2008,,51494.0,,,,,
dataflow,ESTAT:GOV_10A_MAIN(1.0),"Government revenue, expenditure and main aggregates",A,Annual,MIO_EUR,Million euro,S13,General government,P51G,Gross fixed capital formation,IT,Italy,2009,,57351.0,,,,,
dataflow,ESTAT:GOV_10A_MAIN(1.0),"Government revenue, expenditure and main aggregates",A,Annual,MIO_EUR,Million euro,S13,General government,P51G,Gross fixed capital formation,IT,Italy,2010,,49425.0,,,,,
dataflow,ESTAT:GOV_10A_MAIN(1.0),"Government revenue, expenditure and main aggregates",A,Annual,MIO_EUR,Million euro,S13,General government,P51G,Gross fixed capital formation,IT,Italy,2011,,47416.0,,,,,
dataflow,ESTAT:GOV_10A_MAIN(1.0),"Government revenue, expenditure and main aggregates",A,Annual,MIO_EUR,Million euro,S13,General government,P51G,Gross fixed capital formation,IT,Italy,2012,,42859.0,,,,,
dataflow,ESTAT:GOV_10A_MAIN(1.0),"Government revenue, expenditure and main aggregates",A,Annual,MIO_EUR,Million euro,S13,General government,P51G,Gross fixed capital formation,IT,Italy,2013,,40367.0,,,,,
dataflow,ESTAT:GOV_10A_MAIN(1.0),"Government revenue, expenditure and main aggregates",A,Annual,MIO_EUR,Million euro,S13,General government,P51G,Gross fixed capital formation,IT,Italy,2014,,37617.0,,,,,
dataflow,ESTAT:GOV_10A_MAIN(1.0),"Government revenue, expenditure and main aggregates",A,Annual,MIO_EUR,Million euro,S13,General government,P51G,Gross fixed capital formation,IT,Italy,2015,,40168.0,,,,,
dataflow,ESTAT:GOV_10A_MAIN(1.0),"Government revenue, expenditure and main aggregates",A,Annual,MIO_EUR,Million euro,S13,General government,P51G,Gross fixed capital formation,IT,Italy,2016,,38582.0,,,,,
dataflow,ESTAT:GOV_10A_MAIN(1.0),"Government revenue, expenditure and main aggregates",A,Annual,MIO_EUR,Million euro,S13,General government,P51G,Gross fixed capital formation,IT,Italy,2017,,37911.0,,,,,
dataflow,ESTAT:GOV_10A_MAIN(1.0),"Government revenue, expenditure and main aggregates",A,Annual,MIO_EUR,Million euro,S13,General government,P51G,Gross fixed capital formation,IT,Italy,2018,,37823.0,,,,,
dataflow,ESTAT:GOV_10A_MAIN(1.0),"Government revenue, expenditure and main aggregates",A,Annual,MIO_EUR,Million euro,S13,General government,P51G,Gross fixed capital formation,IT,Italy,2019,,41865.0,,,,,
dataflow,ESTAT:GOV_10A_MAIN(1.0),"Government revenue, expenditure and main aggregates",A,Annual,MIO_EUR,Million euro,S13,General government,P51G,Gross fixed capital formation,IT,Italy,2020,,43885.0,,,,,
dataflow,ESTAT:GOV_10A_MAIN(1.0),"Government revenue, expenditure and main aggregates",A,Annual,MIO_EUR,Million euro,S13,General government,P51G,Gross fixed capital formation,IT,Italy,2021,,52402.0,,,,,
dataflow,ESTAT:GOV_10A_MAIN(1.0),"Government revenue, expenditure and main aggregates",A,Annual,MIO_EUR,Million euro,S13,General government,P51G,Gross fixed capital formation,IT,Italy,2022,,52789.0,,,,,
dataflow,ESTAT:GOV_10A_MAIN(1.0),"Government revenue, expenditure and main aggregates",A,Annual,MIO_EUR,Million euro,S13,General government,P51G,Gross fixed capital formation,IT,Italy,2023,,67357.0,,,,,
dataflow,ESTAT:GOV_10A_MAIN(1.0),"Government revenue, expenditure and main aggregates",A,Annual,MIO_EUR,Million euro,S13,General government,P51G,Gross fixed capital formation,IT,Italy,2024,,78345.0,,,,,
dataflow,ESTAT:GOV_10A_MAIN(1.0),"Government revenue, expenditure and main aggregates",A,Annual,MIO_EUR,Million euro,S13,General government,P51G,Gross fixed capital formation,LT,Lithuania,1995,,165.6,,,,,
dataflow,ESTAT:GOV_10A_MAIN(1.0),"Government revenue, expenditure and main aggregates",A,Annual,MIO_EUR,Million euro,S13,General government,P51G,Gross fixed capital formation,LT,Lithuania,1996,,157.2,,,,,
dataflow,ESTAT:GOV_10A_MAIN(1.0),"Government revenue, expenditure and main aggregates",A,Annual,MIO_EUR,Million euro,S13,General government,P51G,Gross fixed capital formation,LT,Lithuania,1997,,202.1,,,,,
dataflow,ESTAT:GOV_10A_MAIN(1.0),"Government revenue, expenditure and main aggregates",A,Annual,MIO_EUR,Million euro,S13,General government,P51G,Gross fixed capital formation,LT,Lithuania,1998,,253.7,,,,,
dataflow,ESTAT:GOV_10A_MAIN(1.0),"Government revenue, expenditure and main aggregates",A,Annual,MIO_EUR,Million euro,S13,General government,P51G,Gross fixed capital formation,LT,Lithuania,1999,,264.1,,,,,
dataflow,ESTAT:GOV_10A_MAIN(1.0),"Government revenue, expenditure and main aggregates",A,Annual,MIO_EUR,Million euro,S13,General government,P51G,Gross fixed capital formation,LT,Lithuania,2000,,302.7,,,,,
dataflow,ESTAT:GOV_10A_MAIN(1.0),"Government revenue, expenditure and main aggregates",A,Annual,MIO_EUR,Million euro,S13,General government,P51G,Gross fixed capital formation,LT,Lithuania,2001,,311.7,,,,,
dataflow,ESTAT:GOV_10A_MAIN(1.0),"Government revenue, expenditure and main aggregates",A,Annual,MIO_EUR,Million euro,S13,General government,P51G,Gross fixed capital formation,LT,Lithuania,2002,,450.8,,,,,
dataflow,ESTAT:GOV_10A_MAIN(1.0),"Government revenue, expenditure and main aggregates",A,Annual,MIO_EUR,Million euro,S13,General government,P51G,Gross fixed capital formation,LT,Lithuania,2003,,513.0,,,,,
dataflow,ESTAT:GOV_10A_MAIN(1.0),"Government revenue, expenditure and main aggregates",A,Annual,MIO_EUR,Million euro,S13,General government,P51G,Gross fixed capital formation,LT,Lithuania,2004,,657.8,,,,,
dataflow,ESTAT:GOV_10A_MAIN(1.0),"Government revenue, expenditure and main aggregates",A,Annual,MIO_EUR,Million euro,S13,General government,P51G,Gross fixed capital formation,LT,Lithuania,2005,,757.5,,,,,
dataflow,ESTAT:GOV_10A_MAIN(1.0),"Government revenue, expenditure and main aggregates",A,Annual,MIO_EUR,Million euro,S13,General government,P51G,Gross fixed capital formation,LT,Lithuania,2006,,1029.3,,,,,
dataflow,ESTAT:GOV_10A_MAIN(1.0),"Government revenue, expenditure and main aggregates",A,Annual,MIO_EUR,Million euro,S13,General government,P51G,Gross fixed capital formation,LT,Lithuania,2007,,1572.4,,,,,
dataflow,ESTAT:GOV_10A_MAIN(1.0),"Government revenue, expenditure and main aggregates",A,Annual,MIO_EUR,Million euro,S13,General government,P51G,Gross fixed capital formation,LT,Lithuania,2008,,1759.2,,,,,
dataflow,ESTAT:GOV_10A_MAIN(1.0),"Government revenue, expenditure and main aggregates",A,Annual,MIO_EUR,Million euro,S13,General government,P51G,Gross fixed capital formation,LT,Lithuania,2009,,1189.2,,,,,
dataflow,ESTAT:GOV_10A_MAIN(1.0),"Government revenue, expenditure and main aggregates",A,Annual,MIO_EUR,Million euro,S13,General government,P51G,Gross fixed capital formation,LT,Lithuania,2010,,1394.2,,,,,
dataflow,ESTAT:GOV_10A_MAIN(1.0),"Government revenue, expenditure and main aggregates",A,Annual,MIO_EUR,Million euro,S13,General government,P51G,Gross fixed capital formation,LT,Lithuania,2011,,1543.1,,,,,
dataflow,ESTAT:GOV_10A_MAIN(1.0),"Government revenue, expenditure and main aggregates",A,Annual,MIO_EUR,Million euro,S13,General government,P51G,Gross fixed capital formation,LT,Lithuania,2012,,1383.3,,,,,
dataflow,ESTAT:GOV_10A_MAIN(1.0),"Government revenue, expenditure and main aggregates",A,Annual,MIO_EUR,Million euro,S13,General government,P51G,Gross fixed capital formation,LT,Lithuania,2013,,1370.4,,,,,
dataflow,ESTAT:GOV_10A_MAIN(1.0),"Government revenue, expenditure and main aggregates",A,Annual,MIO_EUR,Million euro,S13,General government,P51G,Gross fixed capital formation,LT,Lithuania,2014,,1348.5,,,,,
dataflow,ESTAT:GOV_10A_MAIN(1.0),"Government revenue, expenditure and main aggregates",A,Annual,MIO_EUR,Million euro,S13,General government,P51G,Gross fixed capital formation,LT,Lithuania,2015,,1431.0,,,,,
dataflow,ESTAT:GOV_10A_MAIN(1.0),"Government revenue, expenditure and main aggregates",A,Annual,MIO_EUR,Million euro,S13,General government,P51G,Gross fixed capital formation,LT,Lithuania,2016,,1235.3,,,,,
dataflow,ESTAT:GOV_10A_MAIN(1.0),"Government revenue, expenditure and main aggregates",A,Annual,MIO_EUR,Million euro,S13,General government,P51G,Gross fixed capital formation,LT,Lithuania,2017,,1421.7,,,,,
dataflow,ESTAT:GOV_10A_MAIN(1.0),"Government revenue, expenditure and main aggregates",A,Annual,MIO_EUR,Million euro,S13,General government,P51G,Gross fixed capital formation,LT,Lithuania,2018,,1504.7,,,,,
dataflow,ESTAT:GOV_10A_MAIN(1.0),"Government revenue, expenditure and main aggregates",A,Annual,MIO_EUR,Million euro,S13,General government,P51G,Gross fixed capital formation,LT,Lithuania,2019,,1553.9,,,,,
dataflow,ESTAT:GOV_10A_MAIN(1.0),"Government revenue, expenditure and main aggregates",A,Annual,MIO_EUR,Million euro,S13,General government,P51G,Gross fixed capital formation,LT,Lithuania,2020,,2262.3,,,,,
dataflow,ESTAT:GOV_10A_MAIN(1.0),"Government revenue, expenditure and main aggregates",A,Annual,MIO_EUR,Million euro,S13,General government,P51G,Gross fixed capital formation,LT,Lithuania,2021,,1803.7,,,,,
dataflow,ESTAT:GOV_10A_MAIN(1.0),"Government revenue, expenditure and main aggregates",A,Annual,MIO_EUR,Million euro,S13,General government,P51G,Gross fixed capital formation,LT,Lithuania,2022,,2138.8,,,,,
dataflow,ESTAT:GOV_10A_MAIN(1.0),"Government revenue, expenditure and main aggregates",A,Annual,MIO_EUR,Million euro,S13,General government,P51G,Gross fixed capital formation,LT,Lithuania,2023,,3100.6,,,,,
dataflow,ESTAT:GOV_10A_MAIN(1.0),"Government revenue, expenditure and main aggregates",A,Annual,MIO_EUR,Million euro,S13,General government,P51G,Gross fixed capital formation,LT,Lithuania,2024,,3326.5,,,,,
dataflow,ESTAT:GOV_10A_MAIN(1.0),"Government revenue, expenditure and main aggregates",A,Annual,MIO_EUR,Million euro,S13,General government,P51G,Gross fixed capital formation,LU,Luxembourg,1995,,608.2,,,,,
dataflow,ESTAT:GOV_10A_MAIN(1.0),"Government revenue, expenditure and main aggregates",A,Annual,MIO_EUR,Million euro,S13,General government,P51G,Gross fixed capital formation,LU,Luxembourg,1996,,686.9,,,,,
dataflow,ESTAT:GOV_10A_MAIN(1.0),"Government revenue, expenditure and main aggregates",A,Annual,MIO_EUR,Million euro,S13,General government,P51G,Gross fixed capital formation,LU,Luxembourg,1997,,692.7,,,,,
dataflow,ESTAT:GOV_10A_MAIN(1.0),"Government revenue, expenditure and main aggregates",A,Annual,MIO_EUR,Million euro,S13,General government,P51G,Gross fixed capital formation,LU,Luxembourg,1998,,872.9,,,,,
dataflow,ESTAT:GOV_10A_MAIN(1.0),"Government revenue, expenditure and main aggregates",A,Annual,MIO_EUR,Million euro,S13,General government,P51G,Gross fixed capital formation,LU,Luxembourg,1999,,954.0,,,,,
dataflow,ESTAT:GOV_10A_MAIN(1.0),"Government revenue, expenditure and main aggregates",A,Annual,MIO_EUR,Million euro,S13,General government,P51G,Gross fixed capital formation,LU,Luxembourg,2000,,936.1,,,,,
dataflow,ESTAT:GOV_10A_MAIN(1.0),"Government revenue, expenditure and main aggregates",A,Annual,MIO_EUR,Million euro,S13,General government,P51G,Gross fixed capital formation,LU,Luxembourg,2001,,1098.9,,,,,
dataflow,ESTAT:GOV_10A_MAIN(1.0),"Government revenue, expenditure and main aggregates",A,Annual,MIO_EUR,Million euro,S13,General government,P51G,Gross fixed capital formation,LU,Luxembourg,2002,,1282.6,,,,,
dataflow,ESTAT:GOV_10A_MAIN(1.0),"Government revenue, expenditure and main aggregates",A,Annual,MIO_EUR,Million euro,S13,General government,P51G,Gross fixed capital formation,LU,Luxembourg,2003,,1354.5,,,,,
dataflow,ESTAT:GOV_10A_MAIN(1.0),"Government revenue, expenditure and main aggregates",A,Annual,MIO_EUR,Million euro,S13,General government,P51G,Gross fixed capital formation,LU,Luxembourg,2004,,1448.3,,,,,
dataflow,ESTAT:GOV_10A_MAIN(1.0),"Government revenue, expenditure and main aggregates",A,Annual,MIO_EUR,Million euro,S13,General government,P51G,Gross fixed capital formation,LU,Luxembourg,2005,,1654.3,,,,,
dataflow,ESTAT:GOV_10A_MAIN(1.0),"Government revenue, expenditure and main aggregates",A,Annual,MIO_EUR,Million euro,S13,General government,P51G,Gross fixed capital formation,LU,Luxembourg,2006,,1245.1,,,,,
dataflow,ESTAT:GOV_10A_MAIN(1.0),"Government revenue, expenditure and main aggregates",A,Annual,MIO_EUR,Million euro,S13,General government,P51G,Gross fixed capital formation,LU,Luxembourg,2007,,1424.6,,,,,
dataflow,ESTAT:GOV_10A_MAIN(1.0),"Government revenue, expenditure and main aggregates",A,Annual,MIO_EUR,Million euro,S13,General government,P51G,Gross fixed capital formation,LU,Luxembourg,2008,,1477.6,,,,,
dataflow,ESTAT:GOV_10A_MAIN(1.0),"Government revenue, expenditure and main aggregates",A,Annual,MIO_EUR,Million euro,S13,General government,P51G,Gross fixed capital formation,LU,Luxembourg,2009,,1657.6,,,,,
dataflow,ESTAT:GOV_10A_MAIN(1.0),"Government revenue, expenditure and main aggregates",A,Annual,MIO_EUR,Million euro,S13,General government,P51G,Gross fixed capital formation,LU,Luxembourg,2010,,1972.3,,,,,
dataflow,ESTAT:GOV_10A_MAIN(1.0),"Government revenue, expenditure and main aggregates",A,Annual,MIO_EUR,Million euro,S13,General government,P51G,Gross fixed capital formation,LU,Luxembourg,2011,,1857.7,,,,,
dataflow,ESTAT:GOV_10A_MAIN(1.0),"Government revenue, expenditure and main aggregates",A,Annual,MIO_EUR,Million euro,S13,General government,P51G,Gross fixed capital formation,LU,Luxembourg,2012,,1821.1,,,,,
dataflow,ESTAT:GOV_10A_MAIN(1.0),"Government revenue, expenditure and main aggregates",A,Annual,MIO_EUR,Million euro,S13,General government,P51G,Gross fixed capital formation,LU,Luxembourg,2013,,1706.1,,,,,
dataflow,ESTAT:GOV_10A_MAIN(1.0),"Government revenue, expenditure and main aggregates",A,Annual,MIO_EUR,Million euro,S13,General government,P51G,Gross fixed capital formation,LU,Luxembourg,2014,,1892.8,,,,,
dataflow,ESTAT:GOV_10A_MAIN(1.0),"Government revenue, expenditure and main aggregates",A,Annual,MIO_EUR,Million euro,S13,General government,P51G,Gross fixed capital formation,LU,Luxembourg,2015,,2091.0,,,,,
dataflow,ESTAT:GOV_10A_MAIN(1.0),"Government revenue, expenditure and main aggregates",A,Annual,MIO_EUR,Million euro,S13,General government,P51G,Gross fixed capital formation,LU,Luxembourg,2016,,2140.5,,,,,
dataflow,ESTAT:GOV_10A_MAIN(1.0),"Government revenue, expenditure and main aggregates",A,Annual,MIO_EUR,Million euro,S13,General government,P51G,Gross fixed capital formation,LU,Luxembourg,2017,,2348.4,,,,,
dataflow,ESTAT:GOV_10A_MAIN(1.0),"Government revenue, expenditure and main aggregates",A,Annual,MIO_EUR,Million euro,S13,General government,P51G,Gross fixed capital formation,LU,Luxembourg,2018,,2347.5,,,,,
dataflow,ESTAT:GOV_10A_MAIN(1.0),"Government revenue, expenditure and main aggregates",A,Annual,MIO_EUR,Million euro,S13,General government,P51G,Gross fixed capital formation,LU,Luxembourg,2019,,2571.1,,,,,
dataflow,ESTAT:GOV_10A_MAIN(1.0),"Government revenue, expenditure and main aggregates",A,Annual,MIO_EUR,Million euro,S13,General government,P51G,Gross fixed capital formation,LU,Luxembourg,2020,,3021.6,,,,,
dataflow,ESTAT:GOV_10A_MAIN(1.0),"Government revenue, expenditure and main aggregates",A,Annual,MIO_EUR,Million euro,S13,General government,P51G,Gross fixed capital formation,LU,Luxembourg,2021,,2959.2,,,,,
dataflow,ESTAT:GOV_10A_MAIN(1.0),"Government revenue, expenditure and main aggregates",A,Annual,MIO_EUR,Million euro,S13,General government,P51G,Gross fixed capital formation,LU,Luxembourg,2022,,3290.9,,,,,
dataflow,ESTAT:GOV_10A_MAIN(1.0),"Government revenue, expenditure and main aggregates",A,Annual,MIO_EUR,Million euro,S13,General government,P51G,Gross fixed capital formation,LU,Luxembourg,2023,,3808.7,,,,,
dataflow,ESTAT:GOV_10A_MAIN(1.0),"Government revenue, expenditure and main aggregates",A,Annual,MIO_EUR,Million euro,S13,General government,P51G,Gross fixed capital formation,LU,Luxembourg,2024,,4001.7,,,,,
dataflow,ESTAT:GOV_10A_MAIN(1.0),"Government revenue, expenditure and main aggregates",A,Annual,MIO_EUR,Million euro,S13,General government,P51G,Gross fixed capital formation,LV,Latvia,1995,,84.3,,,,,
dataflow,ESTAT:GOV_10A_MAIN(1.0),"Government revenue, expenditure and main aggregates",A,Annual,MIO_EUR,Million euro,S13,General government,P51G,Gross fixed capital formation,LV,Latvia,1996,,117.1,,,,,
dataflow,ESTAT:GOV_10A_MAIN(1.0),"Government revenue, expenditure and main aggregates",A,Annual,MIO_EUR,Million euro,S13,General government,P51G,Gross fixed capital formation,LV,Latvia,1997,,90.7,,,,,
dataflow,ESTAT:GOV_10A_MAIN(1.0),"Government revenue, expenditure and main aggregates",A,Annual,MIO_EUR,Million euro,S13,General government,P51G,Gross fixed capital formation,LV,Latvia,1998,,101.4,,,,,
dataflow,ESTAT:GOV_10A_MAIN(1.0),"Government revenue, expenditure and main aggregates",A,Annual,MIO_EUR,Million euro,S13,General government,P51G,Gross fixed capital formation,LV,Latvia,1999,,124.9,,,,,
dataflow,ESTAT:GOV_10A_MAIN(1.0),"Government revenue, expenditure and main aggregates",A,Annual,MIO_EUR,Million euro,S13,General government,P51G,Gross fixed capital formation,LV,Latvia,2000,,153.4,,,,,
dataflow,ESTAT:GOV_10A_MAIN(1.0),"Government revenue, expenditure and main aggregates",A,Annual,MIO_EUR,Million euro,S13,General government,P51G,Gross fixed capital formation,LV,Latvia,2001,,140.3,,,,,
dataflow,ESTAT:GOV_10A_MAIN(1.0),"Government revenue, expenditure and main aggregates",A,Annual,MIO_EUR,Million euro,S13,General government,P51G,Gross fixed capital formation,LV,Latvia,2002,,159.8,,,,,
dataflow,ESTAT:GOV_10A_MAIN(1.0),"Government revenue, expenditure and main aggregates",A,Annual,MIO_EUR,Million euro,S13,General government,P51G,Gross fixed capital formation,LV,Latvia,2003,,302.1,,,,,
dataflow,ESTAT:GOV_10A_MAIN(1.0),"Government revenue, expenditure and main aggregates",A,Annual,MIO_EUR,Million euro,S13,General government,P51G,Gross fixed capital formation,LV,Latvia,2004,,429.5,,,,,
dataflow,ESTAT:GOV_10A_MAIN(1.0),"Government revenue, expenditure and main aggregates",A,Annual,MIO_EUR,Million euro,S13,General government,P51G,Gross fixed capital formation,LV,Latvia,2005,,483.4,,,,,
dataflow,ESTAT:GOV_10A_MAIN(1.0),"Government revenue, expenditure and main aggregates",A,Annual,MIO_EUR,Million euro,S13,General government,P51G,Gross fixed capital formation,LV,Latvia,2006,,864.1,,,,,
dataflow,ESTAT:GOV_10A_MAIN(1.0),"Government revenue, expenditure and main aggregates",A,Annual,MIO_EUR,Million euro,S13,General government,P51G,Gross fixed capital formation,LV,Latvia,2007,,1363.2,,,,,
dataflow,ESTAT:GOV_10A_MAIN(1.0),"Government revenue, expenditure and main aggregates",A,Annual,MIO_EUR,Million euro,S13,General government,P51G,Gross fixed capital formation,LV,Latvia,2008,,1316.1,,,,,
dataflow,ESTAT:GOV_10A_MAIN(1.0),"Government revenue, expenditure and main aggregates",A,Annual,MIO_EUR,Million euro,S13,General government,P51G,Gross fixed capital formation,LV,Latvia,2009,,949.3,,,,,
dataflow,ESTAT:GOV_10A_MAIN(1.0),"Government revenue, expenditure and main aggregates",A,Annual,MIO_EUR,Million euro,S13,General government,P51G,Gross fixed capital formation,LV,Latvia,2010,,873.6,,,,,
dataflow,ESTAT:GOV_10A_MAIN(1.0),"Government revenue, expenditure and main aggregates",A,Annual,MIO_EUR,Million euro,S13,General government,P51G,Gross fixed capital formation,LV,Latvia,2011,,1062.7,,,,,
dataflow,ESTAT:GOV_10A_MAIN(1.0),"Government revenue, expenditure and main aggregates",A,Annual,MIO_EUR,Million euro,S13,General government,P51G,Gross fixed capital formation,LV,Latvia,2012,,1164.4,,,,,
dataflow,ESTAT:GOV_10A_MAIN(1.0),"Government revenue, expenditure and main aggregates",A,Annual,MIO_EUR,Million euro,S13,General government,P51G,Gross fixed capital formation,LV,Latvia,2013,,1066.1,,,,,
dataflow,ESTAT:GOV_10A_MAIN(1.0),"Government revenue, expenditure and main aggregates",A,Annual,MIO_EUR,Million euro,S13,General government,P51G,Gross fixed capital formation,LV,Latvia,2014,,1093.0,,,,,
dataflow,ESTAT:GOV_10A_MAIN(1.0),"Government revenue, expenditure and main aggregates",A,Annual,MIO_EUR,Million euro,S13,General government,P51G,Gross fixed capital formation,LV,Latvia,2015,,1188.4,,,,,
dataflow,ESTAT:GOV_10A_MAIN(1.0),"Government revenue, expenditure and main aggregates",A,Annual,MIO_EUR,Million euro,S13,General government,P51G,Gross fixed capital formation,LV,Latvia,2016,,903.2,,,,,
dataflow,ESTAT:GOV_10A_MAIN(1.0),"Government revenue, expenditure and main aggregates",A,Annual,MIO_EUR,Million euro,S13,General government,P51G,Gross fixed capital formation,LV,Latvia,2017,,1247.5,,,,,
dataflow,ESTAT:GOV_10A_MAIN(1.0),"Government revenue, expenditure and main aggregates",A,Annual,MIO_EUR,Million euro,S13,General government,P51G,Gross fixed capital formation,LV,Latvia,2018,,1643.2,,,,,
dataflow,ESTAT:GOV_10A_MAIN(1.0),"Government revenue, expenditure and main aggregates",A,Annual,MIO_EUR,Million euro,S13,General government,P51G,Gross fixed capital formation,LV,Latvia,2019,,1516.7,,,,,
dataflow,ESTAT:GOV_10A_MAIN(1.0),"Government revenue, expenditure and main aggregates",A,Annual,MIO_EUR,Million euro,S13,General government,P51G,Gross fixed capital formation,LV,Latvia,2020,,1735.0,,,,,
dataflow,ESTAT:GOV_10A_MAIN(1.0),"Government revenue, expenditure and main aggregates",A,Annual,MIO_EUR,Million euro,S13,General government,P51G,Gross fixed capital formation,LV,Latvia,2021,,1817.0,,,,,
dataflow,ESTAT:GOV_10A_MAIN(1.0),"Government revenue, expenditure and main aggregates",A,Annual,MIO_EUR,Million euro,S13,General government,P51G,Gross fixed capital formation,LV,Latvia,2022,,1717.6,,,,,
dataflow,ESTAT:GOV_10A_MAIN(1.0),"Government revenue, expenditure and main aggregates",A,Annual,MIO_EUR,Million euro,S13,General government,P51G,Gross fixed capital formation,LV,Latvia,2023,,2231.3,,,,,
dataflow,ESTAT:GOV_10A_MAIN(1.0),"Government revenue, expenditure and main aggregates",A,Annual,MIO_EUR,Million euro,S13,General government,P51G,Gross fixed capital formation,LV,Latvia,2024,,2560.7,,,,,
dataflow,ESTAT:GOV_10A_MAIN(1.0),"Government revenue, expenditure and main aggregates",A,Annual,MIO_EUR,Million euro,S13,General government,P51G,Gross fixed capital formation,MT,Malta,1995,,83.8,,,,,
dataflow,ESTAT:GOV_10A_MAIN(1.0),"Government revenue, expenditure and main aggregates",A,Annual,MIO_EUR,Million euro,S13,General government,P51G,Gross fixed capital formation,MT,Malta,1996,,105.4,,,,,
dataflow,ESTAT:GOV_10A_MAIN(1.0),"Government revenue, expenditure and main aggregates",A,Annual,MIO_EUR,Million euro,S13,General government,P51G,Gross fixed capital formation,MT,Malta,1997,,125.2,,,,,
dataflow,ESTAT:GOV_10A_MAIN(1.0),"Government revenue, expenditure and main aggregates",A,Annual,MIO_EUR,Million euro,S13,General government,P51G,Gross fixed capital formation,MT,Malta,1998,,161.7,,,,,
dataflow,ESTAT:GOV_10A_MAIN(1.0),"Government revenue, expenditure and main aggregates",A,Annual,MIO_EUR,Million euro,S13,General government,P51G,Gross fixed capital formation,MT,Malta,1999,,172.0,,,,,
dataflow,ESTAT:GOV_10A_MAIN(1.0),"Government revenue, expenditure and main aggregates",A,Annual,MIO_EUR,Million euro,S13,General government,P51G,Gross fixed capital formation,MT,Malta,2000,,169.4,,,,,
dataflow,ESTAT:GOV_10A_MAIN(1.0),"Government revenue, expenditure and main aggregates",A,Annual,MIO_EUR,Million euro,S13,General government,P51G,Gross fixed capital formation,MT,Malta,2001,,159.4,,,,,
dataflow,ESTAT:GOV_10A_MAIN(1.0),"Government revenue, expenditure and main aggregates",A,Annual,MIO_EUR,Million euro,S13,General government,P51G,Gross fixed capital formation,MT,Malta,2002,,194.1,,,,,
dataflow,ESTAT:GOV_10A_MAIN(1.0),"Government revenue, expenditure and main aggregates",A,Annual,MIO_EUR,Million euro,S13,General government,P51G,Gross fixed capital formation,MT,Malta,2003,,217.1,,,,,
dataflow,ESTAT:GOV_10A_MAIN(1.0),"Government revenue, expenditure and main aggregates",A,Annual,MIO_EUR,Million euro,S13,General government,P51G,Gross fixed capital formation,MT,Malta,2004,,182.7,,,,,
dataflow,ESTAT:GOV_10A_MAIN(1.0),"Government revenue, expenditure and main aggregates",A,Annual,MIO_EUR,Million euro,S13,General government,P51G,Gross fixed capital formation,MT,Malta,2005,,234.4,,,,,
dataflow,ESTAT:GOV_10A_MAIN(1.0),"Government revenue, expenditure and main aggregates",A,Annual,MIO_EUR,Million euro,S13,General government,P51G,Gross fixed capital formation,MT,Malta,2006,,214.4,,,,,
dataflow,ESTAT:GOV_10A_MAIN(1.0),"Government revenue, expenditure and main aggregates",A,Annual,MIO_EUR,Million euro,S13,General government,P51G,Gross fixed capital formation,MT,Malta,2007,,217.4,,,,,
dataflow,ESTAT:GOV_10A_MAIN(1.0),"Government revenue, expenditure and main aggregates",A,Annual,MIO_EUR,Million euro,S13,General government,P51G,Gross fixed capital formation,MT,Malta,2008,,153.6,,,,,
dataflow,ESTAT:GOV_10A_MAIN(1.0),"Government revenue, expenditure and main aggregates",A,Annual,MIO_EUR,Million euro,S13,General government,P51G,Gross fixed capital formation,MT,Malta,2009,,148.8,,,,,
dataflow,ESTAT:GOV_10A_MAIN(1.0),"Government revenue, expenditure and main aggregates",A,Annual,MIO_EUR,Million euro,S13,General government,P51G,Gross fixed capital formation,MT,Malta,2010,,150.4,,,,,
dataflow,ESTAT:GOV_10A_MAIN(1.0),"Government revenue, expenditure and main aggregates",A,Annual,MIO_EUR,Million euro,S13,General government,P51G,Gross fixed capital formation,MT,Malta,2011,,201.5,,,,,
dataflow,ESTAT:GOV_10A_MAIN(1.0),"Government revenue, expenditure and main aggregates",A,Annual,MIO_EUR,Million euro,S13,General government,P51G,Gross fixed capital formation,MT,Malta,2012,,249.5,,,,,
dataflow,ESTAT:GOV_10A_MAIN(1.0),"Government revenue, expenditure and main aggregates",A,Annual,MIO_EUR,Million euro,S13,General government,P51G,Gross fixed capital formation,MT,Malta,2013,,226.7,,,,,
dataflow,ESTAT:GOV_10A_MAIN(1.0),"Government revenue, expenditure and main aggregates",A,Annual,MIO_EUR,Million euro,S13,General government,P51G,Gross fixed capital formation,MT,Malta,2014,,307.0,,,,,
dataflow,ESTAT:GOV_10A_MAIN(1.0),"Government revenue, expenditure and main aggregates",A,Annual,MIO_EUR,Million euro,S13,General government,P51G,Gross fixed capital formation,MT,Malta,2015,,412.6,,,,,
dataflow,ESTAT:GOV_10A_MAIN(1.0),"Government revenue, expenditure and main aggregates",A,Annual,MIO_EUR,Million euro,S13,General government,P51G,Gross fixed capital formation,MT,Malta,2016,,271.1,,,,,
dataflow,ESTAT:GOV_10A_MAIN(1.0),"Government revenue, expenditure and main aggregates",A,Annual,MIO_EUR,Million euro,S13,General government,P51G,Gross fixed capital formation,MT,Malta,2017,,286.8,,,,,
dataflow,ESTAT:GOV_10A_MAIN(1.0),"Government revenue, expenditure and main aggregates",A,Annual,MIO_EUR,Million euro,S13,General government,P51G,Gross fixed capital formation,MT,Malta,2018,,441.9,,,,,
dataflow,ESTAT:GOV_10A_MAIN(1.0),"Government revenue, expenditure and main aggregates",A,Annual,MIO_EUR,Million euro,S13,General government,P51G,Gross fixed capital formation,MT,Malta,2019,,508.7,,,,,
dataflow,ESTAT:GOV_10A_MAIN(1.0),"Government revenue, expenditure and main aggregates",A,Annual,MIO_EUR,Million euro,S13,General government,P51G,Gross fixed capital formation,MT,Malta,2020,,527.5,,,,,
dataflow,ESTAT:GOV_10A_MAIN(1.0),"Government revenue, expenditure and main aggregates",A,Annual,MIO_EUR,Million euro,S13,General government,P51G,Gross fixed capital formation,MT,Malta,2021,,609.5,,,,,
dataflow,ESTAT:GOV_10A_MAIN(1.0),"Government revenue, expenditure and main aggregates",A,Annual,MIO_EUR,Million euro,S13,General government,P51G,Gross fixed capital formation,MT,Malta,2022,,592.2,,,,,
dataflow,ESTAT:GOV_10A_MAIN(1.0),"Government revenue, expenditure and main aggregates",A,Annual,MIO_EUR,Million euro,S13,General government,P51G,Gross fixed capital formation,MT,Malta,2023,,728.3,,,,,
dataflow,ESTAT:GOV_10A_MAIN(1.0),"Government revenue, expenditure and main aggregates",A,Annual,MIO_EUR,Million euro,S13,General government,P51G,Gross fixed capital formation,MT,Malta,2024,,740.1,,,,,
dataflow,ESTAT:GOV_10A_MAIN(1.0),"Government revenue, expenditure and main aggregates",A,Annual,MIO_EUR,Million euro,S13,General government,P51G,Gross fixed capital formation,NL,Netherlands,1995,,13100.0,,,,,
dataflow,ESTAT:GOV_10A_MAIN(1.0),"Government revenue, expenditure and main aggregates",A,Annual,MIO_EUR,Million euro,S13,General government,P51G,Gross fixed capital formation,NL,Netherlands,1996,,14218.8,,,,,
dataflow,ESTAT:GOV_10A_MAIN(1.0),"Government revenue, expenditure and main aggregates",A,Annual,MIO_EUR,Million euro,S13,General government,P51G,Gross fixed capital formation,NL,Netherlands,1997,,13684.9,,,,,
dataflow,ESTAT:GOV_10A_MAIN(1.0),"Government revenue, expenditure and main aggregates",A,Annual,MIO_EUR,Million euro,S13,General government,P51G,Gross fixed capital formation,NL,Netherlands,1998,,14055.2,,,,,
dataflow,ESTAT:GOV_10A_MAIN(1.0),"Government revenue, expenditure and main aggregates",A,Annual,MIO_EUR,Million euro,S13,General government,P51G,Gross fixed capital formation,NL,Netherlands,1999,,15810.0,,,,,
dataflow,ESTAT:GOV_10A_MAIN(1.0),"Government revenue, expenditure and main aggregates",A,Annual,MIO_EUR,Million euro,S13,General government,P51G,Gross fixed capital formation,NL,Netherlands,2000,,17118.0,,,,,
dataflow,ESTAT:GOV_10A_MAIN(1.0),"Government revenue, expenditure and main aggregates",A,Annual,MIO_EUR,Million euro,S13,General government,P51G,Gross fixed capital formation,NL,Netherlands,2001,,18945.0,,,,,
dataflow,ESTAT:GOV_10A_MAIN(1.0),"Government revenue, expenditure and main aggregates",A,Annual,MIO_EUR,Million euro,S13,General government,P51G,Gross fixed capital formation,NL,Netherlands,2002,,21405.0,,,,,
dataflow,ESTAT:GOV_10A_MAIN(1.0),"Government revenue, expenditure and main aggregates",A,Annual,MIO_EUR,Million euro,S13,General government,P51G,Gross fixed capital formation,NL,Netherlands,2003,,22239.0,,,,,
dataflow,ESTAT:GOV_10A_MAIN(1.0),"Government revenue, expenditure and main aggregates",A,Annual,MIO_EUR,Million euro,S13,General government,P51G,Gross fixed capital formation,NL,Netherlands,2004,,21045.0,,,,,
dataflow,ESTAT:GOV_10A_MAIN(1.0),"Government revenue, expenditure and main aggregates",A,Annual,MIO_EUR,Million euro,S13,General government,P51G,Gross fixed capital formation,NL,Netherlands,2005,,21396.0,,,,,
dataflow,ESTAT:GOV_10A_MAIN(1.0),"Government revenue, expenditure and main aggregates",A,Annual,MIO_EUR,Million euro,S13,General government,P51G,Gross fixed capital formation,NL,Netherlands,2006,,23776.0,,,,,
dataflow,ESTAT:GOV_10A_MAIN(1.0),"Government revenue, expenditure and main aggregates",A,Annual,MIO_EUR,Million euro,S13,General government,P51G,Gross fixed capital formation,NL,Netherlands,2007,,24556.0,,,,,
dataflow,ESTAT:GOV_10A_MAIN(1.0),"Government revenue, expenditure and main aggregates",A,Annual,MIO_EUR,Million euro,S13,General government,P51G,Gross fixed capital formation,NL,Netherlands,2008,,26234.0,,,,,
dataflow,ESTAT:GOV_10A_MAIN(1.0),"Government revenue, expenditure and main aggregates",A,Annual,MIO_EUR,Million euro,S13,General government,P51G,Gross fixed capital formation,NL,Netherlands,2009,,27506.0,,,,,
dataflow,ESTAT:GOV_10A_MAIN(1.0),"Government revenue, expenditure and main aggregates",A,Annual,MIO_EUR,Million euro,S13,General government,P51G,Gross fixed capital formation,NL,Netherlands,2010,,27343.0,,,,,
dataflow,ESTAT:GOV_10A_MAIN(1.0),"Government revenue, expenditure and main aggregates",A,Annual,MIO_EUR,Million euro,S13,General government,P51G,Gross fixed capital formation,NL,Netherlands,2011,,27913.0,,,,,
dataflow,ESTAT:GOV_10A_MAIN(1.0),"Government revenue, expenditure and main aggregates",A,Annual,MIO_EUR,Million euro,S13,General government,P51G,Gross fixed capital formation,NL,Netherlands,2012,,25385.0,,,,,
dataflow,ESTAT:GOV_10A_MAIN(1.0),"Government revenue, expenditure and main aggregates",A,Annual,MIO_EUR,Million euro,S13,General government,P51G,Gross fixed capital formation,NL,Netherlands,2013,,24906.0,,,,,
dataflow,ESTAT:GOV_10A_MAIN(1.0),"Government revenue, expenditure and main aggregates",A,Annual,MIO_EUR,Million euro,S13,General government,P51G,Gross fixed capital formation,NL,Netherlands,2014,,24172.0,,,,,
dataflow,ESTAT:GOV_10A_MAIN(1.0),"Government revenue, expenditure and main aggregates",A,Annual,MIO_EUR,Million euro,S13,General government,P51G,Gross fixed capital formation,NL,Netherlands,2015,,25165.0,,,,,
dataflow,ESTAT:GOV_10A_MAIN(1.0),"Government revenue, expenditure and main aggregates",A,Annual,MIO_EUR,Million euro,S13,General government,P51G,Gross fixed capital formation,NL,Netherlands,2016,,24843.0,,,,,
dataflow,ESTAT:GOV_10A_MAIN(1.0),"Government revenue, expenditure and main aggregates",A,Annual,MIO_EUR,Million euro,S13,General government,P51G,Gross fixed capital formation,NL,Netherlands,2017,,25355.0,,,,,
dataflow,ESTAT:GOV_10A_MAIN(1.0),"Government revenue, expenditure and main aggregates",A,Annual,MIO_EUR,Million euro,S13,General government,P51G,Gross fixed capital formation,NL,Netherlands,2018,,26325.0,,,,,
dataflow,ESTAT:GOV_10A_MAIN(1.0),"Government revenue, expenditure and main aggregates",A,Annual,MIO_EUR,Million euro,S13,General government,P51G,Gross fixed capital formation,NL,Netherlands,2019,,28152.0,,,,,
dataflow,ESTAT:GOV_10A_MAIN(1.0),"Government revenue, expenditure and main aggregates",A,Annual,MIO_EUR,Million euro,S13,General government,P51G,Gross fixed capital formation,NL,Netherlands,2020,,29790.0,,,,,
dataflow,ESTAT:GOV_10A_MAIN(1.0),"Government revenue, expenditure and main aggregates",A,Annual,MIO_EUR,Million euro,S13,General government,P51G,Gross fixed capital formation,NL,Netherlands,2021,,30411.0,,,,,
dataflow,ESTAT:GOV_10A_MAIN(1.0),"Government revenue, expenditure and main aggregates",A,Annual,MIO_EUR,Million euro,S13,General government,P51G,Gross fixed capital formation,NL,Netherlands,2022,,31587.0,,,,,
dataflow,ESTAT:GOV_10A_MAIN(1.0),"Government revenue, expenditure and main aggregates",A,Annual,MIO_EUR,Million euro,S13,General government,P51G,Gross fixed capital formation,NL,Netherlands,2023,,34710.0,,,,,
dataflow,ESTAT:GOV_10A_MAIN(1.0),"Government revenue, expenditure and main aggregates",A,Annual,MIO_EUR,Million euro,S13,General government,P51G,Gross fixed capital formation,NL,Netherlands,2024,,36895.0,,p,provisional,,
dataflow,ESTAT:GOV_10A_MAIN(1.0),"Government revenue, expenditure and main aggregates",A,Annual,MIO_EUR,Million euro,S13,General government,P51G,Gross fixed capital formation,PL,Poland,1995,,2947.2,,,,,
dataflow,ESTAT:GOV_10A_MAIN(1.0),"Government revenue, expenditure and main aggregates",A,Annual,MIO_EUR,Million euro,S13,General government,P51G,Gross fixed capital formation,PL,Poland,1996,,3786.9,,,,,
dataflow,ESTAT:GOV_10A_MAIN(1.0),"Government revenue, expenditure and main aggregates",A,Annual,MIO_EUR,Million euro,S13,General government,P51G,Gross fixed capital formation,PL,Poland,1997,,4729.1,,,,,
dataflow,ESTAT:GOV_10A_MAIN(1.0),"Government revenue, expenditure and main aggregates",A,Annual,MIO_EUR,Million euro,S13,General government,P51G,Gross fixed capital formation,PL,Poland,1998,,5245.2,,,,,
dataflow,ESTAT:GOV_10A_MAIN(1.0),"Government revenue, expenditure and main aggregates",A,Annual,MIO_EUR,Million euro,S13,General government,P51G,Gross fixed capital formation,PL,Poland,1999,,4827.8,,,,,
dataflow,ESTAT:GOV_10A_MAIN(1.0),"Government revenue, expenditure and main aggregates",A,Annual,MIO_EUR,Million euro,S13,General government,P51G,Gross fixed capital formation,PL,Poland,2000,,5404.4,,,,,
dataflow,ESTAT:GOV_10A_MAIN(1.0),"Government revenue, expenditure and main aggregates",A,Annual,MIO_EUR,Million euro,S13,General government,P51G,Gross fixed capital formation,PL,Poland,2001,,5997.4,,,,,
dataflow,ESTAT:GOV_10A_MAIN(1.0),"Government revenue, expenditure and main aggregates",A,Annual,MIO_EUR,Million euro,S13,General government,P51G,Gross fixed capital formation,PL,Poland,2002,,5984.9,,,,,
dataflow,ESTAT:GOV_10A_MAIN(1.0),"Government revenue, expenditure and main aggregates",A,Annual,MIO_EUR,Million euro,S13,General government,P51G,Gross fixed capital formation,PL,Poland,2003,,5378.9,,,,,
dataflow,ESTAT:GOV_10A_MAIN(1.0),"Government revenue, expenditure and main aggregates",A,Annual,MIO_EUR,Million euro,S13,General government,P51G,Gross fixed capital formation,PL,Poland,2004,,5962.9,,,,,
dataflow,ESTAT:GOV_10A_MAIN(1.0),"Government revenue, expenditure and main aggregates",A,Annual,MIO_EUR,Million euro,S13,General government,P51G,Gross fixed capital formation,PL,Poland,2005,,8126.8,,,,,
dataflow,ESTAT:GOV_10A_MAIN(1.0),"Government revenue, expenditure and main aggregates",A,Annual,MIO_EUR,Million euro,S13,General government,P51G,Gross fixed capital formation,PL,Poland,2006,,10580.9,,,,,
dataflow,ESTAT:GOV_10A_MAIN(1.0),"Government revenue, expenditure and main aggregates",A,Annual,MIO_EUR,Million euro,S13,General government,P51G,Gross fixed capital formation,PL,Poland,2007,,13710.1,,,,,
dataflow,ESTAT:GOV_10A_MAIN(1.0),"Government revenue, expenditure and main aggregates",A,Annual,MIO_EUR,Million euro,S13,General government,P51G,Gross fixed capital formation,PL,Poland,2008,,17256.3,,,,,
dataflow,ESTAT:GOV_10A_MAIN(1.0),"Government revenue, expenditure and main aggregates",A,Annual,MIO_EUR,Million euro,S13,General government,P51G,Gross fixed capital formation,PL,Poland,2009,,15774.3,,,,,
dataflow,ESTAT:GOV_10A_MAIN(1.0),"Government revenue, expenditure and main aggregates",A,Annual,MIO_EUR,Million euro,S13,General government,P51G,Gross fixed capital formation,PL,Poland,2010,,20574.8,,,,,
dataflow,ESTAT:GOV_10A_MAIN(1.0),"Government revenue, expenditure and main aggregates",A,Annual,MIO_EUR,Million euro,S13,General government,P51G,Gross fixed capital formation,PL,Poland,2011,,22848.6,,,,,
dataflow,ESTAT:GOV_10A_MAIN(1.0),"Government revenue, expenditure and main aggregates",A,Annual,MIO_EUR,Million euro,S13,General government,P51G,Gross fixed capital formation,PL,Poland,2012,,18910.3,,,,,
dataflow,ESTAT:GOV_10A_MAIN(1.0),"Government revenue, expenditure and main aggregates",A,Annual,MIO_EUR,Million euro,S13,General government,P51G,Gross fixed capital formation,PL,Poland,2013,,16736.2,,,,,
dataflow,ESTAT:GOV_10A_MAIN(1.0),"Government revenue, expenditure and main aggregates",A,Annual,MIO_EUR,Million euro,S13,General government,P51G,Gross fixed capital formation,PL,Poland,2014,,19229.8,,,,,
dataflow,ESTAT:GOV_10A_MAIN(1.0),"Government revenue, expenditure and main aggregates",A,Annual,MIO_EUR,Million euro,S13,General government,P51G,Gross fixed capital formation,PL,Poland,2015,,19570.9,,,,,
dataflow,ESTAT:GOV_10A_MAIN(1.0),"Government revenue, expenditure and main aggregates",A,Annual,MIO_EUR,Million euro,S13,General government,P51G,Gross fixed capital formation,PL,Poland,2016,,14054.5,,,,,
dataflow,ESTAT:GOV_10A_MAIN(1.0),"Government revenue, expenditure and main aggregates",A,Annual,MIO_EUR,Million euro,S13,General government,P51G,Gross fixed capital formation,PL,Poland,2017,,17719.8,,,,,
dataflow,ESTAT:GOV_10A_MAIN(1.0),"Government revenue, expenditure and main aggregates",A,Annual,MIO_EUR,Million euro,S13,General government,P51G,Gross fixed capital formation,PL,Poland,2018,,23247.0,,,,,
dataflow,ESTAT:GOV_10A_MAIN(1.0),"Government revenue, expenditure and main aggregates",A,Annual,MIO_EUR,Million euro,S13,General government,P51G,Gross fixed capital formation,PL,Poland,2019,,22982.8,,,,,
dataflow,ESTAT:GOV_10A_MAIN(1.0),"Government revenue, expenditure and main aggregates",A,Annual,MIO_EUR,Million euro,S13,General government,P51G,Gross fixed capital formation,PL,Poland,2020,,23492.9,,,,,
dataflow,ESTAT:GOV_10A_MAIN(1.0),"Government revenue, expenditure and main aggregates",A,Annual,MIO_EUR,Million euro,S13,General government,P51G,Gross fixed capital formation,PL,Poland,2021,,23777.5,,,,,
dataflow,ESTAT:GOV_10A_MAIN(1.0),"Government revenue, expenditure and main aggregates",A,Annual,MIO_EUR,Million euro,S13,General government,P51G,Gross fixed capital formation,PL,Poland,2022,,24855.4,,,,,
dataflow,ESTAT:GOV_10A_MAIN(1.0),"Government revenue, expenditure and main aggregates",A,Annual,MIO_EUR,Million euro,S13,General government,P51G,Gross fixed capital formation,PL,Poland,2023,,38428.7,,,,,
dataflow,ESTAT:GOV_10A_MAIN(1.0),"Government revenue, expenditure and main aggregates",A,Annual,MIO_EUR,Million euro,S13,General government,P51G,Gross fixed capital formation,PL,Poland,2024,,40951.7,,,,,
dataflow,ESTAT:GOV_10A_MAIN(1.0),"Government revenue, expenditure and main aggregates",A,Annual,MIO_EUR,Million euro,S13,General government,P51G,Gross fixed capital formation,PT,Portugal,1995,,4012.5,,,,,
dataflow,ESTAT:GOV_10A_MAIN(1.0),"Government revenue, expenditure and main aggregates",A,Annual,MIO_EUR,Million euro,S13,General government,P51G,Gross fixed capital formation,PT,Portugal,1996,,4704.7,,,,,
dataflow,ESTAT:GOV_10A_MAIN(1.0),"Government revenue, expenditure and main aggregates",A,Annual,MIO_EUR,Million euro,S13,General government,P51G,Gross fixed capital formation,PT,Portugal,1997,,5753.8,,,,,
dataflow,ESTAT:GOV_10A_MAIN(1.0),"Government revenue, expenditure and main aggregates",A,Annual,MIO_EUR,Million euro,S13,General government,P51G,Gross fixed capital formation,PT,Portugal,1998,,5646.9,,,,,
dataflow,ESTAT:GOV_10A_MAIN(1.0),"Government revenue, expenditure and main aggregates",A,Annual,MIO_EUR,Million euro,S13,General government,P51G,Gross fixed capital formation,PT,Portugal,1999,,5903.7,,,,,
dataflow,ESTAT:GOV_10A_MAIN(1.0),"Government revenue, expenditure and main aggregates",A,Annual,MIO_EUR,Million euro,S13,General government,P51G,Gross fixed capital formation,PT,Portugal,2000,,5916.7,,,,,
dataflow,ESTAT:GOV_10A_MAIN(1.0),"Government revenue, expenditure and main aggregates",A,Annual,MIO_EUR,Million euro,S13,General government,P51G,Gross fixed capital formation,PT,Portugal,2001,,6833.7,,,,,
dataflow,ESTAT:GOV_10A_MAIN(1.0),"Government revenue, expenditure and main aggregates",A,Annual,MIO_EUR,Million euro,S13,General government,P51G,Gross fixed capital formation,PT,Portugal,2002,,6568.6,,,,,
dataflow,ESTAT:GOV_10A_MAIN(1.0),"Government revenue, expenditure and main aggregates",A,Annual,MIO_EUR,Million euro,S13,General government,P51G,Gross fixed capital formation,PT,Portugal,2003,,6392.5,,,,,
dataflow,ESTAT:GOV_10A_MAIN(1.0),"Government revenue, expenditure and main aggregates",A,Annual,MIO_EUR,Million euro,S13,General government,P51G,Gross fixed capital formation,PT,Portugal,2004,,6755.1,,,,,
dataflow,ESTAT:GOV_10A_MAIN(1.0),"Government revenue, expenditure and main aggregates",A,Annual,MIO_EUR,Million euro,S13,General government,P51G,Gross fixed capital formation,PT,Portugal,2005,,6468.0,,,,,
dataflow,ESTAT:GOV_10A_MAIN(1.0),"Government revenue, expenditure and main aggregates",A,Annual,MIO_EUR,Million euro,S13,General government,P51G,Gross fixed capital formation,PT,Portugal,2006,,5579.7,,,,,
dataflow,ESTAT:GOV_10A_MAIN(1.0),"Government revenue, expenditure and main aggregates",A,Annual,MIO_EUR,Million euro,S13,General government,P51G,Gross fixed capital formation,PT,Portugal,2007,,5644.7,,,,,
dataflow,ESTAT:GOV_10A_MAIN(1.0),"Government revenue, expenditure and main aggregates",A,Annual,MIO_EUR,Million euro,S13,General government,P51G,Gross fixed capital formation,PT,Portugal,2008,,6650.7,,,,,
dataflow,ESTAT:GOV_10A_MAIN(1.0),"Government revenue, expenditure and main aggregates",A,Annual,MIO_EUR,Million euro,S13,General government,P51G,Gross fixed capital formation,PT,Portugal,2009,,7205.5,,,,,
dataflow,ESTAT:GOV_10A_MAIN(1.0),"Government revenue, expenditure and main aggregates",A,Annual,MIO_EUR,Million euro,S13,General government,P51G,Gross fixed capital formation,PT,Portugal,2010,,9478.7,,,,,
dataflow,ESTAT:GOV_10A_MAIN(1.0),"Government revenue, expenditure and main aggregates",A,Annual,MIO_EUR,Million euro,S13,General government,P51G,Gross fixed capital formation,PT,Portugal,2011,,6139.8,,,,,
dataflow,ESTAT:GOV_10A_MAIN(1.0),"Government revenue, expenditure and main aggregates",A,Annual,MIO_EUR,Million euro,S13,General government,P51G,Gross fixed capital formation,PT,Portugal,2012,,4158.6,,,,,
dataflow,ESTAT:GOV_10A_MAIN(1.0),"Government revenue, expenditure and main aggregates",A,Annual,MIO_EUR,Million euro,S13,General government,P51G,Gross fixed capital formation,PT,Portugal,2013,,3721.2,,,,,
dataflow,ESTAT:GOV_10A_MAIN(1.0),"Government revenue, expenditure and main aggregates",A,Annual,MIO_EUR,Million euro,S13,General government,P51G,Gross fixed capital formation,PT,Portugal,2014,,3449.3,,,,,
dataflow,ESTAT:GOV_10A_MAIN(1.0),"Government revenue, expenditure and main aggregates",A,Annual,MIO_EUR,Million euro,S13,General government,P51G,Gross fixed capital formation,PT,Portugal,2015,,4042.6,,,,,
dataflow,ESTAT:GOV_10A_MAIN(1.0),"Government revenue, expenditure and main aggregates",A,Annual,MIO_EUR,Million euro,S13,General government,P51G,Gross fixed capital formation,PT,Portugal,2016,,2890.0,,,,,
dataflow,ESTAT:GOV_10A_MAIN(1.0),"Government revenue, expenditure and main aggregates",A,Annual,MIO_EUR,Million euro,S13,General government,P51G,Gross fixed capital formation,PT,Portugal,2017,,3497.3,,,,,
dataflow,ESTAT:GOV_10A_MAIN(1.0),"Government revenue, expenditure and main aggregates",A,Annual,MIO_EUR,Million euro,S13,General government,P51G,Gross fixed capital formation,PT,Portugal,2018,,3797.2,,,,,
dataflow,ESTAT:GOV_10A_MAIN(1.0),"Government revenue, expenditure and main aggregates",A,Annual,MIO_EUR,Million euro,S13,General government,P51G,Gross fixed capital formation,PT,Portugal,2019,,3962.1,,,,,
dataflow,ESTAT:GOV_10A_MAIN(1.0),"Government revenue, expenditure and main aggregates",A,Annual,MIO_EUR,Million euro,S13,General government,P51G,Gross fixed capital formation,PT,Portugal,2020,,4645.4,,,,,
dataflow,ESTAT:GOV_10A_MAIN(1.0),"Government revenue, expenditure and main aggregates",A,Annual,MIO_EUR,Million euro,S13,General government,P51G,Gross fixed capital formation,PT,Portugal,2021,,5589.3,,,,,
dataflow,ESTAT:GOV_10A_MAIN(1.0),"Government revenue, expenditure and main aggregates",A,Annual,MIO_EUR,Million euro,S13,General government,P51G,Gross fixed capital formation,PT,Portugal,2022,,5806.5,,,,,
dataflow,ESTAT:GOV_10A_MAIN(1.0),"Government revenue, expenditure and main aggregates",A,Annual,MIO_EUR,Million euro,S13,General government,P51G,Gross fixed capital formation,PT,Portugal,2023,,6940.2,,,,,
dataflow,ESTAT:GOV_10A_MAIN(1.0),"Government revenue, expenditure and main aggregates",A,Annual,MIO_EUR,Million euro,S13,General government,P51G,Gross fixed capital formation,PT,Portugal,2024,,7873.8,,,,,
dataflow,ESTAT:GOV_10A_MAIN(1.0),"Government revenue, expenditure and main aggregates",A,Annual,MIO_EUR,Million euro,S13,General government,P51G,Gross fixed capital formation,RO,Romania,1995,,1188.2,,,,,
dataflow,ESTAT:GOV_10A_MAIN(1.0),"Government revenue, expenditure and main aggregates",A,Annual,MIO_EUR,Million euro,S13,General government,P51G,Gross fixed capital formation,RO,Romania,1996,,1137.2,,,,,
dataflow,ESTAT:GOV_10A_MAIN(1.0),"Government revenue, expenditure and main aggregates",A,Annual,MIO_EUR,Million euro,S13,General government,P51G,Gross fixed capital formation,RO,Romania,1997,,836.5,,,,,
dataflow,ESTAT:GOV_10A_MAIN(1.0),"Government revenue, expenditure and main aggregates",A,Annual,MIO_EUR,Million euro,S13,General government,P51G,Gross fixed capital formation,RO,Romania,1998,,673.0,,,,,
dataflow,ESTAT:GOV_10A_MAIN(1.0),"Government revenue, expenditure and main aggregates",A,Annual,MIO_EUR,Million euro,S13,General government,P51G,Gross fixed capital formation,RO,Romania,1999,,553.0,,,,,
dataflow,ESTAT:GOV_10A_MAIN(1.0),"Government revenue, expenditure and main aggregates",A,Annual,MIO_EUR,Million euro,S13,General government,P51G,Gross fixed capital formation,RO,Romania,2000,,1401.1,,,,,
dataflow,ESTAT:GOV_10A_MAIN(1.0),"Government revenue, expenditure and main aggregates",A,Annual,MIO_EUR,Million euro,S13,General government,P51G,Gross fixed capital formation,RO,Romania,2001,,1240.7,,,,,
dataflow,ESTAT:GOV_10A_MAIN(1.0),"Government revenue, expenditure and main aggregates",A,Annual,MIO_EUR,Million euro,S13,General government,P51G,Gross fixed capital formation,RO,Romania,2002,,1576.5,,,,,
dataflow,ESTAT:GOV_10A_MAIN(1.0),"Government revenue, expenditure and main aggregates",A,Annual,MIO_EUR,Million euro,S13,General government,P51G,Gross fixed capital formation,RO,Romania,2003,,1848.8,,,,,
dataflow,ESTAT:GOV_10A_MAIN(1.0),"Government revenue, expenditure and main aggregates",A,Annual,MIO_EUR,Million euro,S13,General government,P51G,Gross fixed capital formation,RO,Romania,2004,,1708.3,,,,,
dataflow,ESTAT:GOV_10A_MAIN(1.0),"Government revenue, expenditure and main aggregates",A,Annual,MIO_EUR,Million euro,S13,General government,P51G,Gross fixed capital formation,RO,Romania,2005,,2264.7,,,,,
dataflow,ESTAT:GOV_10A_MAIN(1.0),"Government revenue, expenditure and main aggregates",A,Annual,MIO_EUR,Million euro,S13,General government,P51G,Gross fixed capital formation,RO,Romania,2006,,5110.3,,,,,
dataflow,ESTAT:GOV_10A_MAIN(1.0),"Government revenue, expenditure and main aggregates",A,Annual,MIO_EUR,Million euro,S13,General government,P51G,Gross fixed capital formation,RO,Romania,2007,,7867.5,,,,,
dataflow,ESTAT:GOV_10A_MAIN(1.0),"Government revenue, expenditure and main aggregates",A,Annual,MIO_EUR,Million euro,S13,General government,P51G,Gross fixed capital formation,RO,Romania,2008,,9492.1,,,,,
dataflow,ESTAT:GOV_10A_MAIN(1.0),"Government revenue, expenditure and main aggregates",A,Annual,MIO_EUR,Million euro,S13,General government,P51G,Gross fixed capital formation,RO,Romania,2009,,7210.0,,,,,
dataflow,ESTAT:GOV_10A_MAIN(1.0),"Government revenue, expenditure and main aggregates",A,Annual,MIO_EUR,Million euro,S13,General government,P51G,Gross fixed capital formation,RO,Romania,2010,,7177.7,,,,,
dataflow,ESTAT:GOV_10A_MAIN(1.0),"Government revenue, expenditure and main aggregates",A,Annual,MIO_EUR,Million euro,S13,General government,P51G,Gross fixed capital formation,RO,Romania,2011,,7126.6,,,,,
dataflow,ESTAT:GOV_10A_MAIN(1.0),"Government revenue, expenditure and main aggregates",A,Annual,MIO_EUR,Million euro,S13,General government,P51G,Gross fixed capital formation,RO,Romania,2012,,6387.3,,,,,
dataflow,ESTAT:GOV_10A_MAIN(1.0),"Government revenue, expenditure and main aggregates",A,Annual,MIO_EUR,Million euro,S13,General government,P51G,Gross fixed capital formation,RO,Romania,2013,,6329.7,,,,,
dataflow,ESTAT:GOV_10A_MAIN(1.0),"Government revenue, expenditure and main aggregates",A,Annual,MIO_EUR,Million euro,S13,General government,P51G,Gross fixed capital formation,RO,Romania,2014,,6753.5,,,,,
dataflow,ESTAT:GOV_10A_MAIN(1.0),"Government revenue, expenditure and main aggregates",A,Annual,MIO_EUR,Million euro,S13,General government,P51G,Gross fixed capital formation,RO,Romania,2015,,8317.9,,,,,
dataflow,ESTAT:GOV_10A_MAIN(1.0),"Government revenue, expenditure and main aggregates",A,Annual,MIO_EUR,Million euro,S13,General government,P51G,Gross fixed capital formation,RO,Romania,2016,,6063.2,,,,,
dataflow,ESTAT:GOV_10A_MAIN(1.0),"Government revenue, expenditure and main aggregates",A,Annual,MIO_EUR,Million euro,S13,General government,P51G,Gross fixed capital formation,RO,Romania,2017,,4874.6,,,,,
dataflow,ESTAT:GOV_10A_MAIN(1.0),"Government revenue, expenditure and main aggregates",A,Annual,MIO_EUR,Million euro,S13,General government,P51G,Gross fixed capital formation,RO,Romania,2018,,5159.2,,,,,
dataflow,ESTAT:GOV_10A_MAIN(1.0),"Government revenue, expenditure and main aggregates",A,Annual,MIO_EUR,Million euro,S13,General government,P51G,Gross fixed capital formation,RO,Romania,2019,,7552.2,,,,,
dataflow,ESTAT:GOV_10A_MAIN(1.0),"Government revenue, expenditure and main aggregates",A,Annual,MIO_EUR,Million euro,S13,General government,P51G,Gross fixed capital formation,RO,Romania,2020,,9752.2,,,,,
dataflow,ESTAT:GOV_10A_MAIN(1.0),"Government revenue, expenditure and main aggregates",A,Annual,MIO_EUR,Million euro,S13,General government,P51G,Gross fixed capital formation,RO,Romania,2021,,9825.3,,,,,
dataflow,ESTAT:GOV_10A_MAIN(1.0),"Government revenue, expenditure and main aggregates",A,Annual,MIO_EUR,Million euro,S13,General government,P51G,Gross fixed capital formation,RO,Romania,2022,,12305.9,,,,,
dataflow,ESTAT:GOV_10A_MAIN(1.0),"Government revenue, expenditure and main aggregates",A,Annual,MIO_EUR,Million euro,S13,General government,P51G,Gross fixed capital formation,RO,Romania,2023,,17503.7,,,,,
dataflow,ESTAT:GOV_10A_MAIN(1.0),"Government revenue, expenditure and main aggregates",A,Annual,MIO_EUR,Million euro,S13,General government,P51G,Gross fixed capital formation,RO,Romania,2024,,20743.8,,,,,
dataflow,ESTAT:GOV_10A_MAIN(1.0),"Government revenue, expenditure and main aggregates",A,Annual,MIO_EUR,Million euro,S13,General government,P51G,Gross fixed capital formation,SE,Sweden,1995,,10359.0,,,,,
dataflow,ESTAT:GOV_10A_MAIN(1.0),"Government revenue, expenditure and main aggregates",A,Annual,MIO_EUR,Million euro,S13,General government,P51G,Gross fixed capital formation,SE,Sweden,1996,,11226.6,,,,,
dataflow,ESTAT:GOV_10A_MAIN(1.0),"Government revenue, expenditure and main aggregates",A,Annual,MIO_EUR,Million euro,S13,General government,P51G,Gross fixed capital formation,SE,Sweden,1997,,10212.9,,,,,
dataflow,ESTAT:GOV_10A_MAIN(1.0),"Government revenue, expenditure and main aggregates",A,Annual,MIO_EUR,Million euro,S13,General government,P51G,Gross fixed capital formation,SE,Sweden,1998,,10372.4,,,,,
dataflow,ESTAT:GOV_10A_MAIN(1.0),"Government revenue, expenditure and main aggregates",A,Annual,MIO_EUR,Million euro,S13,General government,P51G,Gross fixed capital formation,SE,Sweden,1999,,11377.3,,,,,
dataflow,ESTAT:GOV_10A_MAIN(1.0),"Government revenue, expenditure and main aggregates",A,Annual,MIO_EUR,Million euro,S13,General government,P51G,Gross fixed capital formation,SE,Sweden,2000,,11185.4,,,,,
dataflow,ESTAT:GOV_10A_MAIN(1.0),"Government revenue, expenditure and main aggregates",A,Annual,MIO_EUR,Million euro,S13,General government,P51G,Gross fixed capital formation,SE,Sweden,2001,,11201.5,,,,,
dataflow,ESTAT:GOV_10A_MAIN(1.0),"Government revenue, expenditure and main aggregates",A,Annual,MIO_EUR,Million euro,S13,General government,P51G,Gross fixed capital formation,SE,Sweden,2002,,12322.8,,,,,
dataflow,ESTAT:GOV_10A_MAIN(1.0),"Government revenue, expenditure and main aggregates",A,Annual,MIO_EUR,Million euro,S13,General government,P51G,Gross fixed capital formation,SE,Sweden,2003,,12398.0,,,,,
dataflow,ESTAT:GOV_10A_MAIN(1.0),"Government revenue, expenditure and main aggregates",A,Annual,MIO_EUR,Million euro,S13,General government,P51G,Gross fixed capital formation,SE,Sweden,2004,,12771.3,,,,,
dataflow,ESTAT:GOV_10A_MAIN(1.0),"Government revenue, expenditure and main aggregates",A,Annual,MIO_EUR,Million euro,S13,General government,P51G,Gross fixed capital formation,SE,Sweden,2005,,12051.8,,,,,
dataflow,ESTAT:GOV_10A_MAIN(1.0),"Government revenue, expenditure and main aggregates",A,Annual,MIO_EUR,Million euro,S13,General government,P51G,Gross fixed capital formation,SE,Sweden,2006,,13696.6,,,,,
dataflow,ESTAT:GOV_10A_MAIN(1.0),"Government revenue, expenditure and main aggregates",A,Annual,MIO_EUR,Million euro,S13,General government,P51G,Gross fixed capital formation,SE,Sweden,2007,,14528.5,,,,,
dataflow,ESTAT:GOV_10A_MAIN(1.0),"Government revenue, expenditure and main aggregates",A,Annual,MIO_EUR,Million euro,S13,General government,P51G,Gross fixed capital formation,SE,Sweden,2008,,15294.6,,,,,
dataflow,ESTAT:GOV_10A_MAIN(1.0),"Government revenue, expenditure and main aggregates",A,Annual,MIO_EUR,Million euro,S13,General government,P51G,Gross fixed capital formation,SE,Sweden,2009,,14102.8,,,,,
dataflow,ESTAT:GOV_10A_MAIN(1.0),"Government revenue, expenditure and main aggregates",A,Annual,MIO_EUR,Million euro,S13,General government,P51G,Gross fixed capital formation,SE,Sweden,2010,,16952.0,,,,,
dataflow,ESTAT:GOV_10A_MAIN(1.0),"Government revenue, expenditure and main aggregates",A,Annual,MIO_EUR,Million euro,S13,General government,P51G,Gross fixed capital formation,SE,Sweden,2011,,18299.6,,,,,
dataflow,ESTAT:GOV_10A_MAIN(1.0),"Government revenue, expenditure and main aggregates",A,Annual,MIO_EUR,Million euro,S13,General government,P51G,Gross fixed capital formation,SE,Sweden,2012,,19698.6,,,,,
dataflow,ESTAT:GOV_10A_MAIN(1.0),"Government revenue, expenditure and main aggregates",A,Annual,MIO_EUR,Million euro,S13,General government,P51G,Gross fixed capital formation,SE,Sweden,2013,,20339.0,,,,,
dataflow,ESTAT:GOV_10A_MAIN(1.0),"Government revenue, expenditure and main aggregates",A,Annual,MIO_EUR,Million euro,S13,General government,P51G,Gross fixed capital formation,SE,Sweden,2014,,20453.3,,,,,
dataflow,ESTAT:GOV_10A_MAIN(1.0),"Government revenue, expenditure and main aggregates",A,Annual,MIO_EUR,Million euro,S13,General government,P51G,Gross fixed capital formation,SE,Sweden,2015,,20385.5,,,,,
dataflow,ESTAT:GOV_10A_MAIN(1.0),"Government revenue, expenditure and main aggregates",A,Annual,MIO_EUR,Million euro,S13,General government,P51G,Gross fixed capital formation,SE,Sweden,2016,,21379.1,,,,,
dataflow,ESTAT:GOV_10A_MAIN(1.0),"Government revenue, expenditure and main aggregates",A,Annual,MIO_EUR,Million euro,S13,General government,P51G,Gross fixed capital formation,SE,Sweden,2017,,23049.5,,,,,
dataflow,ESTAT:GOV_10A_MAIN(1.0),"Government revenue, expenditure and main aggregates",A,Annual,MIO_EUR,Million euro,S13,General government,P51G,Gross fixed capital formation,SE,Sweden,2018,,23696.5,,,,,
dataflow,ESTAT:GOV_10A_MAIN(1.0),"Government revenue, expenditure and main aggregates",A,Annual,MIO_EUR,Million euro,S13,General government,P51G,Gross fixed capital formation,SE,Sweden,2019,,24092.5,,,,,
dataflow,ESTAT:GOV_10A_MAIN(1.0),"Government revenue, expenditure and main aggregates",A,Annual,MIO_EUR,Million euro,S13,General government,P51G,Gross fixed capital formation,SE,Sweden,2020,,25661.4,,,,,
dataflow,ESTAT:GOV_10A_MAIN(1.0),"Government revenue, expenditure and main aggregates",A,Annual,MIO_EUR,Million euro,S13,General government,P51G,Gross fixed capital formation,SE,Sweden,2021,,26973.1,,,,,
dataflow,ESTAT:GOV_10A_MAIN(1.0),"Government revenue, expenditure and main aggregates",A,Annual,MIO_EUR,Million euro,S13,General government,P51G,Gross fixed capital formation,SE,Sweden,2022,,27992.4,,,,,
dataflow,ESTAT:GOV_10A_MAIN(1.0),"Government revenue, expenditure and main aggregates",A,Annual,MIO_EUR,Million euro,S13,General government,P51G,Gross fixed capital formation,SE,Sweden,2023,,29012.6,,,,,
dataflow,ESTAT:GOV_10A_MAIN(1.0),"Government revenue, expenditure and main aggregates",A,Annual,MIO_EUR,Million euro,S13,General government,P51G,Gross fixed capital formation,SE,Sweden,2024,,30870.8,,,,,
dataflow,ESTAT:GOV_10A_MAIN(1.0),"Government revenue, expenditure and main aggregates",A,Annual,MIO_EUR,Million euro,S13,General government,P51G,Gross fixed capital formation,SI,Slovenia,1995,,667.0,,,,,
dataflow,ESTAT:GOV_10A_MAIN(1.0),"Government revenue, expenditure and main aggregates",A,Annual,MIO_EUR,Million euro,S13,General government,P51G,Gross fixed capital formation,SI,Slovenia,1996,,680.2,,,,,
dataflow,ESTAT:GOV_10A_MAIN(1.0),"Government revenue, expenditure and main aggregates",A,Annual,MIO_EUR,Million euro,S13,General government,P51G,Gross fixed capital formation,SI,Slovenia,1997,,675.4,,,,,
dataflow,ESTAT:GOV_10A_MAIN(1.0),"Government revenue, expenditure and main aggregates",A,Annual,MIO_EUR,Million euro,S13,General government,P51G,Gross fixed capital formation,SI,Slovenia,1998,,731.5,,,,,
dataflow,ESTAT:GOV_10A_MAIN(1.0),"Government revenue, expenditure and main aggregates",A,Annual,MIO_EUR,Million euro,S13,General government,P51G,Gross fixed capital formation,SI,Slovenia,1999,,857.7,,,,,
dataflow,ESTAT:GOV_10A_MAIN(1.0),"Government revenue, expenditure and main aggregates",A,Annual,MIO_EUR,Million euro,S13,General government,P51G,Gross fixed capital formation,SI,Slovenia,2000,,813.0,,,,,
dataflow,ESTAT:GOV_10A_MAIN(1.0),"Government revenue, expenditure and main aggregates",A,Annual,MIO_EUR,Million euro,S13,General government,P51G,Gross fixed capital formation,SI,Slovenia,2001,,914.2,,,,,
dataflow,ESTAT:GOV_10A_MAIN(1.0),"Government revenue, expenditure and main aggregates",A,Annual,MIO_EUR,Million euro,S13,General government,P51G,Gross fixed capital formation,SI,Slovenia,2002,,933.4,,,,,
dataflow,ESTAT:GOV_10A_MAIN(1.0),"Government revenue, expenditure and main aggregates",A,Annual,MIO_EUR,Million euro,S13,General government,P51G,Gross fixed capital formation,SI,Slovenia,2003,,989.2,,,,,
dataflow,ESTAT:GOV_10A_MAIN(1.0),"Government revenue, expenditure and main aggregates",A,Annual,MIO_EUR,Million euro,S13,General government,P51G,Gross fixed capital formation,SI,Slovenia,2004,,1096.1,,,,,
dataflow,ESTAT:GOV_10A_MAIN(1.0),"Government revenue, expenditure and main aggregates",A,Annual,MIO_EUR,Million euro,S13,General government,P51G,Gross fixed capital formation,SI,Slovenia,2005,,1106.7,,,,,
dataflow,ESTAT:GOV_10A_MAIN(1.0),"Government revenue, expenditure and main aggregates",A,Annual,MIO_EUR,Million euro,S13,General government,P51G,Gross fixed capital formation,SI,Slovenia,2006,,1359.2,,,,,
dataflow,ESTAT:GOV_10A_MAIN(1.0),"Government revenue, expenditure and main aggregates",A,Annual,MIO_EUR,Million euro,S13,General government,P51G,Gross fixed capital formation,SI,Slovenia,2007,,1601.3,,,,,
dataflow,ESTAT:GOV_10A_MAIN(1.0),"Government revenue, expenditure and main aggregates",A,Annual,MIO_EUR,Million euro,S13,General government,P51G,Gross fixed capital formation,SI,Slovenia,2008,,1797.0,,,,,
dataflow,ESTAT:GOV_10A_MAIN(1.0),"Government revenue, expenditure and main aggregates",A,Annual,MIO_EUR,Million euro,S13,General government,P51G,Gross fixed capital formation,SI,Slovenia,2009,,1836.8,,,,,
dataflow,ESTAT:GOV_10A_MAIN(1.0),"Government revenue, expenditure and main aggregates",A,Annual,MIO_EUR,Million euro,S13,General government,P51G,Gross fixed capital formation,SI,Slovenia,2010,,1801.8,,,,,
dataflow,ESTAT:GOV_10A_MAIN(1.0),"Government revenue, expenditure and main aggregates",A,Annual,MIO_EUR,Million euro,S13,General government,P51G,Gross fixed capital formation,SI,Slovenia,2011,,1504.5,,,,,
dataflow,ESTAT:GOV_10A_MAIN(1.0),"Government revenue, expenditure and main aggregates",A,Annual,MIO_EUR,Million euro,S13,General government,P51G,Gross fixed capital formation,SI,Slovenia,2012,,1465.0,,,,,
dataflow,ESTAT:GOV_10A_MAIN(1.0),"Government revenue, expenditure and main aggregates",A,Annual,MIO_EUR,Million euro,S13,General government,P51G,Gross fixed capital formation,SI,Slovenia,2013,,1576.1,,,,,
dataflow,ESTAT:GOV_10A_MAIN(1.0),"Government revenue, expenditure and main aggregates",A,Annual,MIO_EUR,Million euro,S13,General government,P51G,Gross fixed capital formation,SI,Slovenia,2014,,1908.0,,,,,
dataflow,ESTAT:GOV_10A_MAIN(1.0),"Government revenue, expenditure and main aggregates",A,Annual,MIO_EUR,Million euro,S13,General government,P51G,Gross fixed capital formation,SI,Slovenia,2015,,1849.2,,,,,
dataflow,ESTAT:GOV_10A_MAIN(1.0),"Government revenue, expenditure and main aggregates",A,Annual,MIO_EUR,Million euro,S13,General government,P51G,Gross fixed capital formation,SI,Slovenia,2016,,1338.8,,,,,
dataflow,ESTAT:GOV_10A_MAIN(1.0),"Government revenue, expenditure and main aggregates",A,Annual,MIO_EUR,Million euro,S13,General government,P51G,Gross fixed capital formation,SI,Slovenia,2017,,1312.5,,,,,
dataflow,ESTAT:GOV_10A_MAIN(1.0),"Government revenue, expenditure and main aggregates",A,Annual,MIO_EUR,Million euro,S13,General government,P51G,Gross fixed capital formation,SI,Slovenia,2018,,1679.1,,,,,
dataflow,ESTAT:GOV_10A_MAIN(1.0),"Government revenue, expenditure and main aggregates",A,Annual,MIO_EUR,Million euro,S13,General government,P51G,Gross fixed capital formation,SI,Slovenia,2019,,1860.4,,,,,
dataflow,ESTAT:GOV_10A_MAIN(1.0),"Government revenue, expenditure and main aggregates",A,Annual,MIO_EUR,Million euro,S13,General government,P51G,Gross fixed capital formation,SI,Slovenia,2020,,1933.4,,,,,
dataflow,ESTAT:GOV_10A_MAIN(1.0),"Government revenue, expenditure and main aggregates",A,Annual,MIO_EUR,Million euro,S13,General government,P51G,Gross fixed capital formation,SI,Slovenia,2021,,2441.5,,,,,
dataflow,ESTAT:GOV_10A_MAIN(1.0),"Government revenue, expenditure and main aggregates",A,Annual,MIO_EUR,Million euro,S13,General government,P51G,Gross fixed capital formation,SI,Slovenia,2022,,3138.6,,,,,
dataflow,ESTAT:GOV_10A_MAIN(1.0),"Government revenue, expenditure and main aggregates",A,Annual,MIO_EUR,Million euro,S13,General government,P51G,Gross fixed capital formation,SI,Slovenia,2023,,3508.5,,,,,
dataflow,ESTAT:GOV_10A_MAIN(1.0),"Government revenue, expenditure and main aggregates",A,Annual,MIO_EUR,Million euro,S13,General government,P51G,Gross fixed capital formation,SI,Slovenia,2024,,3461.6,,,,,
dataflow,ESTAT:GOV_10A_MAIN(1.0),"Government revenue, expenditure and main aggregates",A,Annual,MIO_EUR,Million euro,S13,General government,P51G,Gross fixed capital formation,SK,Slovakia,1995,,502.2,,,,,
dataflow,ESTAT:GOV_10A_MAIN(1.0),"Government revenue, expenditure and main aggregates",A,Annual,MIO_EUR,Million euro,S13,General government,P51G,Gross fixed capital formation,SK,Slovakia,1996,,806.0,,,,,
dataflow,ESTAT:GOV_10A_MAIN(1.0),"Government revenue, expenditure and main aggregates",A,Annual,MIO_EUR,Million euro,S13,General government,P51G,Gross fixed capital formation,SK,Slovakia,1997,,1203.2,,,,,
dataflow,ESTAT:GOV_10A_MAIN(1.0),"Government revenue, expenditure and main aggregates",A,Annual,MIO_EUR,Million euro,S13,General government,P51G,Gross fixed capital formation,SK,Slovakia,1998,,998.4,,,,,
dataflow,ESTAT:GOV_10A_MAIN(1.0),"Government revenue, expenditure and main aggregates",A,Annual,MIO_EUR,Million euro,S13,General government,P51G,Gross fixed capital formation,SK,Slovakia,1999,,741.8,,,,,
dataflow,ESTAT:GOV_10A_MAIN(1.0),"Government revenue, expenditure and main aggregates",A,Annual,MIO_EUR,Million euro,S13,General government,P51G,Gross fixed capital formation,SK,Slovakia,2000,,838.3,,,,,
dataflow,ESTAT:GOV_10A_MAIN(1.0),"Government revenue, expenditure and main aggregates",A,Annual,MIO_EUR,Million euro,S13,General government,P51G,Gross fixed capital formation,SK,Slovakia,2001,,959.7,,,,,
dataflow,ESTAT:GOV_10A_MAIN(1.0),"Government revenue, expenditure and main aggregates",A,Annual,MIO_EUR,Million euro,S13,General government,P51G,Gross fixed capital formation,SK,Slovakia,2002,,1095.3,,,,,
dataflow,ESTAT:GOV_10A_MAIN(1.0),"Government revenue, expenditure and main aggregates",A,Annual,MIO_EUR,Million euro,S13,General government,P51G,Gross fixed capital formation,SK,Slovakia,2003,,970.5,,,,,
dataflow,ESTAT:GOV_10A_MAIN(1.0),"Government revenue, expenditure and main aggregates",A,Annual,MIO_EUR,Million euro,S13,General government,P51G,Gross fixed capital formation,SK,Slovakia,2004,,1043.2,,,,,
dataflow,ESTAT:GOV_10A_MAIN(1.0),"Government revenue, expenditure and main aggregates",A,Annual,MIO_EUR,Million euro,S13,General government,P51G,Gross fixed capital formation,SK,Slovakia,2005,,1381.1,,,,,
dataflow,ESTAT:GOV_10A_MAIN(1.0),"Government revenue, expenditure and main aggregates",A,Annual,MIO_EUR,Million euro,S13,General government,P51G,Gross fixed capital formation,SK,Slovakia,2006,,1756.7,,,,,
dataflow,ESTAT:GOV_10A_MAIN(1.0),"Government revenue, expenditure and main aggregates",A,Annual,MIO_EUR,Million euro,S13,General government,P51G,Gross fixed capital formation,SK,Slovakia,2007,,1905.8,,,,,
dataflow,ESTAT:GOV_10A_MAIN(1.0),"Government revenue, expenditure and main aggregates",A,Annual,MIO_EUR,Million euro,S13,General government,P51G,Gross fixed capital formation,SK,Slovakia,2008,,2287.8,,,,,
dataflow,ESTAT:GOV_10A_MAIN(1.0),"Government revenue, expenditure and main aggregates",A,Annual,MIO_EUR,Million euro,S13,General government,P51G,Gross fixed capital formation,SK,Slovakia,2009,,2540.3,,,,,
dataflow,ESTAT:GOV_10A_MAIN(1.0),"Government revenue, expenditure and main aggregates",A,Annual,MIO_EUR,Million euro,S13,General government,P51G,Gross fixed capital formation,SK,Slovakia,2010,,2513.2,,,,,
dataflow,ESTAT:GOV_10A_MAIN(1.0),"Government revenue, expenditure and main aggregates",A,Annual,MIO_EUR,Million euro,S13,General government,P51G,Gross fixed capital formation,SK,Slovakia,2011,,2687.9,,,,,
dataflow,ESTAT:GOV_10A_MAIN(1.0),"Government revenue, expenditure and main aggregates",A,Annual,MIO_EUR,Million euro,S13,General government,P51G,Gross fixed capital formation,SK,Slovakia,2012,,2411.4,,,,,
dataflow,ESTAT:GOV_10A_MAIN(1.0),"Government revenue, expenditure and main aggregates",A,Annual,MIO_EUR,Million euro,S13,General government,P51G,Gross fixed capital formation,SK,Slovakia,2013,,2532.5,,,,,
dataflow,ESTAT:GOV_10A_MAIN(1.0),"Government revenue, expenditure and main aggregates",A,Annual,MIO_EUR,Million euro,S13,General government,P51G,Gross fixed capital formation,SK,Slovakia,2014,,3157.8,,,,,
dataflow,ESTAT:GOV_10A_MAIN(1.0),"Government revenue, expenditure and main aggregates",A,Annual,MIO_EUR,Million euro,S13,General government,P51G,Gross fixed capital formation,SK,Slovakia,2015,,5188.5,,,,,
dataflow,ESTAT:GOV_10A_MAIN(1.0),"Government revenue, expenditure and main aggregates",A,Annual,MIO_EUR,Million euro,S13,General government,P51G,Gross fixed capital formation,SK,Slovakia,2016,,2782.8,,,,,
dataflow,ESTAT:GOV_10A_MAIN(1.0),"Government revenue, expenditure and main aggregates",A,Annual,MIO_EUR,Million euro,S13,General government,P51G,Gross fixed capital formation,SK,Slovakia,2017,,2866.9,,,,,
dataflow,ESTAT:GOV_10A_MAIN(1.0),"Government revenue, expenditure and main aggregates",A,Annual,MIO_EUR,Million euro,S13,General government,P51G,Gross fixed capital formation,SK,Slovakia,2018,,3370.7,,,,,
dataflow,ESTAT:GOV_10A_MAIN(1.0),"Government revenue, expenditure and main aggregates",A,Annual,MIO_EUR,Million euro,S13,General government,P51G,Gross fixed capital formation,SK,Slovakia,2019,,3388.5,,,,,
dataflow,ESTAT:GOV_10A_MAIN(1.0),"Government revenue, expenditure and main aggregates",A,Annual,MIO_EUR,Million euro,S13,General government,P51G,Gross fixed capital formation,SK,Slovakia,2020,,3208.6,,,,,
dataflow,ESTAT:GOV_10A_MAIN(1.0),"Government revenue, expenditure and main aggregates",A,Annual,MIO_EUR,Million euro,S13,General government,P51G,Gross fixed capital formation,SK,Slovakia,2021,,3071.6,,,,,
dataflow,ESTAT:GOV_10A_MAIN(1.0),"Government revenue, expenditure and main aggregates",A,Annual,MIO_EUR,Million euro,S13,General government,P51G,Gross fixed capital formation,SK,Slovakia,2022,,3378.8,,,,,
dataflow,ESTAT:GOV_10A_MAIN(1.0),"Government revenue, expenditure and main aggregates",A,Annual,MIO_EUR,Million euro,S13,General government,P51G,Gross fixed capital formation,SK,Slovakia,2023,,4389.7,,,,,
dataflow,ESTAT:GOV_10A_MAIN(1.0),"Government revenue, expenditure and main aggregates",A,Annual,MIO_EUR,Million euro,S13,General government,P51G,Gross fixed capital formation,SK,Slovakia,2024,,4625.0,,,,,
dataflow,ESTAT:GOV_10A_MAIN(1.0),"Government revenue, expenditure and main aggregates",A,Annual,PC_GDP,Percentage of gross domestic product (GDP),S13,General government,P51C,Consumption of fixed capital,AT,Austria,1995,,3.1,,,,,
dataflow,ESTAT:GOV_10A_MAIN(1.0),"Government revenue, expenditure and main aggregates",A,Annual,PC_GDP,Percentage of gross domestic product (GDP),S13,General government,P51C,Consumption of fixed capital,AT,Austria,1996,,3.1,,,,,
dataflow,ESTAT:GOV_10A_MAIN(1.0),"Government revenue, expenditure and main aggregates",A,Annual,PC_GDP,Percentage of gross domestic product (GDP),S13,General government,P51C,Consumption of fixed capital,AT,Austria,1997,,2.6,,,,,
dataflow,ESTAT:GOV_10A_MAIN(1.0),"Government revenue, expenditure and main aggregates",A,Annual,PC_GDP,Percentage of gross domestic product (GDP),S13,General government,P51C,Consumption of fixed capital,AT,Austria,1998,,2.6,,,,,
dataflow,ESTAT:GOV_10A_MAIN(1.0),"Government revenue, expenditure and main aggregates",A,Annual,PC_GDP,Percentage of gross domestic product (GDP),S13,General government,P51C,Consumption of fixed capital,AT,Austria,1999,,2.6,,,,,
dataflow,ESTAT:GOV_10A_MAIN(1.0),"Government revenue, expenditure and main aggregates",A,Annual,PC_GDP,Percentage of gross domestic product (GDP),S13,General government,P51C,Consumption of fixed capital,AT,Austria,2000,,2.5,,,,,
dataflow,ESTAT:GOV_10A_MAIN(1.0),"Government revenue, expenditure and main aggregates",A,Annual,PC_GDP,Percentage of gross domestic product (GDP),S13,General government,P51C,Consumption of fixed capital,AT,Austria,2001,,2.5,,,,,
dataflow,ESTAT:GOV_10A_MAIN(1.0),"Government revenue, expenditure and main aggregates",A,Annual,PC_GDP,Percentage of gross domestic product (GDP),S13,General government,P51C,Consumption of fixed capital,AT,Austria,2002,,2.5,,,,,
dataflow,ESTAT:GOV_10A_MAIN(1.0),"Government revenue, expenditure and main aggregates",A,Annual,PC_GDP,Percentage of gross domestic product (GDP),S13,General government,P51C,Consumption of fixed capital,AT,Austria,2003,,2.5,,,,,
dataflow,ESTAT:GOV_10A_MAIN(1.0),"Government revenue, expenditure and main aggregates",A,Annual,PC_GDP,Percentage of gross domestic product (GDP),S13,General government,P51C,Consumption of fixed capital,AT,Austria,2004,,2.5,,,,,
dataflow,ESTAT:GOV_10A_MAIN(1.0),"Government revenue, expenditure and main aggregates",A,Annual,PC_GDP,Percentage of gross domestic product (GDP),S13,General government,P51C,Consumption of fixed capital,AT,Austria,2005,,2.8,,,,,
dataflow,ESTAT:GOV_10A_MAIN(1.0),"Government revenue, expenditure and main aggregates",A,Annual,PC_GDP,Percentage of gross domestic product (GDP),S13,General government,P51C,Consumption of fixed capital,AT,Austria,2006,,2.7,,,,,
dataflow,ESTAT:GOV_10A_MAIN(1.0),"Government revenue, expenditure and main aggregates",A,Annual,PC_GDP,Percentage of gross domestic product (GDP),S13,General government,P51C,Consumption of fixed capital,AT,Austria,2007,,2.7,,,,,
dataflow,ESTAT:GOV_10A_MAIN(1.0),"Government revenue, expenditure and main aggregates",A,Annual,PC_GDP,Percentage of gross domestic product (GDP),S13,General government,P51C,Consumption of fixed capital,AT,Austria,2008,,2.7,,,,,
dataflow,ESTAT:GOV_10A_MAIN(1.0),"Government revenue, expenditure and main aggregates",A,Annual,PC_GDP,Percentage of gross domestic product (GDP),S13,General government,P51C,Consumption of fixed capital,AT,Austria,2009,,2.9,,,,,
dataflow,ESTAT:GOV_10A_MAIN(1.0),"Government revenue, expenditure and main aggregates",A,Annual,PC_GDP,Percentage of gross domestic product (GDP),S13,General government,P51C,Consumption of fixed capital,AT,Austria,2010,,2.9,,,,,
dataflow,ESTAT:GOV_10A_MAIN(1.0),"Government revenue, expenditure and main aggregates",A,Annual,PC_GDP,Percentage of gross domestic product (GDP),S13,General government,P51C,Consumption of fixed capital,AT,Austria,2011,,2.9,,,,,
dataflow,ESTAT:GOV_10A_MAIN(1.0),"Government revenue, expenditure and main aggregates",A,Annual,PC_GDP,Percentage of gross domestic product (GDP),S13,General government,P51C,Consumption of fixed capital,AT,Austria,2012,,2.9,,,,,
dataflow,ESTAT:GOV_10A_MAIN(1.0),"Government revenue, expenditure and main aggregates",A,Annual,PC_GDP,Percentage of gross domestic product (GDP),S13,General government,P51C,Consumption of fixed capital,AT,Austria,2013,,2.9,,,,,
dataflow,ESTAT:GOV_10A_MAIN(1.0),"Government revenue, expenditure and main aggregates",A,Annual,PC_GDP,Percentage of gross domestic product (GDP),S13,General government,P51C,Consumption of fixed capital,AT,Austria,2014,,2.9,,,,,
dataflow,ESTAT:GOV_10A_MAIN(1.0),"Government revenue, expenditure and main aggregates",A,Annual,PC_GDP,Percentage of gross domestic product (GDP),S13,General government,P51C,Consumption of fixed capital,AT,Austria,2015,,2.9,,,,,
dataflow,ESTAT:GOV_10A_MAIN(1.0),"Government revenue, expenditure and main aggregates",A,Annual,PC_GDP,Percentage of gross domestic product (GDP),S13,General government,P51C,Consumption of fixed capital,AT,Austria,2016,,2.8,,,,,
dataflow,ESTAT:GOV_10A_MAIN(1.0),"Government revenue, expenditure and main aggregates",A,Annual,PC_GDP,Percentage of gross domestic product (GDP),S13,General government,P51C,Consumption of fixed capital,AT,Austria,2017,,2.8,,,,,
dataflow,ESTAT:GOV_10A_MAIN(1.0),"Government revenue, expenditure and main aggregates",A,Annual,PC_GDP,Percentage of gross domestic product (GDP),S13,General government,P51C,Consumption of fixed capital,AT,Austria,2018,,2.8,,,,,
dataflow,ESTAT:GOV_10A_MAIN(1.0),"Government revenue, expenditure and main aggregates",A,Annual,PC_GDP,Percentage of gross domestic product (GDP),S13,General government,P51C,Consumption of fixed capital,AT,Austria,2019,,2.8,,,,,
dataflow,ESTAT:GOV_10A_MAIN(1.0),"Government revenue, expenditure and main aggregates",A,Annual,PC_GDP,Percentage of gross domestic product (GDP),S13,General government,P51C,Consumption of fixed capital,AT,Austria,2020,,3.0,,,,,
dataflow,ESTAT:GOV_10A_MAIN(1.0),"Government revenue, expenditure and main aggregates",A,Annual,PC_GDP,Percentage of gross domestic product (GDP),S13,General government,P51C,Consumption of fixed capital,AT,Austria,2021,,2.9,,,,,
dataflow,ESTAT:GOV_10A_MAIN(1.0),"Government revenue, expenditure and main aggregates",A,Annual,PC_GDP,Percentage of gross domestic product (GDP),S13,General government,P51C,Consumption of fixed capital,AT,Austria,2022,,2.9,,,,,
dataflow,ESTAT:GOV_10A_MAIN(1.0),"Government revenue, expenditure and main aggregates",A,Annual,PC_GDP,Percentage of gross domestic product (GDP),S13,General government,P51C,Consumption of fixed capital,AT,Austria,2023,,2.9,,,,,
dataflow,ESTAT:GOV_10A_MAIN(1.0),"Government revenue, expenditure and main aggregates",A,Annual,PC_GDP,Percentage of gross domestic product (GDP),S13,General government,P51C,Consumption of fixed capital,AT,Austria,2024,,3.0,,,,,
dataflow,ESTAT:GOV_10A_MAIN(1.0),"Government revenue, expenditure and main aggregates",A,Annual,PC_GDP,Percentage of gross domestic product (GDP),S13,General government,P51C,Consumption of fixed capital,BE,Belgium,1995,,2.2,,,,,
dataflow,ESTAT:GOV_10A_MAIN(1.0),"Government revenue, expenditure and main aggregates",A,Annual,PC_GDP,Percentage of gross domestic product (GDP),S13,General government,P51C,Consumption of fixed capital,BE,Belgium,1996,,2.2,,,,,
dataflow,ESTAT:GOV_10A_MAIN(1.0),"Government revenue, expenditure and main aggregates",A,Annual,PC_GDP,Percentage of gross domestic product (GDP),S13,General government,P51C,Consumption of fixed capital,BE,Belgium,1997,,2.1,,,,,
dataflow,ESTAT:GOV_10A_MAIN(1.0),"Government revenue, expenditure and main aggregates",A,Annual,PC_GDP,Percentage of gross domestic product (GDP),S13,General government,P51C,Consumption of fixed capital,BE,Belgium,1998,,2.1,,,,,
dataflow,ESTAT:GOV_10A_MAIN(1.0),"Government revenue, expenditure and main aggregates",A,Annual,PC_GDP,Percentage of gross domestic product (GDP),S13,General government,P51C,Consumption of fixed capital,BE,Belgium,1999,,2.1,,,,,
dataflow,ESTAT:GOV_10A_MAIN(1.0),"Government revenue, expenditure and main aggregates",A,Annual,PC_GDP,Percentage of gross domestic product (GDP),S13,General government,P51C,Consumption of fixed capital,BE,Belgium,2000,,2.0,,,,,
dataflow,ESTAT:GOV_10A_MAIN(1.0),"Government revenue, expenditure and main aggregates",A,Annual,PC_GDP,Percentage of gross domestic product (GDP),S13,General government,P51C,Consumption of fixed capital,BE,Belgium,2001,,2.0,,,,,
dataflow,ESTAT:GOV_10A_MAIN(1.0),"Government revenue, expenditure and main aggregates",A,Annual,PC_GDP,Percentage of gross domestic product (GDP),S13,General government,P51C,Consumption of fixed capital,BE,Belgium,2002,,2.0,,,,,
dataflow,ESTAT:GOV_10A_MAIN(1.0),"Government revenue, expenditure and main aggregates",A,Annual,PC_GDP,Percentage of gross domestic product (GDP),S13,General government,P51C,Consumption of fixed capital,BE,Belgium,2003,,2.0,,,,,
dataflow,ESTAT:GOV_10A_MAIN(1.0),"Government revenue, expenditure and main aggregates",A,Annual,PC_GDP,Percentage of gross domestic product (GDP),S13,General government,P51C,Consumption of fixed capital,BE,Belgium,2004,,2.0,,,,,
dataflow,ESTAT:GOV_10A_MAIN(1.0),"Government revenue, expenditure and main aggregates",A,Annual,PC_GDP,Percentage of gross domestic product (GDP),S13,General government,P51C,Consumption of fixed capital,BE,Belgium,2005,,2.1,,,,,
dataflow,ESTAT:GOV_10A_MAIN(1.0),"Government revenue, expenditure and main aggregates",A,Annual,PC_GDP,Percentage of gross domestic product (GDP),S13,General government,P51C,Consumption of fixed capital,BE,Belgium,2006,,2.1,,,,,
dataflow,ESTAT:GOV_10A_MAIN(1.0),"Government revenue, expenditure and main aggregates",A,Annual,PC_GDP,Percentage of gross domestic product (GDP),S13,General government,P51C,Consumption of fixed capital,BE,Belgium,2007,,2.1,,,,,
dataflow,ESTAT:GOV_10A_MAIN(1.0),"Government revenue, expenditure and main aggregates",A,Annual,PC_GDP,Percentage of gross domestic product (GDP),S13,General government,P51C,Consumption of fixed capital,BE,Belgium,2008,,2.2,,,,,
dataflow,ESTAT:GOV_10A_MAIN(1.0),"Government revenue, expenditure and main aggregates",A,Annual,PC_GDP,Percentage of gross domestic product (GDP),S13,General government,P51C,Consumption of fixed capital,BE,Belgium,2009,,2.2,,b,break in time series,,
dataflow,ESTAT:GOV_10A_MAIN(1.0),"Government revenue, expenditure and main aggregates",A,Annual,PC_GDP,Percentage of gross domestic product (GDP),S13,General government,P51C,Consumption of fixed capital,BE,Belgium,2010,,2.2,,,,,
dataflow,ESTAT:GOV_10A_MAIN(1.0),"Government revenue, expenditure and main aggregates",A,Annual,PC_GDP,Percentage of gross domestic product (GDP),S13,General government,P51C,Consumption of fixed capital,BE,Belgium,2011,,2.2,,,,,
dataflow,ESTAT:GOV_10A_MAIN(1.0),"Government revenue, expenditure and main aggregates",A,Annual,PC_GDP,Percentage of gross domestic product (GDP),S13,General government,P51C,Consumption of fixed capital,BE,Belgium,2012,,2.2,,,,,
dataflow,ESTAT:GOV_10A_MAIN(1.0),"Government revenue, expenditure and main aggregates",A,Annual,PC_GDP,Percentage of gross domestic product (GDP),S13,General government,P51C,Consumption of fixed capital,BE,Belgium,2013,,2.2,,,,,
dataflow,ESTAT:GOV_10A_MAIN(1.0),"Government revenue, expenditure and main aggregates",A,Annual,PC_GDP,Percentage of gross domestic product (GDP),S13,General government,P51C,Consumption of fixed capital,BE,Belgium,2014,,2.3,,,,,
dataflow,ESTAT:GOV_10A_MAIN(1.0),"Government revenue, expenditure and main aggregates",A,Annual,PC_GDP,Percentage of gross domestic product (GDP),S13,General government,P51C,Consumption of fixed capital,BE,Belgium,2015,,2.3,,,,,
dataflow,ESTAT:GOV_10A_MAIN(1.0),"Government revenue, expenditure and main aggregates",A,Annual,PC_GDP,Percentage of gross domestic product (GDP),S13,General government,P51C,Consumption of fixed capital,BE,Belgium,2016,,2.3,,,,,
dataflow,ESTAT:GOV_10A_MAIN(1.0),"Government revenue, expenditure and main aggregates",A,Annual,PC_GDP,Percentage of gross domestic product (GDP),S13,General government,P51C,Consumption of fixed capital,BE,Belgium,2017,,2.3,,,,,
dataflow,ESTAT:GOV_10A_MAIN(1.0),"Government revenue, expenditure and main aggregates",A,Annual,PC_GDP,Percentage of gross domestic product (GDP),S13,General government,P51C,Consumption of fixed capital,BE,Belgium,2018,,2.3,,,,,
dataflow,ESTAT:GOV_10A_MAIN(1.0),"Government revenue, expenditure and main aggregates",A,Annual,PC_GDP,Percentage of gross domestic product (GDP),S13,General government,P51C,Consumption of fixed capital,BE,Belgium,2019,,2.3,,,,,
dataflow,ESTAT:GOV_10A_MAIN(1.0),"Government revenue, expenditure and main aggregates",A,Annual,PC_GDP,Percentage of gross domestic product (GDP),S13,General government,P51C,Consumption of fixed capital,BE,Belgium,2020,,2.4,,,,,
dataflow,ESTAT:GOV_10A_MAIN(1.0),"Government revenue, expenditure and main aggregates",A,Annual,PC_GDP,Percentage of gross domestic product (GDP),S13,General government,P51C,Consumption of fixed capital,BE,Belgium,2021,,2.3,,,,,
dataflow,ESTAT:GOV_10A_MAIN(1.0),"Government revenue, expenditure and main aggregates",A,Annual,PC_GDP,Percentage of gross domestic product (GDP),S13,General government,P51C,Consumption of fixed capital,BE,Belgium,2022,,2.4,,,,,
dataflow,ESTAT:GOV_10A_MAIN(1.0),"Government revenue, expenditure and main aggregates",A,Annual,PC_GDP,Percentage of gross domestic product (GDP),S13,General government,P51C,Consumption of fixed capital,BE,Belgium,2023,,2.4,,,,,
dataflow,ESTAT:GOV_10A_MAIN(1.0),"Government revenue, expenditure and main aggregates",A,Annual,PC_GDP,Percentage of gross domestic product (GDP),S13,General government,P51C,Consumption of fixed capital,BE,Belgium,2024,,2.4,,p,provisional,,
dataflow,ESTAT:GOV_10A_MAIN(1.0),"Government revenue, expenditure and main aggregates",A,Annual,PC_GDP,Percentage of gross domestic product (GDP),S13,General government,P51C,Consumption of fixed capital,BG,Bulgaria,1995,,3.4,,,,,
dataflow,ESTAT:GOV_10A_MAIN(1.0),"Government revenue, expenditure and main aggregates",A,Annual,PC_GDP,Percentage of gross domestic product (GDP),S13,General government,P51C,Consumption of fixed capital,BG,Bulgaria,1996,,2.9,,,,,
dataflow,ESTAT:GOV_10A_MAIN(1.0),"Government revenue, expenditure and main aggregates",A,Annual,PC_GDP,Percentage of gross domestic product (GDP),S13,General government,P51C,Consumption of fixed capital,BG,Bulgaria,1997,,0.7,,,,,
dataflow,ESTAT:GOV_10A_MAIN(1.0),"Government revenue, expenditure and main aggregates",A,Annual,PC_GDP,Percentage of gross domestic product (GDP),S13,General government,P51C,Consumption of fixed capital,BG,Bulgaria,1998,,4.7,,,,,
dataflow,ESTAT:GOV_10A_MAIN(1.0),"Government revenue, expenditure and main aggregates",A,Annual,PC_GDP,Percentage of gross domestic product (GDP),S13,General government,P51C,Consumption of fixed capital,BG,Bulgaria,1999,,5.3,,,,,
dataflow,ESTAT:GOV_10A_MAIN(1.0),"Government revenue, expenditure and main aggregates",A,Annual,PC_GDP,Percentage of gross domestic product (GDP),S13,General government,P51C,Consumption of fixed capital,BG,Bulgaria,2000,,4.1,,,,,
dataflow,ESTAT:GOV_10A_MAIN(1.0),"Government revenue, expenditure and main aggregates",A,Annual,PC_GDP,Percentage of gross domestic product (GDP),S13,General government,P51C,Consumption of fixed capital,BG,Bulgaria,2001,,3.7,,,,,
dataflow,ESTAT:GOV_10A_MAIN(1.0),"Government revenue, expenditure and main aggregates",A,Annual,PC_GDP,Percentage of gross domestic product (GDP),S13,General government,P51C,Consumption of fixed capital,BG,Bulgaria,2002,,3.5,,,,,
dataflow,ESTAT:GOV_10A_MAIN(1.0),"Government revenue, expenditure and main aggregates",A,Annual,PC_GDP,Percentage of gross domestic product (GDP),S13,General government,P51C,Consumption of fixed capital,BG,Bulgaria,2003,,3.2,,,,,
dataflow,ESTAT:GOV_10A_MAIN(1.0),"Government revenue, expenditure and main aggregates",A,Annual,PC_GDP,Percentage of gross domestic product (GDP),S13,General government,P51C,Consumption of fixed capital,BG,Bulgaria,2004,,2.8,,,,,
dataflow,ESTAT:GOV_10A_MAIN(1.0),"Government revenue, expenditure and main aggregates",A,Annual,PC_GDP,Percentage of gross domestic product (GDP),S13,General government,P51C,Consumption of fixed capital,BG,Bulgaria,2005,,2.6,,,,,
dataflow,ESTAT:GOV_10A_MAIN(1.0),"Government revenue, expenditure and main aggregates",A,Annual,PC_GDP,Percentage of gross domestic product (GDP),S13,General government,P51C,Consumption of fixed capital,BG,Bulgaria,2006,,2.6,,,,,
dataflow,ESTAT:GOV_10A_MAIN(1.0),"Government revenue, expenditure and main aggregates",A,Annual,PC_GDP,Percentage of gross domestic product (GDP),S13,General government,P51C,Consumption of fixed capital,BG,Bulgaria,2007,,2.6,,,,,
dataflow,ESTAT:GOV_10A_MAIN(1.0),"Government revenue, expenditure and main aggregates",A,Annual,PC_GDP,Percentage of gross domestic product (GDP),S13,General government,P51C,Consumption of fixed capital,BG,Bulgaria,2008,,2.6,,,,,
dataflow,ESTAT:GOV_10A_MAIN(1.0),"Government revenue, expenditure and main aggregates",A,Annual,PC_GDP,Percentage of gross domestic product (GDP),S13,General government,P51C,Consumption of fixed capital,BG,Bulgaria,2009,,2.9,,,,,
dataflow,ESTAT:GOV_10A_MAIN(1.0),"Government revenue, expenditure and main aggregates",A,Annual,PC_GDP,Percentage of gross domestic product (GDP),S13,General government,P51C,Consumption of fixed capital,BG,Bulgaria,2010,,3.0,,,,,
dataflow,ESTAT:GOV_10A_MAIN(1.0),"Government revenue, expenditure and main aggregates",A,Annual,PC_GDP,Percentage of gross domestic product (GDP),S13,General government,P51C,Consumption of fixed capital,BG,Bulgaria,2011,,2.9,,,,,
dataflow,ESTAT:GOV_10A_MAIN(1.0),"Government revenue, expenditure and main aggregates",A,Annual,PC_GDP,Percentage of gross domestic product (GDP),S13,General government,P51C,Consumption of fixed capital,BG,Bulgaria,2012,,2.8,,,,,
dataflow,ESTAT:GOV_10A_MAIN(1.0),"Government revenue, expenditure and main aggregates",A,Annual,PC_GDP,Percentage of gross domestic product (GDP),S13,General government,P51C,Consumption of fixed capital,BG,Bulgaria,2013,,2.8,,,,,
dataflow,ESTAT:GOV_10A_MAIN(1.0),"Government revenue, expenditure and main aggregates",A,Annual,PC_GDP,Percentage of gross domestic product (GDP),S13,General government,P51C,Consumption of fixed capital,BG,Bulgaria,2014,,2.7,,,,,
dataflow,ESTAT:GOV_10A_MAIN(1.0),"Government revenue, expenditure and main aggregates",A,Annual,PC_GDP,Percentage of gross domestic product (GDP),S13,General government,P51C,Consumption of fixed capital,BG,Bulgaria,2015,,2.8,,,,,
dataflow,ESTAT:GOV_10A_MAIN(1.0),"Government revenue, expenditure and main aggregates",A,Annual,PC_GDP,Percentage of gross domestic product (GDP),S13,General government,P51C,Consumption of fixed capital,BG,Bulgaria,2016,,2.7,,,,,
dataflow,ESTAT:GOV_10A_MAIN(1.0),"Government revenue, expenditure and main aggregates",A,Annual,PC_GDP,Percentage of gross domestic product (GDP),S13,General government,P51C,Consumption of fixed capital,BG,Bulgaria,2017,,2.8,,,,,
dataflow,ESTAT:GOV_10A_MAIN(1.0),"Government revenue, expenditure and main aggregates",A,Annual,PC_GDP,Percentage of gross domestic product (GDP),S13,General government,P51C,Consumption of fixed capital,BG,Bulgaria,2018,,2.7,,,,,
dataflow,ESTAT:GOV_10A_MAIN(1.0),"Government revenue, expenditure and main aggregates",A,Annual,PC_GDP,Percentage of gross domestic product (GDP),S13,General government,P51C,Consumption of fixed capital,BG,Bulgaria,2019,,2.6,,,,,
dataflow,ESTAT:GOV_10A_MAIN(1.0),"Government revenue, expenditure and main aggregates",A,Annual,PC_GDP,Percentage of gross domestic product (GDP),S13,General government,P51C,Consumption of fixed capital,BG,Bulgaria,2020,,2.7,,,,,
dataflow,ESTAT:GOV_10A_MAIN(1.0),"Government revenue, expenditure and main aggregates",A,Annual,PC_GDP,Percentage of gross domestic product (GDP),S13,General government,P51C,Consumption of fixed capital,BG,Bulgaria,2021,,2.5,,,,,
dataflow,ESTAT:GOV_10A_MAIN(1.0),"Government revenue, expenditure and main aggregates",A,Annual,PC_GDP,Percentage of gross domestic product (GDP),S13,General government,P51C,Consumption of fixed capital,BG,Bulgaria,2022,,2.6,,,,,
dataflow,ESTAT:GOV_10A_MAIN(1.0),"Government revenue, expenditure and main aggregates",A,Annual,PC_GDP,Percentage of gross domestic product (GDP),S13,General government,P51C,Consumption of fixed capital,BG,Bulgaria,2023,,2.5,,,,,
dataflow,ESTAT:GOV_10A_MAIN(1.0),"Government revenue, expenditure and main aggregates",A,Annual,PC_GDP,Percentage of gross domestic product (GDP),S13,General government,P51C,Consumption of fixed capital,BG,Bulgaria,2024,,2.5,,,,,
dataflow,ESTAT:GOV_10A_MAIN(1.0),"Government revenue, expenditure and main aggregates",A,Annual,PC_GDP,Percentage of gross domestic product (GDP),S13,General government,P51C,Consumption of fixed capital,CY,Cyprus,1995,,1.5,,,,,
dataflow,ESTAT:GOV_10A_MAIN(1.0),"Government revenue, expenditure and main aggregates",A,Annual,PC_GDP,Percentage of gross domestic product (GDP),S13,General government,P51C,Consumption of fixed capital,CY,Cyprus,1996,,1.5,,,,,
dataflow,ESTAT:GOV_10A_MAIN(1.0),"Government revenue, expenditure and main aggregates",A,Annual,PC_GDP,Percentage of gross domestic product (GDP),S13,General government,P51C,Consumption of fixed capital,CY,Cyprus,1997,,1.6,,,,,
dataflow,ESTAT:GOV_10A_MAIN(1.0),"Government revenue, expenditure and main aggregates",A,Annual,PC_GDP,Percentage of gross domestic product (GDP),S13,General government,P51C,Consumption of fixed capital,CY,Cyprus,1998,,1.5,,,,,
dataflow,ESTAT:GOV_10A_MAIN(1.0),"Government revenue, expenditure and main aggregates",A,Annual,PC_GDP,Percentage of gross domestic product (GDP),S13,General government,P51C,Consumption of fixed capital,CY,Cyprus,1999,,1.5,,,,,
dataflow,ESTAT:GOV_10A_MAIN(1.0),"Government revenue, expenditure and main aggregates",A,Annual,PC_GDP,Percentage of gross domestic product (GDP),S13,General government,P51C,Consumption of fixed capital,CY,Cyprus,2000,,1.4,,,,,
dataflow,ESTAT:GOV_10A_MAIN(1.0),"Government revenue, expenditure and main aggregates",A,Annual,PC_GDP,Percentage of gross domestic product (GDP),S13,General government,P51C,Consumption of fixed capital,CY,Cyprus,2001,,1.4,,,,,
dataflow,ESTAT:GOV_10A_MAIN(1.0),"Government revenue, expenditure and main aggregates",A,Annual,PC_GDP,Percentage of gross domestic product (GDP),S13,General government,P51C,Consumption of fixed capital,CY,Cyprus,2002,,1.5,,,,,
dataflow,ESTAT:GOV_10A_MAIN(1.0),"Government revenue, expenditure and main aggregates",A,Annual,PC_GDP,Percentage of gross domestic product (GDP),S13,General government,P51C,Consumption of fixed capital,CY,Cyprus,2003,,1.5,,,,,
dataflow,ESTAT:GOV_10A_MAIN(1.0),"Government revenue, expenditure and main aggregates",A,Annual,PC_GDP,Percentage of gross domestic product (GDP),S13,General government,P51C,Consumption of fixed capital,CY,Cyprus,2004,,1.8,,,,,
dataflow,ESTAT:GOV_10A_MAIN(1.0),"Government revenue, expenditure and main aggregates",A,Annual,PC_GDP,Percentage of gross domestic product (GDP),S13,General government,P51C,Consumption of fixed capital,CY,Cyprus,2005,,1.8,,,,,
dataflow,ESTAT:GOV_10A_MAIN(1.0),"Government revenue, expenditure and main aggregates",A,Annual,PC_GDP,Percentage of gross domestic product (GDP),S13,General government,P51C,Consumption of fixed capital,CY,Cyprus,2006,,1.8,,,,,
dataflow,ESTAT:GOV_10A_MAIN(1.0),"Government revenue, expenditure and main aggregates",A,Annual,PC_GDP,Percentage of gross domestic product (GDP),S13,General government,P51C,Consumption of fixed capital,CY,Cyprus,2007,,1.8,,,,,
dataflow,ESTAT:GOV_10A_MAIN(1.0),"Government revenue, expenditure and main aggregates",A,Annual,PC_GDP,Percentage of gross domestic product (GDP),S13,General government,P51C,Consumption of fixed capital,CY,Cyprus,2008,,2.0,,,,,
dataflow,ESTAT:GOV_10A_MAIN(1.0),"Government revenue, expenditure and main aggregates",A,Annual,PC_GDP,Percentage of gross domestic product (GDP),S13,General government,P51C,Consumption of fixed capital,CY,Cyprus,2009,,1.7,,,,,
dataflow,ESTAT:GOV_10A_MAIN(1.0),"Government revenue, expenditure and main aggregates",A,Annual,PC_GDP,Percentage of gross domestic product (GDP),S13,General government,P51C,Consumption of fixed capital,CY,Cyprus,2010,,2.2,,,,,
dataflow,ESTAT:GOV_10A_MAIN(1.0),"Government revenue, expenditure and main aggregates",A,Annual,PC_GDP,Percentage of gross domestic product (GDP),S13,General government,P51C,Consumption of fixed capital,CY,Cyprus,2011,,2.5,,,,,
dataflow,ESTAT:GOV_10A_MAIN(1.0),"Government revenue, expenditure and main aggregates",A,Annual,PC_GDP,Percentage of gross domestic product (GDP),S13,General government,P51C,Consumption of fixed capital,CY,Cyprus,2012,,2.6,,,,,
dataflow,ESTAT:GOV_10A_MAIN(1.0),"Government revenue, expenditure and main aggregates",A,Annual,PC_GDP,Percentage of gross domestic product (GDP),S13,General government,P51C,Consumption of fixed capital,CY,Cyprus,2013,,2.6,,,,,
dataflow,ESTAT:GOV_10A_MAIN(1.0),"Government revenue, expenditure and main aggregates",A,Annual,PC_GDP,Percentage of gross domestic product (GDP),S13,General government,P51C,Consumption of fixed capital,CY,Cyprus,2014,,2.6,,,,,
dataflow,ESTAT:GOV_10A_MAIN(1.0),"Government revenue, expenditure and main aggregates",A,Annual,PC_GDP,Percentage of gross domestic product (GDP),S13,General government,P51C,Consumption of fixed capital,CY,Cyprus,2015,,2.6,,,,,
dataflow,ESTAT:GOV_10A_MAIN(1.0),"Government revenue, expenditure and main aggregates",A,Annual,PC_GDP,Percentage of gross domestic product (GDP),S13,General government,P51C,Consumption of fixed capital,CY,Cyprus,2016,,2.5,,,,,
dataflow,ESTAT:GOV_10A_MAIN(1.0),"Government revenue, expenditure and main aggregates",A,Annual,PC_GDP,Percentage of gross domestic product (GDP),S13,General government,P51C,Consumption of fixed capital,CY,Cyprus,2017,,2.4,,,,,
dataflow,ESTAT:GOV_10A_MAIN(1.0),"Government revenue, expenditure and main aggregates",A,Annual,PC_GDP,Percentage of gross domestic product (GDP),S13,General government,P51C,Consumption of fixed capital,CY,Cyprus,2018,,2.3,,,,,
dataflow,ESTAT:GOV_10A_MAIN(1.0),"Government revenue, expenditure and main aggregates",A,Annual,PC_GDP,Percentage of gross domestic product (GDP),S13,General government,P51C,Consumption of fixed capital,CY,Cyprus,2019,,2.2,,,,,
dataflow,ESTAT:GOV_10A_MAIN(1.0),"Government revenue, expenditure and main aggregates",A,Annual,PC_GDP,Percentage of gross domestic product (GDP),S13,General government,P51C,Consumption of fixed capital,CY,Cyprus,2020,,2.3,,,,,
dataflow,ESTAT:GOV_10A_MAIN(1.0),"Government revenue, expenditure and main aggregates",A,Annual,PC_GDP,Percentage of gross domestic product (GDP),S13,General government,P51C,Consumption of fixed capital,CY,Cyprus,2021,,2.0,,,,,
dataflow,ESTAT:GOV_10A_MAIN(1.0),"Government revenue, expenditure and main aggregates",A,Annual,PC_GDP,Percentage of gross domestic product (GDP),S13,General government,P51C,Consumption of fixed capital,CY,Cyprus,2022,,2.3,,,,,
dataflow,ESTAT:GOV_10A_MAIN(1.0),"Government revenue, expenditure and main aggregates",A,Annual,PC_GDP,Percentage of gross domestic product (GDP),S13,General government,P51C,Consumption of fixed capital,CY,Cyprus,2023,,2.3,,,,,
dataflow,ESTAT:GOV_10A_MAIN(1.0),"Government revenue, expenditure and main aggregates",A,Annual,PC_GDP,Percentage of gross domestic product (GDP),S13,General government,P51C,Consumption of fixed capital,CY,Cyprus,2024,,2.2,,,,,
dataflow,ESTAT:GOV_10A_MAIN(1.0),"Government revenue, expenditure and main aggregates",A,Annual,PC_GDP,Percentage of gross domestic product (GDP),S13,General government,P51C,Consumption of fixed capital,CZ,Czechia,1995,,5.6,,,,,
dataflow,ESTAT:GOV_10A_MAIN(1.0),"Government revenue, expenditure and main aggregates",A,Annual,PC_GDP,Percentage of gross domestic product (GDP),S13,General government,P51C,Consumption of fixed capital,CZ,Czechia,1996,,5.4,,,,,
dataflow,ESTAT:GOV_10A_MAIN(1.0),"Government revenue, expenditure and main aggregates",A,Annual,PC_GDP,Percentage of gross domestic product (GDP),S13,General government,P51C,Consumption of fixed capital,CZ,Czechia,1997,,5.5,,,,,
dataflow,ESTAT:GOV_10A_MAIN(1.0),"Government revenue, expenditure and main aggregates",A,Annual,PC_GDP,Percentage of gross domestic product (GDP),S13,General government,P51C,Consumption of fixed capital,CZ,Czechia,1998,,5.5,,,,,
dataflow,ESTAT:GOV_10A_MAIN(1.0),"Government revenue, expenditure and main aggregates",A,Annual,PC_GDP,Percentage of gross domestic product (GDP),S13,General government,P51C,Consumption of fixed capital,CZ,Czechia,1999,,5.4,,,,,
dataflow,ESTAT:GOV_10A_MAIN(1.0),"Government revenue, expenditure and main aggregates",A,Annual,PC_GDP,Percentage of gross domestic product (GDP),S13,General government,P51C,Consumption of fixed capital,CZ,Czechia,2000,,5.4,,,,,
dataflow,ESTAT:GOV_10A_MAIN(1.0),"Government revenue, expenditure and main aggregates",A,Annual,PC_GDP,Percentage of gross domestic product (GDP),S13,General government,P51C,Consumption of fixed capital,CZ,Czechia,2001,,5.2,,,,,
dataflow,ESTAT:GOV_10A_MAIN(1.0),"Government revenue, expenditure and main aggregates",A,Annual,PC_GDP,Percentage of gross domestic product (GDP),S13,General government,P51C,Consumption of fixed capital,CZ,Czechia,2002,,5.1,,,,,
dataflow,ESTAT:GOV_10A_MAIN(1.0),"Government revenue, expenditure and main aggregates",A,Annual,PC_GDP,Percentage of gross domestic product (GDP),S13,General government,P51C,Consumption of fixed capital,CZ,Czechia,2003,,5.2,,,,,
dataflow,ESTAT:GOV_10A_MAIN(1.0),"Government revenue, expenditure and main aggregates",A,Annual,PC_GDP,Percentage of gross domestic product (GDP),S13,General government,P51C,Consumption of fixed capital,CZ,Czechia,2004,,5.0,,,,,
dataflow,ESTAT:GOV_10A_MAIN(1.0),"Government revenue, expenditure and main aggregates",A,Annual,PC_GDP,Percentage of gross domestic product (GDP),S13,General government,P51C,Consumption of fixed capital,CZ,Czechia,2005,,4.8,,,,,
dataflow,ESTAT:GOV_10A_MAIN(1.0),"Government revenue, expenditure and main aggregates",A,Annual,PC_GDP,Percentage of gross domestic product (GDP),S13,General government,P51C,Consumption of fixed capital,CZ,Czechia,2006,,4.7,,,,,
dataflow,ESTAT:GOV_10A_MAIN(1.0),"Government revenue, expenditure and main aggregates",A,Annual,PC_GDP,Percentage of gross domestic product (GDP),S13,General government,P51C,Consumption of fixed capital,CZ,Czechia,2007,,4.6,,,,,
dataflow,ESTAT:GOV_10A_MAIN(1.0),"Government revenue, expenditure and main aggregates",A,Annual,PC_GDP,Percentage of gross domestic product (GDP),S13,General government,P51C,Consumption of fixed capital,CZ,Czechia,2008,,4.6,,,,,
dataflow,ESTAT:GOV_10A_MAIN(1.0),"Government revenue, expenditure and main aggregates",A,Annual,PC_GDP,Percentage of gross domestic product (GDP),S13,General government,P51C,Consumption of fixed capital,CZ,Czechia,2009,,4.8,,,,,
dataflow,ESTAT:GOV_10A_MAIN(1.0),"Government revenue, expenditure and main aggregates",A,Annual,PC_GDP,Percentage of gross domestic product (GDP),S13,General government,P51C,Consumption of fixed capital,CZ,Czechia,2010,,4.7,,,,,
dataflow,ESTAT:GOV_10A_MAIN(1.0),"Government revenue, expenditure and main aggregates",A,Annual,PC_GDP,Percentage of gross domestic product (GDP),S13,General government,P51C,Consumption of fixed capital,CZ,Czechia,2011,,4.7,,,,,
dataflow,ESTAT:GOV_10A_MAIN(1.0),"Government revenue, expenditure and main aggregates",A,Annual,PC_GDP,Percentage of gross domestic product (GDP),S13,General government,P51C,Consumption of fixed capital,CZ,Czechia,2012,,4.6,,,,,
dataflow,ESTAT:GOV_10A_MAIN(1.0),"Government revenue, expenditure and main aggregates",A,Annual,PC_GDP,Percentage of gross domestic product (GDP),S13,General government,P51C,Consumption of fixed capital,CZ,Czechia,2013,,4.6,,,,,
dataflow,ESTAT:GOV_10A_MAIN(1.0),"Government revenue, expenditure and main aggregates",A,Annual,PC_GDP,Percentage of gross domestic product (GDP),S13,General government,P51C,Consumption of fixed capital,CZ,Czechia,2014,,4.4,,,,,
dataflow,ESTAT:GOV_10A_MAIN(1.0),"Government revenue, expenditure and main aggregates",A,Annual,PC_GDP,Percentage of gross domestic product (GDP),S13,General government,P51C,Consumption of fixed capital,CZ,Czechia,2015,,4.3,,,,,
dataflow,ESTAT:GOV_10A_MAIN(1.0),"Government revenue, expenditure and main aggregates",A,Annual,PC_GDP,Percentage of gross domestic product (GDP),S13,General government,P51C,Consumption of fixed capital,CZ,Czechia,2016,,4.2,,,,,
dataflow,ESTAT:GOV_10A_MAIN(1.0),"Government revenue, expenditure and main aggregates",A,Annual,PC_GDP,Percentage of gross domestic product (GDP),S13,General government,P51C,Consumption of fixed capital,CZ,Czechia,2017,,4.0,,,,,
dataflow,ESTAT:GOV_10A_MAIN(1.0),"Government revenue, expenditure and main aggregates",A,Annual,PC_GDP,Percentage of gross domestic product (GDP),S13,General government,P51C,Consumption of fixed capital,CZ,Czechia,2018,,3.9,,,,,
dataflow,ESTAT:GOV_10A_MAIN(1.0),"Government revenue, expenditure and main aggregates",A,Annual,PC_GDP,Percentage of gross domestic product (GDP),S13,General government,P51C,Consumption of fixed capital,CZ,Czechia,2019,,3.8,,,,,
dataflow,ESTAT:GOV_10A_MAIN(1.0),"Government revenue, expenditure and main aggregates",A,Annual,PC_GDP,Percentage of gross domestic product (GDP),S13,General government,P51C,Consumption of fixed capital,CZ,Czechia,2020,,4.1,,,,,
dataflow,ESTAT:GOV_10A_MAIN(1.0),"Government revenue, expenditure and main aggregates",A,Annual,PC_GDP,Percentage of gross domestic product (GDP),S13,General government,P51C,Consumption of fixed capital,CZ,Czechia,2021,,4.0,,,,,
dataflow,ESTAT:GOV_10A_MAIN(1.0),"Government revenue, expenditure and main aggregates",A,Annual,PC_GDP,Percentage of gross domestic product (GDP),S13,General government,P51C,Consumption of fixed capital,CZ,Czechia,2022,,4.0,,,,,
dataflow,ESTAT:GOV_10A_MAIN(1.0),"Government revenue, expenditure and main aggregates",A,Annual,PC_GDP,Percentage of gross domestic product (GDP),S13,General government,P51C,Consumption of fixed capital,CZ,Czechia,2023,,4.0,,,,,
dataflow,ESTAT:GOV_10A_MAIN(1.0),"Government revenue, expenditure and main aggregates",A,Annual,PC_GDP,Percentage of gross domestic product (GDP),S13,General government,P51C,Consumption of fixed capital,CZ,Czechia,2024,,3.9,,,,,
dataflow,ESTAT:GOV_10A_MAIN(1.0),"Government revenue, expenditure and main aggregates",A,Annual,PC_GDP,Percentage of gross domestic product (GDP),S13,General government,P51C,Consumption of fixed capital,DE,Germany,1995,,2.4,,,,,
dataflow,ESTAT:GOV_10A_MAIN(1.0),"Government revenue, expenditure and main aggregates",A,Annual,PC_GDP,Percentage of gross domestic product (GDP),S13,General government,P51C,Consumption of fixed capital,DE,Germany,1996,,2.4,,,,,
dataflow,ESTAT:GOV_10A_MAIN(1.0),"Government revenue, expenditure and main aggregates",A,Annual,PC_GDP,Percentage of gross domestic product (GDP),S13,General government,P51C,Consumption of fixed capital,DE,Germany,1997,,2.4,,,,,
dataflow,ESTAT:GOV_10A_MAIN(1.0),"Government revenue, expenditure and main aggregates",A,Annual,PC_GDP,Percentage of gross domestic product (GDP),S13,General government,P51C,Consumption of fixed capital,DE,Germany,1998,,2.3,,,,,
dataflow,ESTAT:GOV_10A_MAIN(1.0),"Government revenue, expenditure and main aggregates",A,Annual,PC_GDP,Percentage of gross domestic product (GDP),S13,General government,P51C,Consumption of fixed capital,DE,Germany,1999,,2.4,,,,,
dataflow,ESTAT:GOV_10A_MAIN(1.0),"Government revenue, expenditure and main aggregates",A,Annual,PC_GDP,Percentage of gross domestic product (GDP),S13,General government,P51C,Consumption of fixed capital,DE,Germany,2000,,2.4,,,,,
dataflow,ESTAT:GOV_10A_MAIN(1.0),"Government revenue, expenditure and main aggregates",A,Annual,PC_GDP,Percentage of gross domestic product (GDP),S13,General government,P51C,Consumption of fixed capital,DE,Germany,2001,,2.4,,,,,
dataflow,ESTAT:GOV_10A_MAIN(1.0),"Government revenue, expenditure and main aggregates",A,Annual,PC_GDP,Percentage of gross domestic product (GDP),S13,General government,P51C,Consumption of fixed capital,DE,Germany,2002,,2.4,,,,,
dataflow,ESTAT:GOV_10A_MAIN(1.0),"Government revenue, expenditure and main aggregates",A,Annual,PC_GDP,Percentage of gross domestic product (GDP),S13,General government,P51C,Consumption of fixed capital,DE,Germany,2003,,2.4,,,,,
dataflow,ESTAT:GOV_10A_MAIN(1.0),"Government revenue, expenditure and main aggregates",A,Annual,PC_GDP,Percentage of gross domestic product (GDP),S13,General government,P51C,Consumption of fixed capital,DE,Germany,2004,,2.4,,,,,
dataflow,ESTAT:GOV_10A_MAIN(1.0),"Government revenue, expenditure and main aggregates",A,Annual,PC_GDP,Percentage of gross domestic product (GDP),S13,General government,P51C,Consumption of fixed capital,DE,Germany,2005,,2.3,,,,,
dataflow,ESTAT:GOV_10A_MAIN(1.0),"Government revenue, expenditure and main aggregates",A,Annual,PC_GDP,Percentage of gross domestic product (GDP),S13,General government,P51C,Consumption of fixed capital,DE,Germany,2006,,2.3,,,,,
dataflow,ESTAT:GOV_10A_MAIN(1.0),"Government revenue, expenditure and main aggregates",A,Annual,PC_GDP,Percentage of gross domestic product (GDP),S13,General government,P51C,Consumption of fixed capital,DE,Germany,2007,,2.3,,,,,
dataflow,ESTAT:GOV_10A_MAIN(1.0),"Government revenue, expenditure and main aggregates",A,Annual,PC_GDP,Percentage of gross domestic product (GDP),S13,General government,P51C,Consumption of fixed capital,DE,Germany,2008,,2.3,,,,,
dataflow,ESTAT:GOV_10A_MAIN(1.0),"Government revenue, expenditure and main aggregates",A,Annual,PC_GDP,Percentage of gross domestic product (GDP),S13,General government,P51C,Consumption of fixed capital,DE,Germany,2009,,2.5,,,,,
dataflow,ESTAT:GOV_10A_MAIN(1.0),"Government revenue, expenditure and main aggregates",A,Annual,PC_GDP,Percentage of gross domestic product (GDP),S13,General government,P51C,Consumption of fixed capital,DE,Germany,2010,,2.4,,,,,
dataflow,ESTAT:GOV_10A_MAIN(1.0),"Government revenue, expenditure and main aggregates",A,Annual,PC_GDP,Percentage of gross domestic product (GDP),S13,General government,P51C,Consumption of fixed capital,DE,Germany,2011,,2.4,,,,,
dataflow,ESTAT:GOV_10A_MAIN(1.0),"Government revenue, expenditure and main aggregates",A,Annual,PC_GDP,Percentage of gross domestic product (GDP),S13,General government,P51C,Consumption of fixed capital,DE,Germany,2012,,2.4,,,,,
dataflow,ESTAT:GOV_10A_MAIN(1.0),"Government revenue, expenditure and main aggregates",A,Annual,PC_GDP,Percentage of gross domestic product (GDP),S13,General government,P51C,Consumption of fixed capital,DE,Germany,2013,,2.4,,,,,
dataflow,ESTAT:GOV_10A_MAIN(1.0),"Government revenue, expenditure and main aggregates",A,Annual,PC_GDP,Percentage of gross domestic product (GDP),S13,General government,P51C,Consumption of fixed capital,DE,Germany,2014,,2.4,,,,,
dataflow,ESTAT:GOV_10A_MAIN(1.0),"Government revenue, expenditure and main aggregates",A,Annual,PC_GDP,Percentage of gross domestic product (GDP),S13,General government,P51C,Consumption of fixed capital,DE,Germany,2015,,2.4,,,,,
dataflow,ESTAT:GOV_10A_MAIN(1.0),"Government revenue, expenditure and main aggregates",A,Annual,PC_GDP,Percentage of gross domestic product (GDP),S13,General government,P51C,Consumption of fixed capital,DE,Germany,2016,,2.4,,,,,
dataflow,ESTAT:GOV_10A_MAIN(1.0),"Government revenue, expenditure and main aggregates",A,Annual,PC_GDP,Percentage of gross domestic product (GDP),S13,General government,P51C,Consumption of fixed capital,DE,Germany,2017,,2.3,,,,,
dataflow,ESTAT:GOV_10A_MAIN(1.0),"Government revenue, expenditure and main aggregates",A,Annual,PC_GDP,Percentage of gross domestic product (GDP),S13,General government,P51C,Consumption of fixed capital,DE,Germany,2018,,2.4,,,,,
dataflow,ESTAT:GOV_10A_MAIN(1.0),"Government revenue, expenditure and main aggregates",A,Annual,PC_GDP,Percentage of gross domestic product (GDP),S13,General government,P51C,Consumption of fixed capital,DE,Germany,2019,,2.4,,,,,
dataflow,ESTAT:GOV_10A_MAIN(1.0),"Government revenue, expenditure and main aggregates",A,Annual,PC_GDP,Percentage of gross domestic product (GDP),S13,General government,P51C,Consumption of fixed capital,DE,Germany,2020,,2.6,,,,,
dataflow,ESTAT:GOV_10A_MAIN(1.0),"Government revenue, expenditure and main aggregates",A,Annual,PC_GDP,Percentage of gross domestic product (GDP),S13,General government,P51C,Consumption of fixed capital,DE,Germany,2021,,2.6,,,,,
dataflow,ESTAT:GOV_10A_MAIN(1.0),"Government revenue, expenditure and main aggregates",A,Annual,PC_GDP,Percentage of gross domestic product (GDP),S13,General government,P51C,Consumption of fixed capital,DE,Germany,2022,,2.7,,,,,
dataflow,ESTAT:GOV_10A_MAIN(1.0),"Government revenue, expenditure and main aggregates",A,Annual,PC_GDP,Percentage of gross domestic product (GDP),S13,General government,P51C,Consumption of fixed capital,DE,Germany,2023,,2.7,,,,,
dataflow,ESTAT:GOV_10A_MAIN(1.0),"Government revenue, expenditure and main aggregates",A,Annual,PC_GDP,Percentage of gross domestic product (GDP),S13,General government,P51C,Consumption of fixed capital,DE,Germany,2024,,2.8,,,,,
dataflow,ESTAT:GOV_10A_MAIN(1.0),"Government revenue, expenditure and main aggregates",A,Annual,PC_GDP,Percentage of gross domestic product (GDP),S13,General government,P51C,Consumption of fixed capital,DK,Denmark,1995,,2.9,,,,,
dataflow,ESTAT:GOV_10A_MAIN(1.0),"Government revenue, expenditure and main aggregates",A,Annual,PC_GDP,Percentage of gross domestic product (GDP),S13,General government,P51C,Consumption of fixed capital,DK,Denmark,1996,,2.9,,,,,
dataflow,ESTAT:GOV_10A_MAIN(1.0),"Government revenue, expenditure and main aggregates",A,Annual,PC_GDP,Percentage of gross domestic product (GDP),S13,General government,P51C,Consumption of fixed capital,DK,Denmark,1997,,3.0,,,,,
dataflow,ESTAT:GOV_10A_MAIN(1.0),"Government revenue, expenditure and main aggregates",A,Annual,PC_GDP,Percentage of gross domestic product (GDP),S13,General government,P51C,Consumption of fixed capital,DK,Denmark,1998,,3.0,,,,,
dataflow,ESTAT:GOV_10A_MAIN(1.0),"Government revenue, expenditure and main aggregates",A,Annual,PC_GDP,Percentage of gross domestic product (GDP),S13,General government,P51C,Consumption of fixed capital,DK,Denmark,1999,,3.0,,,,,
dataflow,ESTAT:GOV_10A_MAIN(1.0),"Government revenue, expenditure and main aggregates",A,Annual,PC_GDP,Percentage of gross domestic product (GDP),S13,General government,P51C,Consumption of fixed capital,DK,Denmark,2000,,2.9,,,,,
dataflow,ESTAT:GOV_10A_MAIN(1.0),"Government revenue, expenditure and main aggregates",A,Annual,PC_GDP,Percentage of gross domestic product (GDP),S13,General government,P51C,Consumption of fixed capital,DK,Denmark,2001,,3.0,,,,,
dataflow,ESTAT:GOV_10A_MAIN(1.0),"Government revenue, expenditure and main aggregates",A,Annual,PC_GDP,Percentage of gross domestic product (GDP),S13,General government,P51C,Consumption of fixed capital,DK,Denmark,2002,,3.0,,,,,
dataflow,ESTAT:GOV_10A_MAIN(1.0),"Government revenue, expenditure and main aggregates",A,Annual,PC_GDP,Percentage of gross domestic product (GDP),S13,General government,P51C,Consumption of fixed capital,DK,Denmark,2003,,2.9,,,,,
dataflow,ESTAT:GOV_10A_MAIN(1.0),"Government revenue, expenditure and main aggregates",A,Annual,PC_GDP,Percentage of gross domestic product (GDP),S13,General government,P51C,Consumption of fixed capital,DK,Denmark,2004,,3.0,,,,,
dataflow,ESTAT:GOV_10A_MAIN(1.0),"Government revenue, expenditure and main aggregates",A,Annual,PC_GDP,Percentage of gross domestic product (GDP),S13,General government,P51C,Consumption of fixed capital,DK,Denmark,2005,,2.9,,,,,
dataflow,ESTAT:GOV_10A_MAIN(1.0),"Government revenue, expenditure and main aggregates",A,Annual,PC_GDP,Percentage of gross domestic product (GDP),S13,General government,P51C,Consumption of fixed capital,DK,Denmark,2006,,2.8,,,,,
dataflow,ESTAT:GOV_10A_MAIN(1.0),"Government revenue, expenditure and main aggregates",A,Annual,PC_GDP,Percentage of gross domestic product (GDP),S13,General government,P51C,Consumption of fixed capital,DK,Denmark,2007,,2.9,,,,,
dataflow,ESTAT:GOV_10A_MAIN(1.0),"Government revenue, expenditure and main aggregates",A,Annual,PC_GDP,Percentage of gross domestic product (GDP),S13,General government,P51C,Consumption of fixed capital,DK,Denmark,2008,,3.0,,,,,
dataflow,ESTAT:GOV_10A_MAIN(1.0),"Government revenue, expenditure and main aggregates",A,Annual,PC_GDP,Percentage of gross domestic product (GDP),S13,General government,P51C,Consumption of fixed capital,DK,Denmark,2009,,3.0,,,,,
dataflow,ESTAT:GOV_10A_MAIN(1.0),"Government revenue, expenditure and main aggregates",A,Annual,PC_GDP,Percentage of gross domestic product (GDP),S13,General government,P51C,Consumption of fixed capital,DK,Denmark,2010,,3.0,,,,,
dataflow,ESTAT:GOV_10A_MAIN(1.0),"Government revenue, expenditure and main aggregates",A,Annual,PC_GDP,Percentage of gross domestic product (GDP),S13,General government,P51C,Consumption of fixed capital,DK,Denmark,2011,,3.0,,,,,
dataflow,ESTAT:GOV_10A_MAIN(1.0),"Government revenue, expenditure and main aggregates",A,Annual,PC_GDP,Percentage of gross domestic product (GDP),S13,General government,P51C,Consumption of fixed capital,DK,Denmark,2012,,3.0,,,,,
dataflow,ESTAT:GOV_10A_MAIN(1.0),"Government revenue, expenditure and main aggregates",A,Annual,PC_GDP,Percentage of gross domestic product (GDP),S13,General government,P51C,Consumption of fixed capital,DK,Denmark,2013,,2.9,,,,,
dataflow,ESTAT:GOV_10A_MAIN(1.0),"Government revenue, expenditure and main aggregates",A,Annual,PC_GDP,Percentage of gross domestic product (GDP),S13,General government,P51C,Consumption of fixed capital,DK,Denmark,2014,,2.9,,,,,
dataflow,ESTAT:GOV_10A_MAIN(1.0),"Government revenue, expenditure and main aggregates",A,Annual,PC_GDP,Percentage of gross domestic product (GDP),S13,General government,P51C,Consumption of fixed capital,DK,Denmark,2015,,2.8,,,,,
dataflow,ESTAT:GOV_10A_MAIN(1.0),"Government revenue, expenditure and main aggregates",A,Annual,PC_GDP,Percentage of gross domestic product (GDP),S13,General government,P51C,Consumption of fixed capital,DK,Denmark,2016,,2.8,,,,,
dataflow,ESTAT:GOV_10A_MAIN(1.0),"Government revenue, expenditure and main aggregates",A,Annual,PC_GDP,Percentage of gross domestic product (GDP),S13,General government,P51C,Consumption of fixed capital,DK,Denmark,2017,,2.7,,,,,
dataflow,ESTAT:GOV_10A_MAIN(1.0),"Government revenue, expenditure and main aggregates",A,Annual,PC_GDP,Percentage of gross domestic product (GDP),S13,General government,P51C,Consumption of fixed capital,DK,Denmark,2018,,2.7,,,,,
dataflow,ESTAT:GOV_10A_MAIN(1.0),"Government revenue, expenditure and main aggregates",A,Annual,PC_GDP,Percentage of gross domestic product (GDP),S13,General government,P51C,Consumption of fixed capital,DK,Denmark,2019,,2.6,,,,,
dataflow,ESTAT:GOV_10A_MAIN(1.0),"Government revenue, expenditure and main aggregates",A,Annual,PC_GDP,Percentage of gross domestic product (GDP),S13,General government,P51C,Consumption of fixed capital,DK,Denmark,2020,,2.7,,,,,
dataflow,ESTAT:GOV_10A_MAIN(1.0),"Government revenue, expenditure and main aggregates",A,Annual,PC_GDP,Percentage of gross domestic product (GDP),S13,General government,P51C,Consumption of fixed capital,DK,Denmark,2021,,2.5,,,,,
dataflow,ESTAT:GOV_10A_MAIN(1.0),"Government revenue, expenditure and main aggregates",A,Annual,PC_GDP,Percentage of gross domestic product (GDP),S13,General government,P51C,Consumption of fixed capital,DK,Denmark,2022,,2.3,,,,,
dataflow,ESTAT:GOV_10A_MAIN(1.0),"Government revenue, expenditure and main aggregates",A,Annual,PC_GDP,Percentage of gross domestic product (GDP),S13,General government,P51C,Consumption of fixed capital,DK,Denmark,2023,,2.4,,,,,
dataflow,ESTAT:GOV_10A_MAIN(1.0),"Government revenue, expenditure and main aggregates",A,Annual,PC_GDP,Percentage of gross domestic product (GDP),S13,General government,P51C,Consumption of fixed capital,DK,Denmark,2024,,2.3,,,,,
dataflow,ESTAT:GOV_10A_MAIN(1.0),"Government revenue, expenditure and main aggregates",A,Annual,PC_GDP,Percentage of gross domestic product (GDP),S13,General government,P51C,Consumption of fixed capital,EE,Estonia,1995,,4.9,,,,,
dataflow,ESTAT:GOV_10A_MAIN(1.0),"Government revenue, expenditure and main aggregates",A,Annual,PC_GDP,Percentage of gross domestic product (GDP),S13,General government,P51C,Consumption of fixed capital,EE,Estonia,1996,,3.9,,,,,
dataflow,ESTAT:GOV_10A_MAIN(1.0),"Government revenue, expenditure and main aggregates",A,Annual,PC_GDP,Percentage of gross domestic product (GDP),S13,General government,P51C,Consumption of fixed capital,EE,Estonia,1997,,3.0,,,,,
dataflow,ESTAT:GOV_10A_MAIN(1.0),"Government revenue, expenditure and main aggregates",A,Annual,PC_GDP,Percentage of gross domestic product (GDP),S13,General government,P51C,Consumption of fixed capital,EE,Estonia,1998,,2.7,,,,,
dataflow,ESTAT:GOV_10A_MAIN(1.0),"Government revenue, expenditure and main aggregates",A,Annual,PC_GDP,Percentage of gross domestic product (GDP),S13,General government,P51C,Consumption of fixed capital,EE,Estonia,1999,,2.6,,,,,
dataflow,ESTAT:GOV_10A_MAIN(1.0),"Government revenue, expenditure and main aggregates",A,Annual,PC_GDP,Percentage of gross domestic product (GDP),S13,General government,P51C,Consumption of fixed capital,EE,Estonia,2000,,2.4,,,,,
dataflow,ESTAT:GOV_10A_MAIN(1.0),"Government revenue, expenditure and main aggregates",A,Annual,PC_GDP,Percentage of gross domestic product (GDP),S13,General government,P51C,Consumption of fixed capital,EE,Estonia,2001,,2.4,,,,,
dataflow,ESTAT:GOV_10A_MAIN(1.0),"Government revenue, expenditure and main aggregates",A,Annual,PC_GDP,Percentage of gross domestic product (GDP),S13,General government,P51C,Consumption of fixed capital,EE,Estonia,2002,,2.3,,,,,
dataflow,ESTAT:GOV_10A_MAIN(1.0),"Government revenue, expenditure and main aggregates",A,Annual,PC_GDP,Percentage of gross domestic product (GDP),S13,General government,P51C,Consumption of fixed capital,EE,Estonia,2003,,2.2,,,,,
dataflow,ESTAT:GOV_10A_MAIN(1.0),"Government revenue, expenditure and main aggregates",A,Annual,PC_GDP,Percentage of gross domestic product (GDP),S13,General government,P51C,Consumption of fixed capital,EE,Estonia,2004,,2.2,,,,,
dataflow,ESTAT:GOV_10A_MAIN(1.0),"Government revenue, expenditure and main aggregates",A,Annual,PC_GDP,Percentage of gross domestic product (GDP),S13,General government,P51C,Consumption of fixed capital,EE,Estonia,2005,,2.2,,,,,
dataflow,ESTAT:GOV_10A_MAIN(1.0),"Government revenue, expenditure and main aggregates",A,Annual,PC_GDP,Percentage of gross domestic product (GDP),S13,General government,P51C,Consumption of fixed capital,EE,Estonia,2006,,2.1,,,,,
dataflow,ESTAT:GOV_10A_MAIN(1.0),"Government revenue, expenditure and main aggregates",A,Annual,PC_GDP,Percentage of gross domestic product (GDP),S13,General government,P51C,Consumption of fixed capital,EE,Estonia,2007,,2.1,,,,,
dataflow,ESTAT:GOV_10A_MAIN(1.0),"Government revenue, expenditure and main aggregates",A,Annual,PC_GDP,Percentage of gross domestic product (GDP),S13,General government,P51C,Consumption of fixed capital,EE,Estonia,2008,,2.4,,,,,
dataflow,ESTAT:GOV_10A_MAIN(1.0),"Government revenue, expenditure and main aggregates",A,Annual,PC_GDP,Percentage of gross domestic product (GDP),S13,General government,P51C,Consumption of fixed capital,EE,Estonia,2009,,3.0,,,,,
dataflow,ESTAT:GOV_10A_MAIN(1.0),"Government revenue, expenditure and main aggregates",A,Annual,PC_GDP,Percentage of gross domestic product (GDP),S13,General government,P51C,Consumption of fixed capital,EE,Estonia,2010,,3.0,,,,,
dataflow,ESTAT:GOV_10A_MAIN(1.0),"Government revenue, expenditure and main aggregates",A,Annual,PC_GDP,Percentage of gross domestic product (GDP),S13,General government,P51C,Consumption of fixed capital,EE,Estonia,2011,,3.0,,,,,
dataflow,ESTAT:GOV_10A_MAIN(1.0),"Government revenue, expenditure and main aggregates",A,Annual,PC_GDP,Percentage of gross domestic product (GDP),S13,General government,P51C,Consumption of fixed capital,EE,Estonia,2012,,2.9,,,,,
dataflow,ESTAT:GOV_10A_MAIN(1.0),"Government revenue, expenditure and main aggregates",A,Annual,PC_GDP,Percentage of gross domestic product (GDP),S13,General government,P51C,Consumption of fixed capital,EE,Estonia,2013,,3.1,,,,,
dataflow,ESTAT:GOV_10A_MAIN(1.0),"Government revenue, expenditure and main aggregates",A,Annual,PC_GDP,Percentage of gross domestic product (GDP),S13,General government,P51C,Consumption of fixed capital,EE,Estonia,2014,,3.0,,,,,
dataflow,ESTAT:GOV_10A_MAIN(1.0),"Government revenue, expenditure and main aggregates",A,Annual,PC_GDP,Percentage of gross domestic product (GDP),S13,General government,P51C,Consumption of fixed capital,EE,Estonia,2015,,3.2,,,,,
dataflow,ESTAT:GOV_10A_MAIN(1.0),"Government revenue, expenditure and main aggregates",A,Annual,PC_GDP,Percentage of gross domestic product (GDP),S13,General government,P51C,Consumption of fixed capital,EE,Estonia,2016,,3.1,,,,,
dataflow,ESTAT:GOV_10A_MAIN(1.0),"Government revenue, expenditure and main aggregates",A,Annual,PC_GDP,Percentage of gross domestic product (GDP),S13,General government,P51C,Consumption of fixed capital,EE,Estonia,2017,,3.0,,,,,
dataflow,ESTAT:GOV_10A_MAIN(1.0),"Government revenue, expenditure and main aggregates",A,Annual,PC_GDP,Percentage of gross domestic product (GDP),S13,General government,P51C,Consumption of fixed capital,EE,Estonia,2018,,3.0,,,,,
dataflow,ESTAT:GOV_10A_MAIN(1.0),"Government revenue, expenditure and main aggregates",A,Annual,PC_GDP,Percentage of gross domestic product (GDP),S13,General government,P51C,Consumption of fixed capital,EE,Estonia,2019,,3.1,,,,,
dataflow,ESTAT:GOV_10A_MAIN(1.0),"Government revenue, expenditure and main aggregates",A,Annual,PC_GDP,Percentage of gross domestic product (GDP),S13,General government,P51C,Consumption of fixed capital,EE,Estonia,2020,,3.2,,,,,
dataflow,ESTAT:GOV_10A_MAIN(1.0),"Government revenue, expenditure and main aggregates",A,Annual,PC_GDP,Percentage of gross domestic product (GDP),S13,General government,P51C,Consumption of fixed capital,EE,Estonia,2021,,3.1,,,,,
dataflow,ESTAT:GOV_10A_MAIN(1.0),"Government revenue, expenditure and main aggregates",A,Annual,PC_GDP,Percentage of gross domestic product (GDP),S13,General government,P51C,Consumption of fixed capital,EE,Estonia,2022,,3.1,,,,,
dataflow,ESTAT:GOV_10A_MAIN(1.0),"Government revenue, expenditure and main aggregates",A,Annual,PC_GDP,Percentage of gross domestic product (GDP),S13,General government,P51C,Consumption of fixed capital,EE,Estonia,2023,,3.2,,,,,
dataflow,ESTAT:GOV_10A_MAIN(1.0),"Government revenue, expenditure and main aggregates",A,Annual,PC_GDP,Percentage of gross domestic product (GDP),S13,General government,P51C,Consumption of fixed capital,EE,Estonia,2024,,3.4,,,,,
dataflow,ESTAT:GOV_10A_MAIN(1.0),"Government revenue, expenditure and main aggregates",A,Annual,PC_GDP,Percentage of gross domestic product (GDP),S13,General government,P51C,Consumption of fixed capital,EL,Greece,1995,,2.8,,,,,
dataflow,ESTAT:GOV_10A_MAIN(1.0),"Government revenue, expenditure and main aggregates",A,Annual,PC_GDP,Percentage of gross domestic product (GDP),S13,General government,P51C,Consumption of fixed capital,EL,Greece,1996,,2.8,,,,,
dataflow,ESTAT:GOV_10A_MAIN(1.0),"Government revenue, expenditure and main aggregates",A,Annual,PC_GDP,Percentage of gross domestic product (GDP),S13,General government,P51C,Consumption of fixed capital,EL,Greece,1997,,2.8,,,,,
dataflow,ESTAT:GOV_10A_MAIN(1.0),"Government revenue, expenditure and main aggregates",A,Annual,PC_GDP,Percentage of gross domestic product (GDP),S13,General government,P51C,Consumption of fixed capital,EL,Greece,1998,,2.8,,,,,
dataflow,ESTAT:GOV_10A_MAIN(1.0),"Government revenue, expenditure and main aggregates",A,Annual,PC_GDP,Percentage of gross domestic product (GDP),S13,General government,P51C,Consumption of fixed capital,EL,Greece,1999,,2.9,,,,,
dataflow,ESTAT:GOV_10A_MAIN(1.0),"Government revenue, expenditure and main aggregates",A,Annual,PC_GDP,Percentage of gross domestic product (GDP),S13,General government,P51C,Consumption of fixed capital,EL,Greece,2000,,3.0,,,,,
dataflow,ESTAT:GOV_10A_MAIN(1.0),"Government revenue, expenditure and main aggregates",A,Annual,PC_GDP,Percentage of gross domestic product (GDP),S13,General government,P51C,Consumption of fixed capital,EL,Greece,2001,,3.0,,,,,
dataflow,ESTAT:GOV_10A_MAIN(1.0),"Government revenue, expenditure and main aggregates",A,Annual,PC_GDP,Percentage of gross domestic product (GDP),S13,General government,P51C,Consumption of fixed capital,EL,Greece,2002,,3.0,,,,,
dataflow,ESTAT:GOV_10A_MAIN(1.0),"Government revenue, expenditure and main aggregates",A,Annual,PC_GDP,Percentage of gross domestic product (GDP),S13,General government,P51C,Consumption of fixed capital,EL,Greece,2003,,3.0,,,,,
dataflow,ESTAT:GOV_10A_MAIN(1.0),"Government revenue, expenditure and main aggregates",A,Annual,PC_GDP,Percentage of gross domestic product (GDP),S13,General government,P51C,Consumption of fixed capital,EL,Greece,2004,,3.0,,,,,
dataflow,ESTAT:GOV_10A_MAIN(1.0),"Government revenue, expenditure and main aggregates",A,Annual,PC_GDP,Percentage of gross domestic product (GDP),S13,General government,P51C,Consumption of fixed capital,EL,Greece,2005,,3.0,,,,,
dataflow,ESTAT:GOV_10A_MAIN(1.0),"Government revenue, expenditure and main aggregates",A,Annual,PC_GDP,Percentage of gross domestic product (GDP),S13,General government,P51C,Consumption of fixed capital,EL,Greece,2006,,3.0,,,,,
dataflow,ESTAT:GOV_10A_MAIN(1.0),"Government revenue, expenditure and main aggregates",A,Annual,PC_GDP,Percentage of gross domestic product (GDP),S13,General government,P51C,Consumption of fixed capital,EL,Greece,2007,,3.0,,,,,
dataflow,ESTAT:GOV_10A_MAIN(1.0),"Government revenue, expenditure and main aggregates",A,Annual,PC_GDP,Percentage of gross domestic product (GDP),S13,General government,P51C,Consumption of fixed capital,EL,Greece,2008,,3.1,,,,,
dataflow,ESTAT:GOV_10A_MAIN(1.0),"Government revenue, expenditure and main aggregates",A,Annual,PC_GDP,Percentage of gross domestic product (GDP),S13,General government,P51C,Consumption of fixed capital,EL,Greece,2009,,3.3,,,,,
dataflow,ESTAT:GOV_10A_MAIN(1.0),"Government revenue, expenditure and main aggregates",A,Annual,PC_GDP,Percentage of gross domestic product (GDP),S13,General government,P51C,Consumption of fixed capital,EL,Greece,2010,,3.6,,,,,
dataflow,ESTAT:GOV_10A_MAIN(1.0),"Government revenue, expenditure and main aggregates",A,Annual,PC_GDP,Percentage of gross domestic product (GDP),S13,General government,P51C,Consumption of fixed capital,EL,Greece,2011,,3.9,,,,,
dataflow,ESTAT:GOV_10A_MAIN(1.0),"Government revenue, expenditure and main aggregates",A,Annual,PC_GDP,Percentage of gross domestic product (GDP),S13,General government,P51C,Consumption of fixed capital,EL,Greece,2012,,4.0,,,,,
dataflow,ESTAT:GOV_10A_MAIN(1.0),"Government revenue, expenditure and main aggregates",A,Annual,PC_GDP,Percentage of gross domestic product (GDP),S13,General government,P51C,Consumption of fixed capital,EL,Greece,2013,,4.0,,,,,
dataflow,ESTAT:GOV_10A_MAIN(1.0),"Government revenue, expenditure and main aggregates",A,Annual,PC_GDP,Percentage of gross domestic product (GDP),S13,General government,P51C,Consumption of fixed capital,EL,Greece,2014,,3.9,,,,,
dataflow,ESTAT:GOV_10A_MAIN(1.0),"Government revenue, expenditure and main aggregates",A,Annual,PC_GDP,Percentage of gross domestic product (GDP),S13,General government,P51C,Consumption of fixed capital,EL,Greece,2015,,3.9,,,,,
dataflow,ESTAT:GOV_10A_MAIN(1.0),"Government revenue, expenditure and main aggregates",A,Annual,PC_GDP,Percentage of gross domestic product (GDP),S13,General government,P51C,Consumption of fixed capital,EL,Greece,2016,,3.8,,,,,
dataflow,ESTAT:GOV_10A_MAIN(1.0),"Government revenue, expenditure and main aggregates",A,Annual,PC_GDP,Percentage of gross domestic product (GDP),S13,General government,P51C,Consumption of fixed capital,EL,Greece,2017,,3.7,,,,,
dataflow,ESTAT:GOV_10A_MAIN(1.0),"Government revenue, expenditure and main aggregates",A,Annual,PC_GDP,Percentage of gross domestic product (GDP),S13,General government,P51C,Consumption of fixed capital,EL,Greece,2018,,3.7,,,,,
dataflow,ESTAT:GOV_10A_MAIN(1.0),"Government revenue, expenditure and main aggregates",A,Annual,PC_GDP,Percentage of gross domestic product (GDP),S13,General government,P51C,Consumption of fixed capital,EL,Greece,2019,,3.6,,,,,
dataflow,ESTAT:GOV_10A_MAIN(1.0),"Government revenue, expenditure and main aggregates",A,Annual,PC_GDP,Percentage of gross domestic product (GDP),S13,General government,P51C,Consumption of fixed capital,EL,Greece,2020,,3.9,,,,,
dataflow,ESTAT:GOV_10A_MAIN(1.0),"Government revenue, expenditure and main aggregates",A,Annual,PC_GDP,Percentage of gross domestic product (GDP),S13,General government,P51C,Consumption of fixed capital,EL,Greece,2021,,3.6,,,,,
dataflow,ESTAT:GOV_10A_MAIN(1.0),"Government revenue, expenditure and main aggregates",A,Annual,PC_GDP,Percentage of gross domestic product (GDP),S13,General government,P51C,Consumption of fixed capital,EL,Greece,2022,,3.5,,,,,
dataflow,ESTAT:GOV_10A_MAIN(1.0),"Government revenue, expenditure and main aggregates",A,Annual,PC_GDP,Percentage of gross domestic product (GDP),S13,General government,P51C,Consumption of fixed capital,EL,Greece,2023,,3.3,,,,,
dataflow,ESTAT:GOV_10A_MAIN(1.0),"Government revenue, expenditure and main aggregates",A,Annual,PC_GDP,Percentage of gross domestic product (GDP),S13,General government,P51C,Consumption of fixed capital,EL,Greece,2024,,3.2,,,,,
dataflow,ESTAT:GOV_10A_MAIN(1.0),"Government revenue, expenditure and main aggregates",A,Annual,PC_GDP,Percentage of gross domestic product (GDP),S13,General government,P51C,Consumption of fixed capital,ES,Spain,1995,,2.2,,,,,
dataflow,ESTAT:GOV_10A_MAIN(1.0),"Government revenue, expenditure and main aggregates",A,Annual,PC_GDP,Percentage of gross domestic product (GDP),S13,General government,P51C,Consumption of fixed capital,ES,Spain,1996,,2.2,,,,,
dataflow,ESTAT:GOV_10A_MAIN(1.0),"Government revenue, expenditure and main aggregates",A,Annual,PC_GDP,Percentage of gross domestic product (GDP),S13,General government,P51C,Consumption of fixed capital,ES,Spain,1997,,2.1,,,,,
dataflow,ESTAT:GOV_10A_MAIN(1.0),"Government revenue, expenditure and main aggregates",A,Annual,PC_GDP,Percentage of gross domestic product (GDP),S13,General government,P51C,Consumption of fixed capital,ES,Spain,1998,,2.1,,,,,
dataflow,ESTAT:GOV_10A_MAIN(1.0),"Government revenue, expenditure and main aggregates",A,Annual,PC_GDP,Percentage of gross domestic product (GDP),S13,General government,P51C,Consumption of fixed capital,ES,Spain,1999,,2.0,,,,,
dataflow,ESTAT:GOV_10A_MAIN(1.0),"Government revenue, expenditure and main aggregates",A,Annual,PC_GDP,Percentage of gross domestic product (GDP),S13,General government,P51C,Consumption of fixed capital,ES,Spain,2000,,2.0,,,,,
dataflow,ESTAT:GOV_10A_MAIN(1.0),"Government revenue, expenditure and main aggregates",A,Annual,PC_GDP,Percentage of gross domestic product (GDP),S13,General government,P51C,Consumption of fixed capital,ES,Spain,2001,,2.0,,,,,
dataflow,ESTAT:GOV_10A_MAIN(1.0),"Government revenue, expenditure and main aggregates",A,Annual,PC_GDP,Percentage of gross domestic product (GDP),S13,General government,P51C,Consumption of fixed capital,ES,Spain,2002,,2.0,,,,,
dataflow,ESTAT:GOV_10A_MAIN(1.0),"Government revenue, expenditure and main aggregates",A,Annual,PC_GDP,Percentage of gross domestic product (GDP),S13,General government,P51C,Consumption of fixed capital,ES,Spain,2003,,2.0,,,,,
dataflow,ESTAT:GOV_10A_MAIN(1.0),"Government revenue, expenditure and main aggregates",A,Annual,PC_GDP,Percentage of gross domestic product (GDP),S13,General government,P51C,Consumption of fixed capital,ES,Spain,2004,,2.0,,,,,
dataflow,ESTAT:GOV_10A_MAIN(1.0),"Government revenue, expenditure and main aggregates",A,Annual,PC_GDP,Percentage of gross domestic product (GDP),S13,General government,P51C,Consumption of fixed capital,ES,Spain,2005,,2.0,,,,,
dataflow,ESTAT:GOV_10A_MAIN(1.0),"Government revenue, expenditure and main aggregates",A,Annual,PC_GDP,Percentage of gross domestic product (GDP),S13,General government,P51C,Consumption of fixed capital,ES,Spain,2006,,2.0,,,,,
dataflow,ESTAT:GOV_10A_MAIN(1.0),"Government revenue, expenditure and main aggregates",A,Annual,PC_GDP,Percentage of gross domestic product (GDP),S13,General government,P51C,Consumption of fixed capital,ES,Spain,2007,,2.0,,,,,
dataflow,ESTAT:GOV_10A_MAIN(1.0),"Government revenue, expenditure and main aggregates",A,Annual,PC_GDP,Percentage of gross domestic product (GDP),S13,General government,P51C,Consumption of fixed capital,ES,Spain,2008,,2.1,,,,,
dataflow,ESTAT:GOV_10A_MAIN(1.0),"Government revenue, expenditure and main aggregates",A,Annual,PC_GDP,Percentage of gross domestic product (GDP),S13,General government,P51C,Consumption of fixed capital,ES,Spain,2009,,2.3,,,,,
dataflow,ESTAT:GOV_10A_MAIN(1.0),"Government revenue, expenditure and main aggregates",A,Annual,PC_GDP,Percentage of gross domestic product (GDP),S13,General government,P51C,Consumption of fixed capital,ES,Spain,2010,,2.5,,,,,
dataflow,ESTAT:GOV_10A_MAIN(1.0),"Government revenue, expenditure and main aggregates",A,Annual,PC_GDP,Percentage of gross domestic product (GDP),S13,General government,P51C,Consumption of fixed capital,ES,Spain,2011,,2.6,,,,,
dataflow,ESTAT:GOV_10A_MAIN(1.0),"Government revenue, expenditure and main aggregates",A,Annual,PC_GDP,Percentage of gross domestic product (GDP),S13,General government,P51C,Consumption of fixed capital,ES,Spain,2012,,2.7,,,,,
dataflow,ESTAT:GOV_10A_MAIN(1.0),"Government revenue, expenditure and main aggregates",A,Annual,PC_GDP,Percentage of gross domestic product (GDP),S13,General government,P51C,Consumption of fixed capital,ES,Spain,2013,,2.8,,,,,
dataflow,ESTAT:GOV_10A_MAIN(1.0),"Government revenue, expenditure and main aggregates",A,Annual,PC_GDP,Percentage of gross domestic product (GDP),S13,General government,P51C,Consumption of fixed capital,ES,Spain,2014,,2.7,,,,,
dataflow,ESTAT:GOV_10A_MAIN(1.0),"Government revenue, expenditure and main aggregates",A,Annual,PC_GDP,Percentage of gross domestic product (GDP),S13,General government,P51C,Consumption of fixed capital,ES,Spain,2015,,2.5,,,,,
dataflow,ESTAT:GOV_10A_MAIN(1.0),"Government revenue, expenditure and main aggregates",A,Annual,PC_GDP,Percentage of gross domestic product (GDP),S13,General government,P51C,Consumption of fixed capital,ES,Spain,2016,,2.4,,,,,
dataflow,ESTAT:GOV_10A_MAIN(1.0),"Government revenue, expenditure and main aggregates",A,Annual,PC_GDP,Percentage of gross domestic product (GDP),S13,General government,P51C,Consumption of fixed capital,ES,Spain,2017,,2.4,,,,,
dataflow,ESTAT:GOV_10A_MAIN(1.0),"Government revenue, expenditure and main aggregates",A,Annual,PC_GDP,Percentage of gross domestic product (GDP),S13,General government,P51C,Consumption of fixed capital,ES,Spain,2018,,2.3,,,,,
dataflow,ESTAT:GOV_10A_MAIN(1.0),"Government revenue, expenditure and main aggregates",A,Annual,PC_GDP,Percentage of gross domestic product (GDP),S13,General government,P51C,Consumption of fixed capital,ES,Spain,2019,,2.3,,,,,
dataflow,ESTAT:GOV_10A_MAIN(1.0),"Government revenue, expenditure and main aggregates",A,Annual,PC_GDP,Percentage of gross domestic product (GDP),S13,General government,P51C,Consumption of fixed capital,ES,Spain,2020,,2.6,,,,,
dataflow,ESTAT:GOV_10A_MAIN(1.0),"Government revenue, expenditure and main aggregates",A,Annual,PC_GDP,Percentage of gross domestic product (GDP),S13,General government,P51C,Consumption of fixed capital,ES,Spain,2021,,2.5,,,,,
dataflow,ESTAT:GOV_10A_MAIN(1.0),"Government revenue, expenditure and main aggregates",A,Annual,PC_GDP,Percentage of gross domestic product (GDP),S13,General government,P51C,Consumption of fixed capital,ES,Spain,2022,,2.5,,,,,
dataflow,ESTAT:GOV_10A_MAIN(1.0),"Government revenue, expenditure and main aggregates",A,Annual,PC_GDP,Percentage of gross domestic product (GDP),S13,General government,P51C,Consumption of fixed capital,ES,Spain,2023,,2.4,,,,,
dataflow,ESTAT:GOV_10A_MAIN(1.0),"Government revenue, expenditure and main aggregates",A,Annual,PC_GDP,Percentage of gross domestic product (GDP),S13,General government,P51C,Consumption of fixed capital,ES,Spain,2024,,2.3,,,,,
dataflow,ESTAT:GOV_10A_MAIN(1.0),"Government revenue, expenditure and main aggregates",A,Annual,PC_GDP,Percentage of gross domestic product (GDP),S13,General government,P51C,Consumption of fixed capital,EU27_2020,European Union - 27 countries (from 2020),1995,,2.8,,,,,
dataflow,ESTAT:GOV_10A_MAIN(1.0),"Government revenue, expenditure and main aggregates",A,Annual,PC_GDP,Percentage of gross domestic product (GDP),S13,General government,P51C,Consumption of fixed capital,EU27_2020,European Union - 27 countries (from 2020),1996,,2.8,,,,,
dataflow,ESTAT:GOV_10A_MAIN(1.0),"Government revenue, expenditure and main aggregates",A,Annual,PC_GDP,Percentage of gross domestic product (GDP),S13,General government,P51C,Consumption of fixed capital,EU27_2020,European Union - 27 countries (from 2020),1997,,2.7,,,,,
dataflow,ESTAT:GOV_10A_MAIN(1.0),"Government revenue, expenditure and main aggregates",A,Annual,PC_GDP,Percentage of gross domestic product (GDP),S13,General government,P51C,Consumption of fixed capital,EU27_2020,European Union - 27 countries (from 2020),1998,,2.7,,,,,
dataflow,ESTAT:GOV_10A_MAIN(1.0),"Government revenue, expenditure and main aggregates",A,Annual,PC_GDP,Percentage of gross domestic product (GDP),S13,General government,P51C,Consumption of fixed capital,EU27_2020,European Union - 27 countries (from 2020),1999,,2.7,,,,,
dataflow,ESTAT:GOV_10A_MAIN(1.0),"Government revenue, expenditure and main aggregates",A,Annual,PC_GDP,Percentage of gross domestic product (GDP),S13,General government,P51C,Consumption of fixed capital,EU27_2020,European Union - 27 countries (from 2020),2000,,2.6,,,,,
dataflow,ESTAT:GOV_10A_MAIN(1.0),"Government revenue, expenditure and main aggregates",A,Annual,PC_GDP,Percentage of gross domestic product (GDP),S13,General government,P51C,Consumption of fixed capital,EU27_2020,European Union - 27 countries (from 2020),2001,,2.6,,,,,
dataflow,ESTAT:GOV_10A_MAIN(1.0),"Government revenue, expenditure and main aggregates",A,Annual,PC_GDP,Percentage of gross domestic product (GDP),S13,General government,P51C,Consumption of fixed capital,EU27_2020,European Union - 27 countries (from 2020),2002,,2.6,,,,,
dataflow,ESTAT:GOV_10A_MAIN(1.0),"Government revenue, expenditure and main aggregates",A,Annual,PC_GDP,Percentage of gross domestic product (GDP),S13,General government,P51C,Consumption of fixed capital,EU27_2020,European Union - 27 countries (from 2020),2003,,2.7,,,,,
dataflow,ESTAT:GOV_10A_MAIN(1.0),"Government revenue, expenditure and main aggregates",A,Annual,PC_GDP,Percentage of gross domestic product (GDP),S13,General government,P51C,Consumption of fixed capital,EU27_2020,European Union - 27 countries (from 2020),2004,,2.7,,,,,
dataflow,ESTAT:GOV_10A_MAIN(1.0),"Government revenue, expenditure and main aggregates",A,Annual,PC_GDP,Percentage of gross domestic product (GDP),S13,General government,P51C,Consumption of fixed capital,EU27_2020,European Union - 27 countries (from 2020),2005,,2.7,,,,,
dataflow,ESTAT:GOV_10A_MAIN(1.0),"Government revenue, expenditure and main aggregates",A,Annual,PC_GDP,Percentage of gross domestic product (GDP),S13,General government,P51C,Consumption of fixed capital,EU27_2020,European Union - 27 countries (from 2020),2006,,2.7,,,,,
dataflow,ESTAT:GOV_10A_MAIN(1.0),"Government revenue, expenditure and main aggregates",A,Annual,PC_GDP,Percentage of gross domestic product (GDP),S13,General government,P51C,Consumption of fixed capital,EU27_2020,European Union - 27 countries (from 2020),2007,,2.7,,,,,
dataflow,ESTAT:GOV_10A_MAIN(1.0),"Government revenue, expenditure and main aggregates",A,Annual,PC_GDP,Percentage of gross domestic product (GDP),S13,General government,P51C,Consumption of fixed capital,EU27_2020,European Union - 27 countries (from 2020),2008,,2.7,,,,,
dataflow,ESTAT:GOV_10A_MAIN(1.0),"Government revenue, expenditure and main aggregates",A,Annual,PC_GDP,Percentage of gross domestic product (GDP),S13,General government,P51C,Consumption of fixed capital,EU27_2020,European Union - 27 countries (from 2020),2009,,2.9,,,,,
dataflow,ESTAT:GOV_10A_MAIN(1.0),"Government revenue, expenditure and main aggregates",A,Annual,PC_GDP,Percentage of gross domestic product (GDP),S13,General government,P51C,Consumption of fixed capital,EU27_2020,European Union - 27 countries (from 2020),2010,,2.9,,,,,
dataflow,ESTAT:GOV_10A_MAIN(1.0),"Government revenue, expenditure and main aggregates",A,Annual,PC_GDP,Percentage of gross domestic product (GDP),S13,General government,P51C,Consumption of fixed capital,EU27_2020,European Union - 27 countries (from 2020),2011,,3.0,,,,,
dataflow,ESTAT:GOV_10A_MAIN(1.0),"Government revenue, expenditure and main aggregates",A,Annual,PC_GDP,Percentage of gross domestic product (GDP),S13,General government,P51C,Consumption of fixed capital,EU27_2020,European Union - 27 countries (from 2020),2012,,3.0,,,,,
dataflow,ESTAT:GOV_10A_MAIN(1.0),"Government revenue, expenditure and main aggregates",A,Annual,PC_GDP,Percentage of gross domestic product (GDP),S13,General government,P51C,Consumption of fixed capital,EU27_2020,European Union - 27 countries (from 2020),2013,,3.0,,,,,
dataflow,ESTAT:GOV_10A_MAIN(1.0),"Government revenue, expenditure and main aggregates",A,Annual,PC_GDP,Percentage of gross domestic product (GDP),S13,General government,P51C,Consumption of fixed capital,EU27_2020,European Union - 27 countries (from 2020),2014,,3.0,,,,,
dataflow,ESTAT:GOV_10A_MAIN(1.0),"Government revenue, expenditure and main aggregates",A,Annual,PC_GDP,Percentage of gross domestic product (GDP),S13,General government,P51C,Consumption of fixed capital,EU27_2020,European Union - 27 countries (from 2020),2015,,2.9,,,,,
dataflow,ESTAT:GOV_10A_MAIN(1.0),"Government revenue, expenditure and main aggregates",A,Annual,PC_GDP,Percentage of gross domestic product (GDP),S13,General government,P51C,Consumption of fixed capital,EU27_2020,European Union - 27 countries (from 2020),2016,,2.9,,,,,
dataflow,ESTAT:GOV_10A_MAIN(1.0),"Government revenue, expenditure and main aggregates",A,Annual,PC_GDP,Percentage of gross domestic product (GDP),S13,General government,P51C,Consumption of fixed capital,EU27_2020,European Union - 27 countries (from 2020),2017,,2.8,,,,,
dataflow,ESTAT:GOV_10A_MAIN(1.0),"Government revenue, expenditure and main aggregates",A,Annual,PC_GDP,Percentage of gross domestic product (GDP),S13,General government,P51C,Consumption of fixed capital,EU27_2020,European Union - 27 countries (from 2020),2018,,2.8,,,,,
dataflow,ESTAT:GOV_10A_MAIN(1.0),"Government revenue, expenditure and main aggregates",A,Annual,PC_GDP,Percentage of gross domestic product (GDP),S13,General government,P51C,Consumption of fixed capital,EU27_2020,European Union - 27 countries (from 2020),2019,,2.8,,,,,
dataflow,ESTAT:GOV_10A_MAIN(1.0),"Government revenue, expenditure and main aggregates",A,Annual,PC_GDP,Percentage of gross domestic product (GDP),S13,General government,P51C,Consumption of fixed capital,EU27_2020,European Union - 27 countries (from 2020),2020,,3.0,,,,,
dataflow,ESTAT:GOV_10A_MAIN(1.0),"Government revenue, expenditure and main aggregates",A,Annual,PC_GDP,Percentage of gross domestic product (GDP),S13,General government,P51C,Consumption of fixed capital,EU27_2020,European Union - 27 countries (from 2020),2021,,2.9,,,,,
dataflow,ESTAT:GOV_10A_MAIN(1.0),"Government revenue, expenditure and main aggregates",A,Annual,PC_GDP,Percentage of gross domestic product (GDP),S13,General government,P51C,Consumption of fixed capital,EU27_2020,European Union - 27 countries (from 2020),2022,,2.9,,,,,
dataflow,ESTAT:GOV_10A_MAIN(1.0),"Government revenue, expenditure and main aggregates",A,Annual,PC_GDP,Percentage of gross domestic product (GDP),S13,General government,P51C,Consumption of fixed capital,EU27_2020,European Union - 27 countries (from 2020),2023,,2.9,,,,,
dataflow,ESTAT:GOV_10A_MAIN(1.0),"Government revenue, expenditure and main aggregates",A,Annual,PC_GDP,Percentage of gross domestic product (GDP),S13,General government,P51C,Consumption of fixed capital,EU27_2020,European Union - 27 countries (from 2020),2024,,2.9,,,,,
dataflow,ESTAT:GOV_10A_MAIN(1.0),"Government revenue, expenditure and main aggregates",A,Annual,PC_GDP,Percentage of gross domestic product (GDP),S13,General government,P51C,Consumption of fixed capital,FI,Finland,1980,,2.2,,,,,
dataflow,ESTAT:GOV_10A_MAIN(1.0),"Government revenue, expenditure and main aggregates",A,Annual,PC_GDP,Percentage of gross domestic product (GDP),S13,General government,P51C,Consumption of fixed capital,FI,Finland,1981,,2.2,,,,,
dataflow,ESTAT:GOV_10A_MAIN(1.0),"Government revenue, expenditure and main aggregates",A,Annual,PC_GDP,Percentage of gross domestic product (GDP),S13,General government,P51C,Consumption of fixed capital,FI,Finland,1982,,2.3,,,,,
dataflow,ESTAT:GOV_10A_MAIN(1.0),"Government revenue, expenditure and main aggregates",A,Annual,PC_GDP,Percentage of gross domestic product (GDP),S13,General government,P51C,Consumption of fixed capital,FI,Finland,1983,,2.3,,,,,
dataflow,ESTAT:GOV_10A_MAIN(1.0),"Government revenue, expenditure and main aggregates",A,Annual,PC_GDP,Percentage of gross domestic product (GDP),S13,General government,P51C,Consumption of fixed capital,FI,Finland,1984,,2.4,,,,,
dataflow,ESTAT:GOV_10A_MAIN(1.0),"Government revenue, expenditure and main aggregates",A,Annual,PC_GDP,Percentage of gross domestic product (GDP),S13,General government,P51C,Consumption of fixed capital,FI,Finland,1985,,2.4,,,,,
dataflow,ESTAT:GOV_10A_MAIN(1.0),"Government revenue, expenditure and main aggregates",A,Annual,PC_GDP,Percentage of gross domestic product (GDP),S13,General government,P51C,Consumption of fixed capital,FI,Finland,1986,,2.5,,,,,
dataflow,ESTAT:GOV_10A_MAIN(1.0),"Government revenue, expenditure and main aggregates",A,Annual,PC_GDP,Percentage of gross domestic product (GDP),S13,General government,P51C,Consumption of fixed capital,FI,Finland,1987,,2.6,,,,,
dataflow,ESTAT:GOV_10A_MAIN(1.0),"Government revenue, expenditure and main aggregates",A,Annual,PC_GDP,Percentage of gross domestic product (GDP),S13,General government,P51C,Consumption of fixed capital,FI,Finland,1988,,2.6,,,,,
dataflow,ESTAT:GOV_10A_MAIN(1.0),"Government revenue, expenditure and main aggregates",A,Annual,PC_GDP,Percentage of gross domestic product (GDP),S13,General government,P51C,Consumption of fixed capital,FI,Finland,1989,,2.6,,,,,
dataflow,ESTAT:GOV_10A_MAIN(1.0),"Government revenue, expenditure and main aggregates",A,Annual,PC_GDP,Percentage of gross domestic product (GDP),S13,General government,P51C,Consumption of fixed capital,FI,Finland,1990,,2.9,,,,,
dataflow,ESTAT:GOV_10A_MAIN(1.0),"Government revenue, expenditure and main aggregates",A,Annual,PC_GDP,Percentage of gross domestic product (GDP),S13,General government,P51C,Consumption of fixed capital,FI,Finland,1991,,3.2,,,,,
dataflow,ESTAT:GOV_10A_MAIN(1.0),"Government revenue, expenditure and main aggregates",A,Annual,PC_GDP,Percentage of gross domestic product (GDP),S13,General government,P51C,Consumption of fixed capital,FI,Finland,1992,,3.3,,,,,
dataflow,ESTAT:GOV_10A_MAIN(1.0),"Government revenue, expenditure and main aggregates",A,Annual,PC_GDP,Percentage of gross domestic product (GDP),S13,General government,P51C,Consumption of fixed capital,FI,Finland,1993,,3.3,,,,,
dataflow,ESTAT:GOV_10A_MAIN(1.0),"Government revenue, expenditure and main aggregates",A,Annual,PC_GDP,Percentage of gross domestic product (GDP),S13,General government,P51C,Consumption of fixed capital,FI,Finland,1994,,3.3,,,,,
dataflow,ESTAT:GOV_10A_MAIN(1.0),"Government revenue, expenditure and main aggregates",A,Annual,PC_GDP,Percentage of gross domestic product (GDP),S13,General government,P51C,Consumption of fixed capital,FI,Finland,1995,,3.3,,,,,
dataflow,ESTAT:GOV_10A_MAIN(1.0),"Government revenue, expenditure and main aggregates",A,Annual,PC_GDP,Percentage of gross domestic product (GDP),S13,General government,P51C,Consumption of fixed capital,FI,Finland,1996,,3.3,,,,,
dataflow,ESTAT:GOV_10A_MAIN(1.0),"Government revenue, expenditure and main aggregates",A,Annual,PC_GDP,Percentage of gross domestic product (GDP),S13,General government,P51C,Consumption of fixed capital,FI,Finland,1997,,3.2,,,,,
dataflow,ESTAT:GOV_10A_MAIN(1.0),"Government revenue, expenditure and main aggregates",A,Annual,PC_GDP,Percentage of gross domestic product (GDP),S13,General government,P51C,Consumption of fixed capital,FI,Finland,1998,,3.1,,,,,
dataflow,ESTAT:GOV_10A_MAIN(1.0),"Government revenue, expenditure and main aggregates",A,Annual,PC_GDP,Percentage of gross domestic product (GDP),S13,General government,P51C,Consumption of fixed capital,FI,Finland,1999,,3.0,,,,,
dataflow,ESTAT:GOV_10A_MAIN(1.0),"Government revenue, expenditure and main aggregates",A,Annual,PC_GDP,Percentage of gross domestic product (GDP),S13,General government,P51C,Consumption of fixed capital,FI,Finland,2000,,3.0,,,,,
dataflow,ESTAT:GOV_10A_MAIN(1.0),"Government revenue, expenditure and main aggregates",A,Annual,PC_GDP,Percentage of gross domestic product (GDP),S13,General government,P51C,Consumption of fixed capital,FI,Finland,2001,,3.0,,,,,
dataflow,ESTAT:GOV_10A_MAIN(1.0),"Government revenue, expenditure and main aggregates",A,Annual,PC_GDP,Percentage of gross domestic product (GDP),S13,General government,P51C,Consumption of fixed capital,FI,Finland,2002,,3.0,,,,,
dataflow,ESTAT:GOV_10A_MAIN(1.0),"Government revenue, expenditure and main aggregates",A,Annual,PC_GDP,Percentage of gross domestic product (GDP),S13,General government,P51C,Consumption of fixed capital,FI,Finland,2003,,3.0,,,,,
dataflow,ESTAT:GOV_10A_MAIN(1.0),"Government revenue, expenditure and main aggregates",A,Annual,PC_GDP,Percentage of gross domestic product (GDP),S13,General government,P51C,Consumption of fixed capital,FI,Finland,2004,,3.0,,,,,
dataflow,ESTAT:GOV_10A_MAIN(1.0),"Government revenue, expenditure and main aggregates",A,Annual,PC_GDP,Percentage of gross domestic product (GDP),S13,General government,P51C,Consumption of fixed capital,FI,Finland,2005,,3.0,,,,,
dataflow,ESTAT:GOV_10A_MAIN(1.0),"Government revenue, expenditure and main aggregates",A,Annual,PC_GDP,Percentage of gross domestic product (GDP),S13,General government,P51C,Consumption of fixed capital,FI,Finland,2006,,3.0,,,,,
dataflow,ESTAT:GOV_10A_MAIN(1.0),"Government revenue, expenditure and main aggregates",A,Annual,PC_GDP,Percentage of gross domestic product (GDP),S13,General government,P51C,Consumption of fixed capital,FI,Finland,2007,,3.0,,,,,
dataflow,ESTAT:GOV_10A_MAIN(1.0),"Government revenue, expenditure and main aggregates",A,Annual,PC_GDP,Percentage of gross domestic product (GDP),S13,General government,P51C,Consumption of fixed capital,FI,Finland,2008,,3.1,,,,,
dataflow,ESTAT:GOV_10A_MAIN(1.0),"Government revenue, expenditure and main aggregates",A,Annual,PC_GDP,Percentage of gross domestic product (GDP),S13,General government,P51C,Consumption of fixed capital,FI,Finland,2009,,3.3,,,,,
dataflow,ESTAT:GOV_10A_MAIN(1.0),"Government revenue, expenditure and main aggregates",A,Annual,PC_GDP,Percentage of gross domestic product (GDP),S13,General government,P51C,Consumption of fixed capital,FI,Finland,2010,,3.3,,,,,
dataflow,ESTAT:GOV_10A_MAIN(1.0),"Government revenue, expenditure and main aggregates",A,Annual,PC_GDP,Percentage of gross domestic product (GDP),S13,General government,P51C,Consumption of fixed capital,FI,Finland,2011,,3.3,,,,,
dataflow,ESTAT:GOV_10A_MAIN(1.0),"Government revenue, expenditure and main aggregates",A,Annual,PC_GDP,Percentage of gross domestic product (GDP),S13,General government,P51C,Consumption of fixed capital,FI,Finland,2012,,3.5,,,,,
dataflow,ESTAT:GOV_10A_MAIN(1.0),"Government revenue, expenditure and main aggregates",A,Annual,PC_GDP,Percentage of gross domestic product (GDP),S13,General government,P51C,Consumption of fixed capital,FI,Finland,2013,,3.6,,,,,
dataflow,ESTAT:GOV_10A_MAIN(1.0),"Government revenue, expenditure and main aggregates",A,Annual,PC_GDP,Percentage of gross domestic product (GDP),S13,General government,P51C,Consumption of fixed capital,FI,Finland,2014,,3.6,,,,,
dataflow,ESTAT:GOV_10A_MAIN(1.0),"Government revenue, expenditure and main aggregates",A,Annual,PC_GDP,Percentage of gross domestic product (GDP),S13,General government,P51C,Consumption of fixed capital,FI,Finland,2015,,3.6,,,,,
dataflow,ESTAT:GOV_10A_MAIN(1.0),"Government revenue, expenditure and main aggregates",A,Annual,PC_GDP,Percentage of gross domestic product (GDP),S13,General government,P51C,Consumption of fixed capital,FI,Finland,2016,,3.5,,,,,
dataflow,ESTAT:GOV_10A_MAIN(1.0),"Government revenue, expenditure and main aggregates",A,Annual,PC_GDP,Percentage of gross domestic product (GDP),S13,General government,P51C,Consumption of fixed capital,FI,Finland,2017,,3.4,,,,,
dataflow,ESTAT:GOV_10A_MAIN(1.0),"Government revenue, expenditure and main aggregates",A,Annual,PC_GDP,Percentage of gross domestic product (GDP),S13,General government,P51C,Consumption of fixed capital,FI,Finland,2018,,3.5,,,,,
dataflow,ESTAT:GOV_10A_MAIN(1.0),"Government revenue, expenditure and main aggregates",A,Annual,PC_GDP,Percentage of gross domestic product (GDP),S13,General government,P51C,Consumption of fixed capital,FI,Finland,2019,,3.6,,,,,
dataflow,ESTAT:GOV_10A_MAIN(1.0),"Government revenue, expenditure and main aggregates",A,Annual,PC_GDP,Percentage of gross domestic product (GDP),S13,General government,P51C,Consumption of fixed capital,FI,Finland,2020,,3.7,,,,,
dataflow,ESTAT:GOV_10A_MAIN(1.0),"Government revenue, expenditure and main aggregates",A,Annual,PC_GDP,Percentage of gross domestic product (GDP),S13,General government,P51C,Consumption of fixed capital,FI,Finland,2021,,3.6,,,,,
dataflow,ESTAT:GOV_10A_MAIN(1.0),"Government revenue, expenditure and main aggregates",A,Annual,PC_GDP,Percentage of gross domestic product (GDP),S13,General government,P51C,Consumption of fixed capital,FI,Finland,2022,,3.6,,,,,
dataflow,ESTAT:GOV_10A_MAIN(1.0),"Government revenue, expenditure and main aggregates",A,Annual,PC_GDP,Percentage of gross domestic product (GDP),S13,General government,P51C,Consumption of fixed capital,FI,Finland,2023,,3.7,,,,,
dataflow,ESTAT:GOV_10A_MAIN(1.0),"Government revenue, expenditure and main aggregates",A,Annual,PC_GDP,Percentage of gross domestic product (GDP),S13,General government,P51C,Consumption of fixed capital,FI,Finland,2024,,3.8,,,,,
dataflow,ESTAT:GOV_10A_MAIN(1.0),"Government revenue, expenditure and main aggregates",A,Annual,PC_GDP,Percentage of gross domestic product (GDP),S13,General government,P51C,Consumption of fixed capital,FR,France,1995,,3.7,,,,,
dataflow,ESTAT:GOV_10A_MAIN(1.0),"Government revenue, expenditure and main aggregates",A,Annual,PC_GDP,Percentage of gross domestic product (GDP),S13,General government,P51C,Consumption of fixed capital,FR,France,1996,,3.7,,,,,
dataflow,ESTAT:GOV_10A_MAIN(1.0),"Government revenue, expenditure and main aggregates",A,Annual,PC_GDP,Percentage of gross domestic product (GDP),S13,General government,P51C,Consumption of fixed capital,FR,France,1997,,3.7,,,,,
dataflow,ESTAT:GOV_10A_MAIN(1.0),"Government revenue, expenditure and main aggregates",A,Annual,PC_GDP,Percentage of gross domestic product (GDP),S13,General government,P51C,Consumption of fixed capital,FR,France,1998,,3.6,,,,,
dataflow,ESTAT:GOV_10A_MAIN(1.0),"Government revenue, expenditure and main aggregates",A,Annual,PC_GDP,Percentage of gross domestic product (GDP),S13,General government,P51C,Consumption of fixed capital,FR,France,1999,,3.5,,,,,
dataflow,ESTAT:GOV_10A_MAIN(1.0),"Government revenue, expenditure and main aggregates",A,Annual,PC_GDP,Percentage of gross domestic product (GDP),S13,General government,P51C,Consumption of fixed capital,FR,France,2000,,3.4,,,,,
dataflow,ESTAT:GOV_10A_MAIN(1.0),"Government revenue, expenditure and main aggregates",A,Annual,PC_GDP,Percentage of gross domestic product (GDP),S13,General government,P51C,Consumption of fixed capital,FR,France,2001,,3.4,,,,,
dataflow,ESTAT:GOV_10A_MAIN(1.0),"Government revenue, expenditure and main aggregates",A,Annual,PC_GDP,Percentage of gross domestic product (GDP),S13,General government,P51C,Consumption of fixed capital,FR,France,2002,,3.4,,,,,
dataflow,ESTAT:GOV_10A_MAIN(1.0),"Government revenue, expenditure and main aggregates",A,Annual,PC_GDP,Percentage of gross domestic product (GDP),S13,General government,P51C,Consumption of fixed capital,FR,France,2003,,3.4,,,,,
dataflow,ESTAT:GOV_10A_MAIN(1.0),"Government revenue, expenditure and main aggregates",A,Annual,PC_GDP,Percentage of gross domestic product (GDP),S13,General government,P51C,Consumption of fixed capital,FR,France,2004,,3.4,,,,,
dataflow,ESTAT:GOV_10A_MAIN(1.0),"Government revenue, expenditure and main aggregates",A,Annual,PC_GDP,Percentage of gross domestic product (GDP),S13,General government,P51C,Consumption of fixed capital,FR,France,2005,,3.4,,,,,
dataflow,ESTAT:GOV_10A_MAIN(1.0),"Government revenue, expenditure and main aggregates",A,Annual,PC_GDP,Percentage of gross domestic product (GDP),S13,General government,P51C,Consumption of fixed capital,FR,France,2006,,3.5,,,,,
dataflow,ESTAT:GOV_10A_MAIN(1.0),"Government revenue, expenditure and main aggregates",A,Annual,PC_GDP,Percentage of gross domestic product (GDP),S13,General government,P51C,Consumption of fixed capital,FR,France,2007,,3.4,,,,,
dataflow,ESTAT:GOV_10A_MAIN(1.0),"Government revenue, expenditure and main aggregates",A,Annual,PC_GDP,Percentage of gross domestic product (GDP),S13,General government,P51C,Consumption of fixed capital,FR,France,2008,,3.5,,,,,
dataflow,ESTAT:GOV_10A_MAIN(1.0),"Government revenue, expenditure and main aggregates",A,Annual,PC_GDP,Percentage of gross domestic product (GDP),S13,General government,P51C,Consumption of fixed capital,FR,France,2009,,3.7,,,,,
dataflow,ESTAT:GOV_10A_MAIN(1.0),"Government revenue, expenditure and main aggregates",A,Annual,PC_GDP,Percentage of gross domestic product (GDP),S13,General government,P51C,Consumption of fixed capital,FR,France,2010,,3.8,,,,,
dataflow,ESTAT:GOV_10A_MAIN(1.0),"Government revenue, expenditure and main aggregates",A,Annual,PC_GDP,Percentage of gross domestic product (GDP),S13,General government,P51C,Consumption of fixed capital,FR,France,2011,,3.8,,,,,
dataflow,ESTAT:GOV_10A_MAIN(1.0),"Government revenue, expenditure and main aggregates",A,Annual,PC_GDP,Percentage of gross domestic product (GDP),S13,General government,P51C,Consumption of fixed capital,FR,France,2012,,3.9,,,,,
dataflow,ESTAT:GOV_10A_MAIN(1.0),"Government revenue, expenditure and main aggregates",A,Annual,PC_GDP,Percentage of gross domestic product (GDP),S13,General government,P51C,Consumption of fixed capital,FR,France,2013,,3.9,,,,,
dataflow,ESTAT:GOV_10A_MAIN(1.0),"Government revenue, expenditure and main aggregates",A,Annual,PC_GDP,Percentage of gross domestic product (GDP),S13,General government,P51C,Consumption of fixed capital,FR,France,2014,,3.9,,,,,
dataflow,ESTAT:GOV_10A_MAIN(1.0),"Government revenue, expenditure and main aggregates",A,Annual,PC_GDP,Percentage of gross domestic product (GDP),S13,General government,P51C,Consumption of fixed capital,FR,France,2015,,3.8,,,,,
dataflow,ESTAT:GOV_10A_MAIN(1.0),"Government revenue, expenditure and main aggregates",A,Annual,PC_GDP,Percentage of gross domestic product (GDP),S13,General government,P51C,Consumption of fixed capital,FR,France,2016,,3.8,,,,,
dataflow,ESTAT:GOV_10A_MAIN(1.0),"Government revenue, expenditure and main aggregates",A,Annual,PC_GDP,Percentage of gross domestic product (GDP),S13,General government,P51C,Consumption of fixed capital,FR,France,2017,,3.7,,,,,
dataflow,ESTAT:GOV_10A_MAIN(1.0),"Government revenue, expenditure and main aggregates",A,Annual,PC_GDP,Percentage of gross domestic product (GDP),S13,General government,P51C,Consumption of fixed capital,FR,France,2018,,3.7,,,,,
dataflow,ESTAT:GOV_10A_MAIN(1.0),"Government revenue, expenditure and main aggregates",A,Annual,PC_GDP,Percentage of gross domestic product (GDP),S13,General government,P51C,Consumption of fixed capital,FR,France,2019,,3.7,,,,,
dataflow,ESTAT:GOV_10A_MAIN(1.0),"Government revenue, expenditure and main aggregates",A,Annual,PC_GDP,Percentage of gross domestic product (GDP),S13,General government,P51C,Consumption of fixed capital,FR,France,2020,,4.0,,,,,
dataflow,ESTAT:GOV_10A_MAIN(1.0),"Government revenue, expenditure and main aggregates",A,Annual,PC_GDP,Percentage of gross domestic product (GDP),S13,General government,P51C,Consumption of fixed capital,FR,France,2021,,3.8,,,,,
dataflow,ESTAT:GOV_10A_MAIN(1.0),"Government revenue, expenditure and main aggregates",A,Annual,PC_GDP,Percentage of gross domestic product (GDP),S13,General government,P51C,Consumption of fixed capital,FR,France,2022,,3.9,,,,,
dataflow,ESTAT:GOV_10A_MAIN(1.0),"Government revenue, expenditure and main aggregates",A,Annual,PC_GDP,Percentage of gross domestic product (GDP),S13,General government,P51C,Consumption of fixed capital,FR,France,2023,,3.8,,,,,
dataflow,ESTAT:GOV_10A_MAIN(1.0),"Government revenue, expenditure and main aggregates",A,Annual,PC_GDP,Percentage of gross domestic product (GDP),S13,General government,P51C,Consumption of fixed capital,FR,France,2024,,3.8,,,,,
dataflow,ESTAT:GOV_10A_MAIN(1.0),"Government revenue, expenditure and main aggregates",A,Annual,PC_GDP,Percentage of gross domestic product (GDP),S13,General government,P51C,Consumption of fixed capital,HR,Croatia,1995,,3.5,,,,,
dataflow,ESTAT:GOV_10A_MAIN(1.0),"Government revenue, expenditure and main aggregates",A,Annual,PC_GDP,Percentage of gross domestic product (GDP),S13,General government,P51C,Consumption of fixed capital,HR,Croatia,1996,,3.4,,,,,
dataflow,ESTAT:GOV_10A_MAIN(1.0),"Government revenue, expenditure and main aggregates",A,Annual,PC_GDP,Percentage of gross domestic product (GDP),S13,General government,P51C,Consumption of fixed capital,HR,Croatia,1997,,3.1,,,,,
dataflow,ESTAT:GOV_10A_MAIN(1.0),"Government revenue, expenditure and main aggregates",A,Annual,PC_GDP,Percentage of gross domestic product (GDP),S13,General government,P51C,Consumption of fixed capital,HR,Croatia,1998,,2.9,,,,,
dataflow,ESTAT:GOV_10A_MAIN(1.0),"Government revenue, expenditure and main aggregates",A,Annual,PC_GDP,Percentage of gross domestic product (GDP),S13,General government,P51C,Consumption of fixed capital,HR,Croatia,1999,,2.9,,,,,
dataflow,ESTAT:GOV_10A_MAIN(1.0),"Government revenue, expenditure and main aggregates",A,Annual,PC_GDP,Percentage of gross domestic product (GDP),S13,General government,P51C,Consumption of fixed capital,HR,Croatia,2000,,2.8,,,,,
dataflow,ESTAT:GOV_10A_MAIN(1.0),"Government revenue, expenditure and main aggregates",A,Annual,PC_GDP,Percentage of gross domestic product (GDP),S13,General government,P51C,Consumption of fixed capital,HR,Croatia,2001,,2.8,,,,,
dataflow,ESTAT:GOV_10A_MAIN(1.0),"Government revenue, expenditure and main aggregates",A,Annual,PC_GDP,Percentage of gross domestic product (GDP),S13,General government,P51C,Consumption of fixed capital,HR,Croatia,2002,,2.7,,,,,
dataflow,ESTAT:GOV_10A_MAIN(1.0),"Government revenue, expenditure and main aggregates",A,Annual,PC_GDP,Percentage of gross domestic product (GDP),S13,General government,P51C,Consumption of fixed capital,HR,Croatia,2003,,2.6,,,,,
dataflow,ESTAT:GOV_10A_MAIN(1.0),"Government revenue, expenditure and main aggregates",A,Annual,PC_GDP,Percentage of gross domestic product (GDP),S13,General government,P51C,Consumption of fixed capital,HR,Croatia,2004,,2.7,,,,,
dataflow,ESTAT:GOV_10A_MAIN(1.0),"Government revenue, expenditure and main aggregates",A,Annual,PC_GDP,Percentage of gross domestic product (GDP),S13,General government,P51C,Consumption of fixed capital,HR,Croatia,2005,,2.7,,,,,
dataflow,ESTAT:GOV_10A_MAIN(1.0),"Government revenue, expenditure and main aggregates",A,Annual,PC_GDP,Percentage of gross domestic product (GDP),S13,General government,P51C,Consumption of fixed capital,HR,Croatia,2006,,2.7,,,,,
dataflow,ESTAT:GOV_10A_MAIN(1.0),"Government revenue, expenditure and main aggregates",A,Annual,PC_GDP,Percentage of gross domestic product (GDP),S13,General government,P51C,Consumption of fixed capital,HR,Croatia,2007,,2.7,,,,,
dataflow,ESTAT:GOV_10A_MAIN(1.0),"Government revenue, expenditure and main aggregates",A,Annual,PC_GDP,Percentage of gross domestic product (GDP),S13,General government,P51C,Consumption of fixed capital,HR,Croatia,2008,,2.8,,,,,
dataflow,ESTAT:GOV_10A_MAIN(1.0),"Government revenue, expenditure and main aggregates",A,Annual,PC_GDP,Percentage of gross domestic product (GDP),S13,General government,P51C,Consumption of fixed capital,HR,Croatia,2009,,3.3,,,,,
dataflow,ESTAT:GOV_10A_MAIN(1.0),"Government revenue, expenditure and main aggregates",A,Annual,PC_GDP,Percentage of gross domestic product (GDP),S13,General government,P51C,Consumption of fixed capital,HR,Croatia,2010,,3.5,,,,,
dataflow,ESTAT:GOV_10A_MAIN(1.0),"Government revenue, expenditure and main aggregates",A,Annual,PC_GDP,Percentage of gross domestic product (GDP),S13,General government,P51C,Consumption of fixed capital,HR,Croatia,2011,,3.5,,,,,
dataflow,ESTAT:GOV_10A_MAIN(1.0),"Government revenue, expenditure and main aggregates",A,Annual,PC_GDP,Percentage of gross domestic product (GDP),S13,General government,P51C,Consumption of fixed capital,HR,Croatia,2012,,3.6,,,,,
dataflow,ESTAT:GOV_10A_MAIN(1.0),"Government revenue, expenditure and main aggregates",A,Annual,PC_GDP,Percentage of gross domestic product (GDP),S13,General government,P51C,Consumption of fixed capital,HR,Croatia,2013,,3.7,,,,,
dataflow,ESTAT:GOV_10A_MAIN(1.0),"Government revenue, expenditure and main aggregates",A,Annual,PC_GDP,Percentage of gross domestic product (GDP),S13,General government,P51C,Consumption of fixed capital,HR,Croatia,2014,,3.7,,,,,
dataflow,ESTAT:GOV_10A_MAIN(1.0),"Government revenue, expenditure and main aggregates",A,Annual,PC_GDP,Percentage of gross domestic product (GDP),S13,General government,P51C,Consumption of fixed capital,HR,Croatia,2015,,3.6,,,,,
dataflow,ESTAT:GOV_10A_MAIN(1.0),"Government revenue, expenditure and main aggregates",A,Annual,PC_GDP,Percentage of gross domestic product (GDP),S13,General government,P51C,Consumption of fixed capital,HR,Croatia,2016,,3.6,,,,,
dataflow,ESTAT:GOV_10A_MAIN(1.0),"Government revenue, expenditure and main aggregates",A,Annual,PC_GDP,Percentage of gross domestic product (GDP),S13,General government,P51C,Consumption of fixed capital,HR,Croatia,2017,,3.4,,,,,
dataflow,ESTAT:GOV_10A_MAIN(1.0),"Government revenue, expenditure and main aggregates",A,Annual,PC_GDP,Percentage of gross domestic product (GDP),S13,General government,P51C,Consumption of fixed capital,HR,Croatia,2018,,3.3,,,,,
dataflow,ESTAT:GOV_10A_MAIN(1.0),"Government revenue, expenditure and main aggregates",A,Annual,PC_GDP,Percentage of gross domestic product (GDP),S13,General government,P51C,Consumption of fixed capital,HR,Croatia,2019,,3.3,,,,,
dataflow,ESTAT:GOV_10A_MAIN(1.0),"Government revenue, expenditure and main aggregates",A,Annual,PC_GDP,Percentage of gross domestic product (GDP),S13,General government,P51C,Consumption of fixed capital,HR,Croatia,2020,,3.8,,,,,
dataflow,ESTAT:GOV_10A_MAIN(1.0),"Government revenue, expenditure and main aggregates",A,Annual,PC_GDP,Percentage of gross domestic product (GDP),S13,General government,P51C,Consumption of fixed capital,HR,Croatia,2021,,3.5,,,,,
dataflow,ESTAT:GOV_10A_MAIN(1.0),"Government revenue, expenditure and main aggregates",A,Annual,PC_GDP,Percentage of gross domestic product (GDP),S13,General government,P51C,Consumption of fixed capital,HR,Croatia,2022,,3.3,,,,,
dataflow,ESTAT:GOV_10A_MAIN(1.0),"Government revenue, expenditure and main aggregates",A,Annual,PC_GDP,Percentage of gross domestic product (GDP),S13,General government,P51C,Consumption of fixed capital,HR,Croatia,2023,,3.1,,,,,
dataflow,ESTAT:GOV_10A_MAIN(1.0),"Government revenue, expenditure and main aggregates",A,Annual,PC_GDP,Percentage of gross domestic product (GDP),S13,General government,P51C,Consumption of fixed capital,HR,Croatia,2024,,3.3,,,,,
dataflow,ESTAT:GOV_10A_MAIN(1.0),"Government revenue, expenditure and main aggregates",A,Annual,PC_GDP,Percentage of gross domestic product (GDP),S13,General government,P51C,Consumption of fixed capital,HU,Hungary,1995,,4.8,,,,,
dataflow,ESTAT:GOV_10A_MAIN(1.0),"Government revenue, expenditure and main aggregates",A,Annual,PC_GDP,Percentage of gross domestic product (GDP),S13,General government,P51C,Consumption of fixed capital,HU,Hungary,1996,,4.8,,,,,
dataflow,ESTAT:GOV_10A_MAIN(1.0),"Government revenue, expenditure and main aggregates",A,Annual,PC_GDP,Percentage of gross domestic product (GDP),S13,General government,P51C,Consumption of fixed capital,HU,Hungary,1997,,4.5,,,,,
dataflow,ESTAT:GOV_10A_MAIN(1.0),"Government revenue, expenditure and main aggregates",A,Annual,PC_GDP,Percentage of gross domestic product (GDP),S13,General government,P51C,Consumption of fixed capital,HU,Hungary,1998,,4.3,,,,,
dataflow,ESTAT:GOV_10A_MAIN(1.0),"Government revenue, expenditure and main aggregates",A,Annual,PC_GDP,Percentage of gross domestic product (GDP),S13,General government,P51C,Consumption of fixed capital,HU,Hungary,1999,,4.4,,,,,
dataflow,ESTAT:GOV_10A_MAIN(1.0),"Government revenue, expenditure and main aggregates",A,Annual,PC_GDP,Percentage of gross domestic product (GDP),S13,General government,P51C,Consumption of fixed capital,HU,Hungary,2000,,4.3,,,,,
dataflow,ESTAT:GOV_10A_MAIN(1.0),"Government revenue, expenditure and main aggregates",A,Annual,PC_GDP,Percentage of gross domestic product (GDP),S13,General government,P51C,Consumption of fixed capital,HU,Hungary,2001,,4.0,,,,,
dataflow,ESTAT:GOV_10A_MAIN(1.0),"Government revenue, expenditure and main aggregates",A,Annual,PC_GDP,Percentage of gross domestic product (GDP),S13,General government,P51C,Consumption of fixed capital,HU,Hungary,2002,,3.7,,,,,
dataflow,ESTAT:GOV_10A_MAIN(1.0),"Government revenue, expenditure and main aggregates",A,Annual,PC_GDP,Percentage of gross domestic product (GDP),S13,General government,P51C,Consumption of fixed capital,HU,Hungary,2003,,3.6,,,,,
dataflow,ESTAT:GOV_10A_MAIN(1.0),"Government revenue, expenditure and main aggregates",A,Annual,PC_GDP,Percentage of gross domestic product (GDP),S13,General government,P51C,Consumption of fixed capital,HU,Hungary,2004,,3.4,,,,,
dataflow,ESTAT:GOV_10A_MAIN(1.0),"Government revenue, expenditure and main aggregates",A,Annual,PC_GDP,Percentage of gross domestic product (GDP),S13,General government,P51C,Consumption of fixed capital,HU,Hungary,2005,,3.3,,,,,
dataflow,ESTAT:GOV_10A_MAIN(1.0),"Government revenue, expenditure and main aggregates",A,Annual,PC_GDP,Percentage of gross domestic product (GDP),S13,General government,P51C,Consumption of fixed capital,HU,Hungary,2006,,3.3,,,,,
dataflow,ESTAT:GOV_10A_MAIN(1.0),"Government revenue, expenditure and main aggregates",A,Annual,PC_GDP,Percentage of gross domestic product (GDP),S13,General government,P51C,Consumption of fixed capital,HU,Hungary,2007,,3.4,,,,,
dataflow,ESTAT:GOV_10A_MAIN(1.0),"Government revenue, expenditure and main aggregates",A,Annual,PC_GDP,Percentage of gross domestic product (GDP),S13,General government,P51C,Consumption of fixed capital,HU,Hungary,2008,,3.5,,,,,
dataflow,ESTAT:GOV_10A_MAIN(1.0),"Government revenue, expenditure and main aggregates",A,Annual,PC_GDP,Percentage of gross domestic product (GDP),S13,General government,P51C,Consumption of fixed capital,HU,Hungary,2009,,3.7,,,,,
dataflow,ESTAT:GOV_10A_MAIN(1.0),"Government revenue, expenditure and main aggregates",A,Annual,PC_GDP,Percentage of gross domestic product (GDP),S13,General government,P51C,Consumption of fixed capital,HU,Hungary,2010,,3.7,,,,,
dataflow,ESTAT:GOV_10A_MAIN(1.0),"Government revenue, expenditure and main aggregates",A,Annual,PC_GDP,Percentage of gross domestic product (GDP),S13,General government,P51C,Consumption of fixed capital,HU,Hungary,2011,,3.6,,,,,
dataflow,ESTAT:GOV_10A_MAIN(1.0),"Government revenue, expenditure and main aggregates",A,Annual,PC_GDP,Percentage of gross domestic product (GDP),S13,General government,P51C,Consumption of fixed capital,HU,Hungary,2012,,3.7,,,,,
dataflow,ESTAT:GOV_10A_MAIN(1.0),"Government revenue, expenditure and main aggregates",A,Annual,PC_GDP,Percentage of gross domestic product (GDP),S13,General government,P51C,Consumption of fixed capital,HU,Hungary,2013,,3.5,,,,,
dataflow,ESTAT:GOV_10A_MAIN(1.0),"Government revenue, expenditure and main aggregates",A,Annual,PC_GDP,Percentage of gross domestic product (GDP),S13,General government,P51C,Consumption of fixed capital,HU,Hungary,2014,,3.4,,,,,
dataflow,ESTAT:GOV_10A_MAIN(1.0),"Government revenue, expenditure and main aggregates",A,Annual,PC_GDP,Percentage of gross domestic product (GDP),S13,General government,P51C,Consumption of fixed capital,HU,Hungary,2015,,3.4,,,,,
dataflow,ESTAT:GOV_10A_MAIN(1.0),"Government revenue, expenditure and main aggregates",A,Annual,PC_GDP,Percentage of gross domestic product (GDP),S13,General government,P51C,Consumption of fixed capital,HU,Hungary,2016,,3.5,,,,,
dataflow,ESTAT:GOV_10A_MAIN(1.0),"Government revenue, expenditure and main aggregates",A,Annual,PC_GDP,Percentage of gross domestic product (GDP),S13,General government,P51C,Consumption of fixed capital,HU,Hungary,2017,,3.5,,,,,
dataflow,ESTAT:GOV_10A_MAIN(1.0),"Government revenue, expenditure and main aggregates",A,Annual,PC_GDP,Percentage of gross domestic product (GDP),S13,General government,P51C,Consumption of fixed capital,HU,Hungary,2018,,3.5,,,,,
dataflow,ESTAT:GOV_10A_MAIN(1.0),"Government revenue, expenditure and main aggregates",A,Annual,PC_GDP,Percentage of gross domestic product (GDP),S13,General government,P51C,Consumption of fixed capital,HU,Hungary,2019,,3.7,,,,,
dataflow,ESTAT:GOV_10A_MAIN(1.0),"Government revenue, expenditure and main aggregates",A,Annual,PC_GDP,Percentage of gross domestic product (GDP),S13,General government,P51C,Consumption of fixed capital,HU,Hungary,2020,,4.1,,,,,
dataflow,ESTAT:GOV_10A_MAIN(1.0),"Government revenue, expenditure and main aggregates",A,Annual,PC_GDP,Percentage of gross domestic product (GDP),S13,General government,P51C,Consumption of fixed capital,HU,Hungary,2021,,4.1,,,,,
dataflow,ESTAT:GOV_10A_MAIN(1.0),"Government revenue, expenditure and main aggregates",A,Annual,PC_GDP,Percentage of gross domestic product (GDP),S13,General government,P51C,Consumption of fixed capital,HU,Hungary,2022,,4.3,,,,,
dataflow,ESTAT:GOV_10A_MAIN(1.0),"Government revenue, expenditure and main aggregates",A,Annual,PC_GDP,Percentage of gross domestic product (GDP),S13,General government,P51C,Consumption of fixed capital,HU,Hungary,2023,,4.3,,,,,
dataflow,ESTAT:GOV_10A_MAIN(1.0),"Government revenue, expenditure and main aggregates",A,Annual,PC_GDP,Percentage of gross domestic product (GDP),S13,General government,P51C,Consumption of fixed capital,HU,Hungary,2024,,4.4,,,,,
dataflow,ESTAT:GOV_10A_MAIN(1.0),"Government revenue, expenditure and main aggregates",A,Annual,PC_GDP,Percentage of gross domestic product (GDP),S13,General government,P51C,Consumption of fixed capital,IE,Ireland,1995,,1.8,,,,,
dataflow,ESTAT:GOV_10A_MAIN(1.0),"Government revenue, expenditure and main aggregates",A,Annual,PC_GDP,Percentage of gross domestic product (GDP),S13,General government,P51C,Consumption of fixed capital,IE,Ireland,1996,,1.8,,,,,
dataflow,ESTAT:GOV_10A_MAIN(1.0),"Government revenue, expenditure and main aggregates",A,Annual,PC_GDP,Percentage of gross domestic product (GDP),S13,General government,P51C,Consumption of fixed capital,IE,Ireland,1997,,1.7,,,,,
dataflow,ESTAT:GOV_10A_MAIN(1.0),"Government revenue, expenditure and main aggregates",A,Annual,PC_GDP,Percentage of gross domestic product (GDP),S13,General government,P51C,Consumption of fixed capital,IE,Ireland,1998,,1.7,,,,,
dataflow,ESTAT:GOV_10A_MAIN(1.0),"Government revenue, expenditure and main aggregates",A,Annual,PC_GDP,Percentage of gross domestic product (GDP),S13,General government,P51C,Consumption of fixed capital,IE,Ireland,1999,,1.7,,,,,
dataflow,ESTAT:GOV_10A_MAIN(1.0),"Government revenue, expenditure and main aggregates",A,Annual,PC_GDP,Percentage of gross domestic product (GDP),S13,General government,P51C,Consumption of fixed capital,IE,Ireland,2000,,1.7,,,,,
dataflow,ESTAT:GOV_10A_MAIN(1.0),"Government revenue, expenditure and main aggregates",A,Annual,PC_GDP,Percentage of gross domestic product (GDP),S13,General government,P51C,Consumption of fixed capital,IE,Ireland,2001,,1.7,,,,,
dataflow,ESTAT:GOV_10A_MAIN(1.0),"Government revenue, expenditure and main aggregates",A,Annual,PC_GDP,Percentage of gross domestic product (GDP),S13,General government,P51C,Consumption of fixed capital,IE,Ireland,2002,,1.7,,,,,
dataflow,ESTAT:GOV_10A_MAIN(1.0),"Government revenue, expenditure and main aggregates",A,Annual,PC_GDP,Percentage of gross domestic product (GDP),S13,General government,P51C,Consumption of fixed capital,IE,Ireland,2003,,1.7,,,,,
dataflow,ESTAT:GOV_10A_MAIN(1.0),"Government revenue, expenditure and main aggregates",A,Annual,PC_GDP,Percentage of gross domestic product (GDP),S13,General government,P51C,Consumption of fixed capital,IE,Ireland,2004,,1.8,,,,,
dataflow,ESTAT:GOV_10A_MAIN(1.0),"Government revenue, expenditure and main aggregates",A,Annual,PC_GDP,Percentage of gross domestic product (GDP),S13,General government,P51C,Consumption of fixed capital,IE,Ireland,2005,,1.8,,,,,
dataflow,ESTAT:GOV_10A_MAIN(1.0),"Government revenue, expenditure and main aggregates",A,Annual,PC_GDP,Percentage of gross domestic product (GDP),S13,General government,P51C,Consumption of fixed capital,IE,Ireland,2006,,1.8,,,,,
dataflow,ESTAT:GOV_10A_MAIN(1.0),"Government revenue, expenditure and main aggregates",A,Annual,PC_GDP,Percentage of gross domestic product (GDP),S13,General government,P51C,Consumption of fixed capital,IE,Ireland,2007,,1.7,,,,,
dataflow,ESTAT:GOV_10A_MAIN(1.0),"Government revenue, expenditure and main aggregates",A,Annual,PC_GDP,Percentage of gross domestic product (GDP),S13,General government,P51C,Consumption of fixed capital,IE,Ireland,2008,,1.8,,,,,
dataflow,ESTAT:GOV_10A_MAIN(1.0),"Government revenue, expenditure and main aggregates",A,Annual,PC_GDP,Percentage of gross domestic product (GDP),S13,General government,P51C,Consumption of fixed capital,IE,Ireland,2009,,1.9,,,,,
dataflow,ESTAT:GOV_10A_MAIN(1.0),"Government revenue, expenditure and main aggregates",A,Annual,PC_GDP,Percentage of gross domestic product (GDP),S13,General government,P51C,Consumption of fixed capital,IE,Ireland,2010,,1.9,,,,,
dataflow,ESTAT:GOV_10A_MAIN(1.0),"Government revenue, expenditure and main aggregates",A,Annual,PC_GDP,Percentage of gross domestic product (GDP),S13,General government,P51C,Consumption of fixed capital,IE,Ireland,2011,,1.8,,,,,
dataflow,ESTAT:GOV_10A_MAIN(1.0),"Government revenue, expenditure and main aggregates",A,Annual,PC_GDP,Percentage of gross domestic product (GDP),S13,General government,P51C,Consumption of fixed capital,IE,Ireland,2012,,1.8,,,,,
dataflow,ESTAT:GOV_10A_MAIN(1.0),"Government revenue, expenditure and main aggregates",A,Annual,PC_GDP,Percentage of gross domestic product (GDP),S13,General government,P51C,Consumption of fixed capital,IE,Ireland,2013,,1.8,,,,,
dataflow,ESTAT:GOV_10A_MAIN(1.0),"Government revenue, expenditure and main aggregates",A,Annual,PC_GDP,Percentage of gross domestic product (GDP),S13,General government,P51C,Consumption of fixed capital,IE,Ireland,2014,,1.7,,,,,
dataflow,ESTAT:GOV_10A_MAIN(1.0),"Government revenue, expenditure and main aggregates",A,Annual,PC_GDP,Percentage of gross domestic product (GDP),S13,General government,P51C,Consumption of fixed capital,IE,Ireland,2015,,1.3,,,,,
dataflow,ESTAT:GOV_10A_MAIN(1.0),"Government revenue, expenditure and main aggregates",A,Annual,PC_GDP,Percentage of gross domestic product (GDP),S13,General government,P51C,Consumption of fixed capital,IE,Ireland,2016,,1.4,,,,,
dataflow,ESTAT:GOV_10A_MAIN(1.0),"Government revenue, expenditure and main aggregates",A,Annual,PC_GDP,Percentage of gross domestic product (GDP),S13,General government,P51C,Consumption of fixed capital,IE,Ireland,2017,,1.3,,,,,
dataflow,ESTAT:GOV_10A_MAIN(1.0),"Government revenue, expenditure and main aggregates",A,Annual,PC_GDP,Percentage of gross domestic product (GDP),S13,General government,P51C,Consumption of fixed capital,IE,Ireland,2018,,1.3,,,,,
dataflow,ESTAT:GOV_10A_MAIN(1.0),"Government revenue, expenditure and main aggregates",A,Annual,PC_GDP,Percentage of gross domestic product (GDP),S13,General government,P51C,Consumption of fixed capital,IE,Ireland,2019,,1.3,,,,,
dataflow,ESTAT:GOV_10A_MAIN(1.0),"Government revenue, expenditure and main aggregates",A,Annual,PC_GDP,Percentage of gross domestic product (GDP),S13,General government,P51C,Consumption of fixed capital,IE,Ireland,2020,,1.3,,,,,
dataflow,ESTAT:GOV_10A_MAIN(1.0),"Government revenue, expenditure and main aggregates",A,Annual,PC_GDP,Percentage of gross domestic product (GDP),S13,General government,P51C,Consumption of fixed capital,IE,Ireland,2021,,1.3,,,,,
dataflow,ESTAT:GOV_10A_MAIN(1.0),"Government revenue, expenditure and main aggregates",A,Annual,PC_GDP,Percentage of gross domestic product (GDP),S13,General government,P51C,Consumption of fixed capital,IE,Ireland,2022,,1.3,,,,,
dataflow,ESTAT:GOV_10A_MAIN(1.0),"Government revenue, expenditure and main aggregates",A,Annual,PC_GDP,Percentage of gross domestic product (GDP),S13,General government,P51C,Consumption of fixed capital,IE,Ireland,2023,,1.4,,,,,
dataflow,ESTAT:GOV_10A_MAIN(1.0),"Government revenue, expenditure and main aggregates",A,Annual,PC_GDP,Percentage of gross domestic product (GDP),S13,General government,P51C,Consumption of fixed capital,IE,Ireland,2024,,1.4,,,,,
dataflow,ESTAT:GOV_10A_MAIN(1.0),"Government revenue, expenditure and main aggregates",A,Annual,PC_GDP,Percentage of gross domestic product (GDP),S13,General government,P51C,Consumption of fixed capital,IS,Iceland,1998,,3.6,,,,,
dataflow,ESTAT:GOV_10A_MAIN(1.0),"Government revenue, expenditure and main aggregates",A,Annual,PC_GDP,Percentage of gross domestic product (GDP),S13,General government,P51C,Consumption of fixed capital,IS,Iceland,1999,,3.5,,,,,
dataflow,ESTAT:GOV_10A_MAIN(1.0),"Government revenue, expenditure and main aggregates",A,Annual,PC_GDP,Percentage of gross domestic product (GDP),S13,General government,P51C,Consumption of fixed capital,IS,Iceland,2000,,3.4,,,,,
dataflow,ESTAT:GOV_10A_MAIN(1.0),"Government revenue, expenditure and main aggregates",A,Annual,PC_GDP,Percentage of gross domestic product (GDP),S13,General government,P51C,Consumption of fixed capital,IS,Iceland,2001,,3.3,,,,,
dataflow,ESTAT:GOV_10A_MAIN(1.0),"Government revenue, expenditure and main aggregates",A,Annual,PC_GDP,Percentage of gross domestic product (GDP),S13,General government,P51C,Consumption of fixed capital,IS,Iceland,2002,,3.5,,,,,
dataflow,ESTAT:GOV_10A_MAIN(1.0),"Government revenue, expenditure and main aggregates",A,Annual,PC_GDP,Percentage of gross domestic product (GDP),S13,General government,P51C,Consumption of fixed capital,IS,Iceland,2003,,3.5,,,,,
dataflow,ESTAT:GOV_10A_MAIN(1.0),"Government revenue, expenditure and main aggregates",A,Annual,PC_GDP,Percentage of gross domestic product (GDP),S13,General government,P51C,Consumption of fixed capital,IS,Iceland,2004,,3.2,,,,,
dataflow,ESTAT:GOV_10A_MAIN(1.0),"Government revenue, expenditure and main aggregates",A,Annual,PC_GDP,Percentage of gross domestic product (GDP),S13,General government,P51C,Consumption of fixed capital,IS,Iceland,2005,,3.1,,,,,
dataflow,ESTAT:GOV_10A_MAIN(1.0),"Government revenue, expenditure and main aggregates",A,Annual,PC_GDP,Percentage of gross domestic product (GDP),S13,General government,P51C,Consumption of fixed capital,IS,Iceland,2006,,2.9,,,,,
dataflow,ESTAT:GOV_10A_MAIN(1.0),"Government revenue, expenditure and main aggregates",A,Annual,PC_GDP,Percentage of gross domestic product (GDP),S13,General government,P51C,Consumption of fixed capital,IS,Iceland,2007,,2.9,,,,,
dataflow,ESTAT:GOV_10A_MAIN(1.0),"Government revenue, expenditure and main aggregates",A,Annual,PC_GDP,Percentage of gross domestic product (GDP),S13,General government,P51C,Consumption of fixed capital,IS,Iceland,2008,,3.1,,,,,
dataflow,ESTAT:GOV_10A_MAIN(1.0),"Government revenue, expenditure and main aggregates",A,Annual,PC_GDP,Percentage of gross domestic product (GDP),S13,General government,P51C,Consumption of fixed capital,IS,Iceland,2009,,3.6,,,,,
dataflow,ESTAT:GOV_10A_MAIN(1.0),"Government revenue, expenditure and main aggregates",A,Annual,PC_GDP,Percentage of gross domestic product (GDP),S13,General government,P51C,Consumption of fixed capital,IS,Iceland,2010,,3.6,,,,,
dataflow,ESTAT:GOV_10A_MAIN(1.0),"Government revenue, expenditure and main aggregates",A,Annual,PC_GDP,Percentage of gross domestic product (GDP),S13,General government,P51C,Consumption of fixed capital,IS,Iceland,2011,,3.6,,,,,
dataflow,ESTAT:GOV_10A_MAIN(1.0),"Government revenue, expenditure and main aggregates",A,Annual,PC_GDP,Percentage of gross domestic product (GDP),S13,General government,P51C,Consumption of fixed capital,IS,Iceland,2012,,3.6,,,,,
dataflow,ESTAT:GOV_10A_MAIN(1.0),"Government revenue, expenditure and main aggregates",A,Annual,PC_GDP,Percentage of gross domestic product (GDP),S13,General government,P51C,Consumption of fixed capital,IS,Iceland,2013,,3.4,,,,,
dataflow,ESTAT:GOV_10A_MAIN(1.0),"Government revenue, expenditure and main aggregates",A,Annual,PC_GDP,Percentage of gross domestic product (GDP),S13,General government,P51C,Consumption of fixed capital,IS,Iceland,2014,,3.2,,,,,
dataflow,ESTAT:GOV_10A_MAIN(1.0),"Government revenue, expenditure and main aggregates",A,Annual,PC_GDP,Percentage of gross domestic product (GDP),S13,General government,P51C,Consumption of fixed capital,IS,Iceland,2015,,3.0,,,,,
dataflow,ESTAT:GOV_10A_MAIN(1.0),"Government revenue, expenditure and main aggregates",A,Annual,PC_GDP,Percentage of gross domestic product (GDP),S13,General government,P51C,Consumption of fixed capital,IS,Iceland,2016,,2.8,,,,,
dataflow,ESTAT:GOV_10A_MAIN(1.0),"Government revenue, expenditure and main aggregates",A,Annual,PC_GDP,Percentage of gross domestic product (GDP),S13,General government,P51C,Consumption of fixed capital,IS,Iceland,2017,,2.7,,,,,
dataflow,ESTAT:GOV_10A_MAIN(1.0),"Government revenue, expenditure and main aggregates",A,Annual,PC_GDP,Percentage of gross domestic product (GDP),S13,General government,P51C,Consumption of fixed capital,IS,Iceland,2018,,2.7,,,,,
dataflow,ESTAT:GOV_10A_MAIN(1.0),"Government revenue, expenditure and main aggregates",A,Annual,PC_GDP,Percentage of gross domestic product (GDP),S13,General government,P51C,Consumption of fixed capital,IS,Iceland,2019,,2.8,,,,,
dataflow,ESTAT:GOV_10A_MAIN(1.0),"Government revenue, expenditure and main aggregates",A,Annual,PC_GDP,Percentage of gross domestic product (GDP),S13,General government,P51C,Consumption of fixed capital,IS,Iceland,2020,,3.0,,,,,
dataflow,ESTAT:GOV_10A_MAIN(1.0),"Government revenue, expenditure and main aggregates",A,Annual,PC_GDP,Percentage of gross domestic product (GDP),S13,General government,P51C,Consumption of fixed capital,IS,Iceland,2021,,3.0,,,,,
dataflow,ESTAT:GOV_10A_MAIN(1.0),"Government revenue, expenditure and main aggregates",A,Annual,PC_GDP,Percentage of gross domestic product (GDP),S13,General government,P51C,Consumption of fixed capital,IS,Iceland,2022,,2.7,,,,,
dataflow,ESTAT:GOV_10A_MAIN(1.0),"Government revenue, expenditure and main aggregates",A,Annual,PC_GDP,Percentage of gross domestic product (GDP),S13,General government,P51C,Consumption of fixed capital,IS,Iceland,2023,,2.7,,,,,
dataflow,ESTAT:GOV_10A_MAIN(1.0),"Government revenue, expenditure and main aggregates",A,Annual,PC_GDP,Percentage of gross domestic product (GDP),S13,General government,P51C,Consumption of fixed capital,IS,Iceland,2024,,2.8,,,,,
dataflow,ESTAT:GOV_10A_MAIN(1.0),"Government revenue, expenditure and main aggregates",A,Annual,PC_GDP,Percentage of gross domestic product (GDP),S13,General government,P51C,Consumption of fixed capital,IT,Italy,1995,,2.3,,,,,
dataflow,ESTAT:GOV_10A_MAIN(1.0),"Government revenue, expenditure and main aggregates",A,Annual,PC_GDP,Percentage of gross domestic product (GDP),S13,General government,P51C,Consumption of fixed capital,IT,Italy,1996,,2.3,,,,,
dataflow,ESTAT:GOV_10A_MAIN(1.0),"Government revenue, expenditure and main aggregates",A,Annual,PC_GDP,Percentage of gross domestic product (GDP),S13,General government,P51C,Consumption of fixed capital,IT,Italy,1997,,2.2,,,,,
dataflow,ESTAT:GOV_10A_MAIN(1.0),"Government revenue, expenditure and main aggregates",A,Annual,PC_GDP,Percentage of gross domestic product (GDP),S13,General government,P51C,Consumption of fixed capital,IT,Italy,1998,,2.2,,,,,
dataflow,ESTAT:GOV_10A_MAIN(1.0),"Government revenue, expenditure and main aggregates",A,Annual,PC_GDP,Percentage of gross domestic product (GDP),S13,General government,P51C,Consumption of fixed capital,IT,Italy,1999,,2.2,,,,,
dataflow,ESTAT:GOV_10A_MAIN(1.0),"Government revenue, expenditure and main aggregates",A,Annual,PC_GDP,Percentage of gross domestic product (GDP),S13,General government,P51C,Consumption of fixed capital,IT,Italy,2000,,2.2,,,,,
dataflow,ESTAT:GOV_10A_MAIN(1.0),"Government revenue, expenditure and main aggregates",A,Annual,PC_GDP,Percentage of gross domestic product (GDP),S13,General government,P51C,Consumption of fixed capital,IT,Italy,2001,,2.3,,,,,
dataflow,ESTAT:GOV_10A_MAIN(1.0),"Government revenue, expenditure and main aggregates",A,Annual,PC_GDP,Percentage of gross domestic product (GDP),S13,General government,P51C,Consumption of fixed capital,IT,Italy,2002,,2.3,,,,,
dataflow,ESTAT:GOV_10A_MAIN(1.0),"Government revenue, expenditure and main aggregates",A,Annual,PC_GDP,Percentage of gross domestic product (GDP),S13,General government,P51C,Consumption of fixed capital,IT,Italy,2003,,2.4,,,,,
dataflow,ESTAT:GOV_10A_MAIN(1.0),"Government revenue, expenditure and main aggregates",A,Annual,PC_GDP,Percentage of gross domestic product (GDP),S13,General government,P51C,Consumption of fixed capital,IT,Italy,2004,,2.4,,,,,
dataflow,ESTAT:GOV_10A_MAIN(1.0),"Government revenue, expenditure and main aggregates",A,Annual,PC_GDP,Percentage of gross domestic product (GDP),S13,General government,P51C,Consumption of fixed capital,IT,Italy,2005,,2.5,,,,,
dataflow,ESTAT:GOV_10A_MAIN(1.0),"Government revenue, expenditure and main aggregates",A,Annual,PC_GDP,Percentage of gross domestic product (GDP),S13,General government,P51C,Consumption of fixed capital,IT,Italy,2006,,2.5,,,,,
dataflow,ESTAT:GOV_10A_MAIN(1.0),"Government revenue, expenditure and main aggregates",A,Annual,PC_GDP,Percentage of gross domestic product (GDP),S13,General government,P51C,Consumption of fixed capital,IT,Italy,2007,,2.6,,,,,
dataflow,ESTAT:GOV_10A_MAIN(1.0),"Government revenue, expenditure and main aggregates",A,Annual,PC_GDP,Percentage of gross domestic product (GDP),S13,General government,P51C,Consumption of fixed capital,IT,Italy,2008,,2.7,,,,,
dataflow,ESTAT:GOV_10A_MAIN(1.0),"Government revenue, expenditure and main aggregates",A,Annual,PC_GDP,Percentage of gross domestic product (GDP),S13,General government,P51C,Consumption of fixed capital,IT,Italy,2009,,2.9,,,,,
dataflow,ESTAT:GOV_10A_MAIN(1.0),"Government revenue, expenditure and main aggregates",A,Annual,PC_GDP,Percentage of gross domestic product (GDP),S13,General government,P51C,Consumption of fixed capital,IT,Italy,2010,,2.9,,,,,
dataflow,ESTAT:GOV_10A_MAIN(1.0),"Government revenue, expenditure and main aggregates",A,Annual,PC_GDP,Percentage of gross domestic product (GDP),S13,General government,P51C,Consumption of fixed capital,IT,Italy,2011,,3.0,,,,,
dataflow,ESTAT:GOV_10A_MAIN(1.0),"Government revenue, expenditure and main aggregates",A,Annual,PC_GDP,Percentage of gross domestic product (GDP),S13,General government,P51C,Consumption of fixed capital,IT,Italy,2012,,3.1,,,,,
dataflow,ESTAT:GOV_10A_MAIN(1.0),"Government revenue, expenditure and main aggregates",A,Annual,PC_GDP,Percentage of gross domestic product (GDP),S13,General government,P51C,Consumption of fixed capital,IT,Italy,2013,,3.1,,,,,
dataflow,ESTAT:GOV_10A_MAIN(1.0),"Government revenue, expenditure and main aggregates",A,Annual,PC_GDP,Percentage of gross domestic product (GDP),S13,General government,P51C,Consumption of fixed capital,IT,Italy,2014,,3.0,,,,,
dataflow,ESTAT:GOV_10A_MAIN(1.0),"Government revenue, expenditure and main aggregates",A,Annual,PC_GDP,Percentage of gross domestic product (GDP),S13,General government,P51C,Consumption of fixed capital,IT,Italy,2015,,3.0,,,,,
dataflow,ESTAT:GOV_10A_MAIN(1.0),"Government revenue, expenditure and main aggregates",A,Annual,PC_GDP,Percentage of gross domestic product (GDP),S13,General government,P51C,Consumption of fixed capital,IT,Italy,2016,,2.9,,,,,
dataflow,ESTAT:GOV_10A_MAIN(1.0),"Government revenue, expenditure and main aggregates",A,Annual,PC_GDP,Percentage of gross domestic product (GDP),S13,General government,P51C,Consumption of fixed capital,IT,Italy,2017,,2.9,,,,,
dataflow,ESTAT:GOV_10A_MAIN(1.0),"Government revenue, expenditure and main aggregates",A,Annual,PC_GDP,Percentage of gross domestic product (GDP),S13,General government,P51C,Consumption of fixed capital,IT,Italy,2018,,2.8,,,,,
dataflow,ESTAT:GOV_10A_MAIN(1.0),"Government revenue, expenditure and main aggregates",A,Annual,PC_GDP,Percentage of gross domestic product (GDP),S13,General government,P51C,Consumption of fixed capital,IT,Italy,2019,,2.8,,,,,
dataflow,ESTAT:GOV_10A_MAIN(1.0),"Government revenue, expenditure and main aggregates",A,Annual,PC_GDP,Percentage of gross domestic product (GDP),S13,General government,P51C,Consumption of fixed capital,IT,Italy,2020,,3.1,,,,,
dataflow,ESTAT:GOV_10A_MAIN(1.0),"Government revenue, expenditure and main aggregates",A,Annual,PC_GDP,Percentage of gross domestic product (GDP),S13,General government,P51C,Consumption of fixed capital,IT,Italy,2021,,2.9,,,,,
dataflow,ESTAT:GOV_10A_MAIN(1.0),"Government revenue, expenditure and main aggregates",A,Annual,PC_GDP,Percentage of gross domestic product (GDP),S13,General government,P51C,Consumption of fixed capital,IT,Italy,2022,,2.9,,,,,
dataflow,ESTAT:GOV_10A_MAIN(1.0),"Government revenue, expenditure and main aggregates",A,Annual,PC_GDP,Percentage of gross domestic product (GDP),S13,General government,P51C,Consumption of fixed capital,IT,Italy,2023,,2.7,,,,,
dataflow,ESTAT:GOV_10A_MAIN(1.0),"Government revenue, expenditure and main aggregates",A,Annual,PC_GDP,Percentage of gross domestic product (GDP),S13,General government,P51C,Consumption of fixed capital,IT,Italy,2024,,2.7,,,,,
dataflow,ESTAT:GOV_10A_MAIN(1.0),"Government revenue, expenditure and main aggregates",A,Annual,PC_GDP,Percentage of gross domestic product (GDP),S13,General government,P51C,Consumption of fixed capital,LT,Lithuania,1995,,4.5,,,,,
dataflow,ESTAT:GOV_10A_MAIN(1.0),"Government revenue, expenditure and main aggregates",A,Annual,PC_GDP,Percentage of gross domestic product (GDP),S13,General government,P51C,Consumption of fixed capital,LT,Lithuania,1996,,4.0,,,,,
dataflow,ESTAT:GOV_10A_MAIN(1.0),"Government revenue, expenditure and main aggregates",A,Annual,PC_GDP,Percentage of gross domestic product (GDP),S13,General government,P51C,Consumption of fixed capital,LT,Lithuania,1997,,3.6,,,,,
dataflow,ESTAT:GOV_10A_MAIN(1.0),"Government revenue, expenditure and main aggregates",A,Annual,PC_GDP,Percentage of gross domestic product (GDP),S13,General government,P51C,Consumption of fixed capital,LT,Lithuania,1998,,3.4,,,,,
dataflow,ESTAT:GOV_10A_MAIN(1.0),"Government revenue, expenditure and main aggregates",A,Annual,PC_GDP,Percentage of gross domestic product (GDP),S13,General government,P51C,Consumption of fixed capital,LT,Lithuania,1999,,3.5,,,,,
dataflow,ESTAT:GOV_10A_MAIN(1.0),"Government revenue, expenditure and main aggregates",A,Annual,PC_GDP,Percentage of gross domestic product (GDP),S13,General government,P51C,Consumption of fixed capital,LT,Lithuania,2000,,3.4,,,,,
dataflow,ESTAT:GOV_10A_MAIN(1.0),"Government revenue, expenditure and main aggregates",A,Annual,PC_GDP,Percentage of gross domestic product (GDP),S13,General government,P51C,Consumption of fixed capital,LT,Lithuania,2001,,3.2,,,,,
dataflow,ESTAT:GOV_10A_MAIN(1.0),"Government revenue, expenditure and main aggregates",A,Annual,PC_GDP,Percentage of gross domestic product (GDP),S13,General government,P51C,Consumption of fixed capital,LT,Lithuania,2002,,2.9,,,,,
dataflow,ESTAT:GOV_10A_MAIN(1.0),"Government revenue, expenditure and main aggregates",A,Annual,PC_GDP,Percentage of gross domestic product (GDP),S13,General government,P51C,Consumption of fixed capital,LT,Lithuania,2003,,2.8,,,,,
dataflow,ESTAT:GOV_10A_MAIN(1.0),"Government revenue, expenditure and main aggregates",A,Annual,PC_GDP,Percentage of gross domestic product (GDP),S13,General government,P51C,Consumption of fixed capital,LT,Lithuania,2004,,2.7,,,,,
dataflow,ESTAT:GOV_10A_MAIN(1.0),"Government revenue, expenditure and main aggregates",A,Annual,PC_GDP,Percentage of gross domestic product (GDP),S13,General government,P51C,Consumption of fixed capital,LT,Lithuania,2005,,2.6,,,,,
dataflow,ESTAT:GOV_10A_MAIN(1.0),"Government revenue, expenditure and main aggregates",A,Annual,PC_GDP,Percentage of gross domestic product (GDP),S13,General government,P51C,Consumption of fixed capital,LT,Lithuania,2006,,2.5,,,,,
dataflow,ESTAT:GOV_10A_MAIN(1.0),"Government revenue, expenditure and main aggregates",A,Annual,PC_GDP,Percentage of gross domestic product (GDP),S13,General government,P51C,Consumption of fixed capital,LT,Lithuania,2007,,2.4,,,,,
dataflow,ESTAT:GOV_10A_MAIN(1.0),"Government revenue, expenditure and main aggregates",A,Annual,PC_GDP,Percentage of gross domestic product (GDP),S13,General government,P51C,Consumption of fixed capital,LT,Lithuania,2008,,2.5,,,,,
dataflow,ESTAT:GOV_10A_MAIN(1.0),"Government revenue, expenditure and main aggregates",A,Annual,PC_GDP,Percentage of gross domestic product (GDP),S13,General government,P51C,Consumption of fixed capital,LT,Lithuania,2009,,3.0,,,,,
dataflow,ESTAT:GOV_10A_MAIN(1.0),"Government revenue, expenditure and main aggregates",A,Annual,PC_GDP,Percentage of gross domestic product (GDP),S13,General government,P51C,Consumption of fixed capital,LT,Lithuania,2010,,2.9,,,,,
dataflow,ESTAT:GOV_10A_MAIN(1.0),"Government revenue, expenditure and main aggregates",A,Annual,PC_GDP,Percentage of gross domestic product (GDP),S13,General government,P51C,Consumption of fixed capital,LT,Lithuania,2011,,3.0,,,,,
dataflow,ESTAT:GOV_10A_MAIN(1.0),"Government revenue, expenditure and main aggregates",A,Annual,PC_GDP,Percentage of gross domestic product (GDP),S13,General government,P51C,Consumption of fixed capital,LT,Lithuania,2012,,3.1,,,,,
dataflow,ESTAT:GOV_10A_MAIN(1.0),"Government revenue, expenditure and main aggregates",A,Annual,PC_GDP,Percentage of gross domestic product (GDP),S13,General government,P51C,Consumption of fixed capital,LT,Lithuania,2013,,3.1,,,,,
dataflow,ESTAT:GOV_10A_MAIN(1.0),"Government revenue, expenditure and main aggregates",A,Annual,PC_GDP,Percentage of gross domestic product (GDP),S13,General government,P51C,Consumption of fixed capital,LT,Lithuania,2014,,3.1,,,,,
dataflow,ESTAT:GOV_10A_MAIN(1.0),"Government revenue, expenditure and main aggregates",A,Annual,PC_GDP,Percentage of gross domestic product (GDP),S13,General government,P51C,Consumption of fixed capital,LT,Lithuania,2015,,3.1,,,,,
dataflow,ESTAT:GOV_10A_MAIN(1.0),"Government revenue, expenditure and main aggregates",A,Annual,PC_GDP,Percentage of gross domestic product (GDP),S13,General government,P51C,Consumption of fixed capital,LT,Lithuania,2016,,3.0,,,,,
dataflow,ESTAT:GOV_10A_MAIN(1.0),"Government revenue, expenditure and main aggregates",A,Annual,PC_GDP,Percentage of gross domestic product (GDP),S13,General government,P51C,Consumption of fixed capital,LT,Lithuania,2017,,2.8,,,,,
dataflow,ESTAT:GOV_10A_MAIN(1.0),"Government revenue, expenditure and main aggregates",A,Annual,PC_GDP,Percentage of gross domestic product (GDP),S13,General government,P51C,Consumption of fixed capital,LT,Lithuania,2018,,2.7,,,,,
dataflow,ESTAT:GOV_10A_MAIN(1.0),"Government revenue, expenditure and main aggregates",A,Annual,PC_GDP,Percentage of gross domestic product (GDP),S13,General government,P51C,Consumption of fixed capital,LT,Lithuania,2019,,2.7,,,,,
dataflow,ESTAT:GOV_10A_MAIN(1.0),"Government revenue, expenditure and main aggregates",A,Annual,PC_GDP,Percentage of gross domestic product (GDP),S13,General government,P51C,Consumption of fixed capital,LT,Lithuania,2020,,2.7,,,,,
dataflow,ESTAT:GOV_10A_MAIN(1.0),"Government revenue, expenditure and main aggregates",A,Annual,PC_GDP,Percentage of gross domestic product (GDP),S13,General government,P51C,Consumption of fixed capital,LT,Lithuania,2021,,2.6,,,,,
dataflow,ESTAT:GOV_10A_MAIN(1.0),"Government revenue, expenditure and main aggregates",A,Annual,PC_GDP,Percentage of gross domestic product (GDP),S13,General government,P51C,Consumption of fixed capital,LT,Lithuania,2022,,2.6,,,,,
dataflow,ESTAT:GOV_10A_MAIN(1.0),"Government revenue, expenditure and main aggregates",A,Annual,PC_GDP,Percentage of gross domestic product (GDP),S13,General government,P51C,Consumption of fixed capital,LT,Lithuania,2023,,2.6,,,,,
dataflow,ESTAT:GOV_10A_MAIN(1.0),"Government revenue, expenditure and main aggregates",A,Annual,PC_GDP,Percentage of gross domestic product (GDP),S13,General government,P51C,Consumption of fixed capital,LT,Lithuania,2024,,2.7,,,,,
dataflow,ESTAT:GOV_10A_MAIN(1.0),"Government revenue, expenditure and main aggregates",A,Annual,PC_GDP,Percentage of gross domestic product (GDP),S13,General government,P51C,Consumption of fixed capital,LU,Luxembourg,1995,,2.0,,,,,
dataflow,ESTAT:GOV_10A_MAIN(1.0),"Government revenue, expenditure and main aggregates",A,Annual,PC_GDP,Percentage of gross domestic product (GDP),S13,General government,P51C,Consumption of fixed capital,LU,Luxembourg,1996,,2.0,,,,,
dataflow,ESTAT:GOV_10A_MAIN(1.0),"Government revenue, expenditure and main aggregates",A,Annual,PC_GDP,Percentage of gross domestic product (GDP),S13,General government,P51C,Consumption of fixed capital,LU,Luxembourg,1997,,1.9,,,,,
dataflow,ESTAT:GOV_10A_MAIN(1.0),"Government revenue, expenditure and main aggregates",A,Annual,PC_GDP,Percentage of gross domestic product (GDP),S13,General government,P51C,Consumption of fixed capital,LU,Luxembourg,1998,,2.0,,,,,
dataflow,ESTAT:GOV_10A_MAIN(1.0),"Government revenue, expenditure and main aggregates",A,Annual,PC_GDP,Percentage of gross domestic product (GDP),S13,General government,P51C,Consumption of fixed capital,LU,Luxembourg,1999,,1.8,,,,,
dataflow,ESTAT:GOV_10A_MAIN(1.0),"Government revenue, expenditure and main aggregates",A,Annual,PC_GDP,Percentage of gross domestic product (GDP),S13,General government,P51C,Consumption of fixed capital,LU,Luxembourg,2000,,1.8,,,,,
dataflow,ESTAT:GOV_10A_MAIN(1.0),"Government revenue, expenditure and main aggregates",A,Annual,PC_GDP,Percentage of gross domestic product (GDP),S13,General government,P51C,Consumption of fixed capital,LU,Luxembourg,2001,,1.9,,,,,
dataflow,ESTAT:GOV_10A_MAIN(1.0),"Government revenue, expenditure and main aggregates",A,Annual,PC_GDP,Percentage of gross domestic product (GDP),S13,General government,P51C,Consumption of fixed capital,LU,Luxembourg,2002,,2.0,,,,,
dataflow,ESTAT:GOV_10A_MAIN(1.0),"Government revenue, expenditure and main aggregates",A,Annual,PC_GDP,Percentage of gross domestic product (GDP),S13,General government,P51C,Consumption of fixed capital,LU,Luxembourg,2003,,2.0,,,,,
dataflow,ESTAT:GOV_10A_MAIN(1.0),"Government revenue, expenditure and main aggregates",A,Annual,PC_GDP,Percentage of gross domestic product (GDP),S13,General government,P51C,Consumption of fixed capital,LU,Luxembourg,2004,,2.0,,,,,
dataflow,ESTAT:GOV_10A_MAIN(1.0),"Government revenue, expenditure and main aggregates",A,Annual,PC_GDP,Percentage of gross domestic product (GDP),S13,General government,P51C,Consumption of fixed capital,LU,Luxembourg,2005,,2.1,,,,,
dataflow,ESTAT:GOV_10A_MAIN(1.0),"Government revenue, expenditure and main aggregates",A,Annual,PC_GDP,Percentage of gross domestic product (GDP),S13,General government,P51C,Consumption of fixed capital,LU,Luxembourg,2006,,2.0,,,,,
dataflow,ESTAT:GOV_10A_MAIN(1.0),"Government revenue, expenditure and main aggregates",A,Annual,PC_GDP,Percentage of gross domestic product (GDP),S13,General government,P51C,Consumption of fixed capital,LU,Luxembourg,2007,,1.9,,,,,
dataflow,ESTAT:GOV_10A_MAIN(1.0),"Government revenue, expenditure and main aggregates",A,Annual,PC_GDP,Percentage of gross domestic product (GDP),S13,General government,P51C,Consumption of fixed capital,LU,Luxembourg,2008,,1.9,,,,,
dataflow,ESTAT:GOV_10A_MAIN(1.0),"Government revenue, expenditure and main aggregates",A,Annual,PC_GDP,Percentage of gross domestic product (GDP),S13,General government,P51C,Consumption of fixed capital,LU,Luxembourg,2009,,2.1,,,,,
dataflow,ESTAT:GOV_10A_MAIN(1.0),"Government revenue, expenditure and main aggregates",A,Annual,PC_GDP,Percentage of gross domestic product (GDP),S13,General government,P51C,Consumption of fixed capital,LU,Luxembourg,2010,,2.1,,,,,
dataflow,ESTAT:GOV_10A_MAIN(1.0),"Government revenue, expenditure and main aggregates",A,Annual,PC_GDP,Percentage of gross domestic product (GDP),S13,General government,P51C,Consumption of fixed capital,LU,Luxembourg,2011,,2.2,,,,,
dataflow,ESTAT:GOV_10A_MAIN(1.0),"Government revenue, expenditure and main aggregates",A,Annual,PC_GDP,Percentage of gross domestic product (GDP),S13,General government,P51C,Consumption of fixed capital,LU,Luxembourg,2012,,2.2,,,,,
dataflow,ESTAT:GOV_10A_MAIN(1.0),"Government revenue, expenditure and main aggregates",A,Annual,PC_GDP,Percentage of gross domestic product (GDP),S13,General government,P51C,Consumption of fixed capital,LU,Luxembourg,2013,,2.2,,,,,
dataflow,ESTAT:GOV_10A_MAIN(1.0),"Government revenue, expenditure and main aggregates",A,Annual,PC_GDP,Percentage of gross domestic product (GDP),S13,General government,P51C,Consumption of fixed capital,LU,Luxembourg,2014,,2.2,,,,,
dataflow,ESTAT:GOV_10A_MAIN(1.0),"Government revenue, expenditure and main aggregates",A,Annual,PC_GDP,Percentage of gross domestic product (GDP),S13,General government,P51C,Consumption of fixed capital,LU,Luxembourg,2015,,2.2,,,,,
dataflow,ESTAT:GOV_10A_MAIN(1.0),"Government revenue, expenditure and main aggregates",A,Annual,PC_GDP,Percentage of gross domestic product (GDP),S13,General government,P51C,Consumption of fixed capital,LU,Luxembourg,2016,,2.2,,,,,
dataflow,ESTAT:GOV_10A_MAIN(1.0),"Government revenue, expenditure and main aggregates",A,Annual,PC_GDP,Percentage of gross domestic product (GDP),S13,General government,P51C,Consumption of fixed capital,LU,Luxembourg,2017,,2.3,,,,,
dataflow,ESTAT:GOV_10A_MAIN(1.0),"Government revenue, expenditure and main aggregates",A,Annual,PC_GDP,Percentage of gross domestic product (GDP),S13,General government,P51C,Consumption of fixed capital,LU,Luxembourg,2018,,2.3,,,,,
dataflow,ESTAT:GOV_10A_MAIN(1.0),"Government revenue, expenditure and main aggregates",A,Annual,PC_GDP,Percentage of gross domestic product (GDP),S13,General government,P51C,Consumption of fixed capital,LU,Luxembourg,2019,,2.4,,,,,
dataflow,ESTAT:GOV_10A_MAIN(1.0),"Government revenue, expenditure and main aggregates",A,Annual,PC_GDP,Percentage of gross domestic product (GDP),S13,General government,P51C,Consumption of fixed capital,LU,Luxembourg,2020,,2.5,,,,,
dataflow,ESTAT:GOV_10A_MAIN(1.0),"Government revenue, expenditure and main aggregates",A,Annual,PC_GDP,Percentage of gross domestic product (GDP),S13,General government,P51C,Consumption of fixed capital,LU,Luxembourg,2021,,2.4,,,,,
dataflow,ESTAT:GOV_10A_MAIN(1.0),"Government revenue, expenditure and main aggregates",A,Annual,PC_GDP,Percentage of gross domestic product (GDP),S13,General government,P51C,Consumption of fixed capital,LU,Luxembourg,2022,,2.6,,,,,
dataflow,ESTAT:GOV_10A_MAIN(1.0),"Government revenue, expenditure and main aggregates",A,Annual,PC_GDP,Percentage of gross domestic product (GDP),S13,General government,P51C,Consumption of fixed capital,LU,Luxembourg,2023,,2.8,,,,,
dataflow,ESTAT:GOV_10A_MAIN(1.0),"Government revenue, expenditure and main aggregates",A,Annual,PC_GDP,Percentage of gross domestic product (GDP),S13,General government,P51C,Consumption of fixed capital,LU,Luxembourg,2024,,2.8,,,,,
dataflow,ESTAT:GOV_10A_MAIN(1.0),"Government revenue, expenditure and main aggregates",A,Annual,PC_GDP,Percentage of gross domestic product (GDP),S13,General government,P51C,Consumption of fixed capital,LV,Latvia,1995,,5.7,,,,,
dataflow,ESTAT:GOV_10A_MAIN(1.0),"Government revenue, expenditure and main aggregates",A,Annual,PC_GDP,Percentage of gross domestic product (GDP),S13,General government,P51C,Consumption of fixed capital,LV,Latvia,1996,,5.4,,,,,
dataflow,ESTAT:GOV_10A_MAIN(1.0),"Government revenue, expenditure and main aggregates",A,Annual,PC_GDP,Percentage of gross domestic product (GDP),S13,General government,P51C,Consumption of fixed capital,LV,Latvia,1997,,5.1,,,,,
dataflow,ESTAT:GOV_10A_MAIN(1.0),"Government revenue, expenditure and main aggregates",A,Annual,PC_GDP,Percentage of gross domestic product (GDP),S13,General government,P51C,Consumption of fixed capital,LV,Latvia,1998,,5.0,,,,,
dataflow,ESTAT:GOV_10A_MAIN(1.0),"Government revenue, expenditure and main aggregates",A,Annual,PC_GDP,Percentage of gross domestic product (GDP),S13,General government,P51C,Consumption of fixed capital,LV,Latvia,1999,,4.9,,,,,
dataflow,ESTAT:GOV_10A_MAIN(1.0),"Government revenue, expenditure and main aggregates",A,Annual,PC_GDP,Percentage of gross domestic product (GDP),S13,General government,P51C,Consumption of fixed capital,LV,Latvia,2000,,4.4,,,,,
dataflow,ESTAT:GOV_10A_MAIN(1.0),"Government revenue, expenditure and main aggregates",A,Annual,PC_GDP,Percentage of gross domestic product (GDP),S13,General government,P51C,Consumption of fixed capital,LV,Latvia,2001,,3.9,,,,,
dataflow,ESTAT:GOV_10A_MAIN(1.0),"Government revenue, expenditure and main aggregates",A,Annual,PC_GDP,Percentage of gross domestic product (GDP),S13,General government,P51C,Consumption of fixed capital,LV,Latvia,2002,,3.5,,,,,
dataflow,ESTAT:GOV_10A_MAIN(1.0),"Government revenue, expenditure and main aggregates",A,Annual,PC_GDP,Percentage of gross domestic product (GDP),S13,General government,P51C,Consumption of fixed capital,LV,Latvia,2003,,3.3,,,,,
dataflow,ESTAT:GOV_10A_MAIN(1.0),"Government revenue, expenditure and main aggregates",A,Annual,PC_GDP,Percentage of gross domestic product (GDP),S13,General government,P51C,Consumption of fixed capital,LV,Latvia,2004,,3.2,,,,,
dataflow,ESTAT:GOV_10A_MAIN(1.0),"Government revenue, expenditure and main aggregates",A,Annual,PC_GDP,Percentage of gross domestic product (GDP),S13,General government,P51C,Consumption of fixed capital,LV,Latvia,2005,,3.2,,,,,
dataflow,ESTAT:GOV_10A_MAIN(1.0),"Government revenue, expenditure and main aggregates",A,Annual,PC_GDP,Percentage of gross domestic product (GDP),S13,General government,P51C,Consumption of fixed capital,LV,Latvia,2006,,3.3,,,,,
dataflow,ESTAT:GOV_10A_MAIN(1.0),"Government revenue, expenditure and main aggregates",A,Annual,PC_GDP,Percentage of gross domestic product (GDP),S13,General government,P51C,Consumption of fixed capital,LV,Latvia,2007,,3.3,,,,,
dataflow,ESTAT:GOV_10A_MAIN(1.0),"Government revenue, expenditure and main aggregates",A,Annual,PC_GDP,Percentage of gross domestic product (GDP),S13,General government,P51C,Consumption of fixed capital,LV,Latvia,2008,,3.5,,,,,
dataflow,ESTAT:GOV_10A_MAIN(1.0),"Government revenue, expenditure and main aggregates",A,Annual,PC_GDP,Percentage of gross domestic product (GDP),S13,General government,P51C,Consumption of fixed capital,LV,Latvia,2009,,3.9,,,,,
dataflow,ESTAT:GOV_10A_MAIN(1.0),"Government revenue, expenditure and main aggregates",A,Annual,PC_GDP,Percentage of gross domestic product (GDP),S13,General government,P51C,Consumption of fixed capital,LV,Latvia,2010,,4.2,,,,,
dataflow,ESTAT:GOV_10A_MAIN(1.0),"Government revenue, expenditure and main aggregates",A,Annual,PC_GDP,Percentage of gross domestic product (GDP),S13,General government,P51C,Consumption of fixed capital,LV,Latvia,2011,,4.1,,,,,
dataflow,ESTAT:GOV_10A_MAIN(1.0),"Government revenue, expenditure and main aggregates",A,Annual,PC_GDP,Percentage of gross domestic product (GDP),S13,General government,P51C,Consumption of fixed capital,LV,Latvia,2012,,4.1,,,,,
dataflow,ESTAT:GOV_10A_MAIN(1.0),"Government revenue, expenditure and main aggregates",A,Annual,PC_GDP,Percentage of gross domestic product (GDP),S13,General government,P51C,Consumption of fixed capital,LV,Latvia,2013,,4.1,,,,,
dataflow,ESTAT:GOV_10A_MAIN(1.0),"Government revenue, expenditure and main aggregates",A,Annual,PC_GDP,Percentage of gross domestic product (GDP),S13,General government,P51C,Consumption of fixed capital,LV,Latvia,2014,,4.1,,,,,
dataflow,ESTAT:GOV_10A_MAIN(1.0),"Government revenue, expenditure and main aggregates",A,Annual,PC_GDP,Percentage of gross domestic product (GDP),S13,General government,P51C,Consumption of fixed capital,LV,Latvia,2015,,4.0,,,,,
dataflow,ESTAT:GOV_10A_MAIN(1.0),"Government revenue, expenditure and main aggregates",A,Annual,PC_GDP,Percentage of gross domestic product (GDP),S13,General government,P51C,Consumption of fixed capital,LV,Latvia,2016,,3.9,,,,,
dataflow,ESTAT:GOV_10A_MAIN(1.0),"Government revenue, expenditure and main aggregates",A,Annual,PC_GDP,Percentage of gross domestic product (GDP),S13,General government,P51C,Consumption of fixed capital,LV,Latvia,2017,,3.8,,,,,
dataflow,ESTAT:GOV_10A_MAIN(1.0),"Government revenue, expenditure and main aggregates",A,Annual,PC_GDP,Percentage of gross domestic product (GDP),S13,General government,P51C,Consumption of fixed capital,LV,Latvia,2018,,3.7,,,,,
dataflow,ESTAT:GOV_10A_MAIN(1.0),"Government revenue, expenditure and main aggregates",A,Annual,PC_GDP,Percentage of gross domestic product (GDP),S13,General government,P51C,Consumption of fixed capital,LV,Latvia,2019,,3.8,,,,,
dataflow,ESTAT:GOV_10A_MAIN(1.0),"Government revenue, expenditure and main aggregates",A,Annual,PC_GDP,Percentage of gross domestic product (GDP),S13,General government,P51C,Consumption of fixed capital,LV,Latvia,2020,,4.4,,,,,
dataflow,ESTAT:GOV_10A_MAIN(1.0),"Government revenue, expenditure and main aggregates",A,Annual,PC_GDP,Percentage of gross domestic product (GDP),S13,General government,P51C,Consumption of fixed capital,LV,Latvia,2021,,4.2,,,,,
dataflow,ESTAT:GOV_10A_MAIN(1.0),"Government revenue, expenditure and main aggregates",A,Annual,PC_GDP,Percentage of gross domestic product (GDP),S13,General government,P51C,Consumption of fixed capital,LV,Latvia,2022,,4.1,,,,,
dataflow,ESTAT:GOV_10A_MAIN(1.0),"Government revenue, expenditure and main aggregates",A,Annual,PC_GDP,Percentage of gross domestic product (GDP),S13,General government,P51C,Consumption of fixed capital,LV,Latvia,2023,,3.9,,,,,
dataflow,ESTAT:GOV_10A_MAIN(1.0),"Government revenue, expenditure and main aggregates",A,Annual,PC_GDP,Percentage of gross domestic product (GDP),S13,General government,P51C,Consumption of fixed capital,LV,Latvia,2024,,4.0,,,,,
dataflow,ESTAT:GOV_10A_MAIN(1.0),"Government revenue, expenditure and main aggregates",A,Annual,PC_GDP,Percentage of gross domestic product (GDP),S13,General government,P51C,Consumption of fixed capital,MT,Malta,1995,,1.7,,,,,
dataflow,ESTAT:GOV_10A_MAIN(1.0),"Government revenue, expenditure and main aggregates",A,Annual,PC_GDP,Percentage of gross domestic product (GDP),S13,General government,P51C,Consumption of fixed capital,MT,Malta,1996,,1.7,,,,,
dataflow,ESTAT:GOV_10A_MAIN(1.0),"Government revenue, expenditure and main aggregates",A,Annual,PC_GDP,Percentage of gross domestic product (GDP),S13,General government,P51C,Consumption of fixed capital,MT,Malta,1997,,1.7,,,,,
dataflow,ESTAT:GOV_10A_MAIN(1.0),"Government revenue, expenditure and main aggregates",A,Annual,PC_GDP,Percentage of gross domestic product (GDP),S13,General government,P51C,Consumption of fixed capital,MT,Malta,1998,,1.8,,,,,
dataflow,ESTAT:GOV_10A_MAIN(1.0),"Government revenue, expenditure and main aggregates",A,Annual,PC_GDP,Percentage of gross domestic product (GDP),S13,General government,P51C,Consumption of fixed capital,MT,Malta,1999,,1.9,,,,,
dataflow,ESTAT:GOV_10A_MAIN(1.0),"Government revenue, expenditure and main aggregates",A,Annual,PC_GDP,Percentage of gross domestic product (GDP),S13,General government,P51C,Consumption of fixed capital,MT,Malta,2000,,1.9,,,,,
dataflow,ESTAT:GOV_10A_MAIN(1.0),"Government revenue, expenditure and main aggregates",A,Annual,PC_GDP,Percentage of gross domestic product (GDP),S13,General government,P51C,Consumption of fixed capital,MT,Malta,2001,,2.0,,,,,
dataflow,ESTAT:GOV_10A_MAIN(1.0),"Government revenue, expenditure and main aggregates",A,Annual,PC_GDP,Percentage of gross domestic product (GDP),S13,General government,P51C,Consumption of fixed capital,MT,Malta,2002,,2.1,,,,,
dataflow,ESTAT:GOV_10A_MAIN(1.0),"Government revenue, expenditure and main aggregates",A,Annual,PC_GDP,Percentage of gross domestic product (GDP),S13,General government,P51C,Consumption of fixed capital,MT,Malta,2003,,2.1,,,,,
dataflow,ESTAT:GOV_10A_MAIN(1.0),"Government revenue, expenditure and main aggregates",A,Annual,PC_GDP,Percentage of gross domestic product (GDP),S13,General government,P51C,Consumption of fixed capital,MT,Malta,2004,,2.2,,,,,
dataflow,ESTAT:GOV_10A_MAIN(1.0),"Government revenue, expenditure and main aggregates",A,Annual,PC_GDP,Percentage of gross domestic product (GDP),S13,General government,P51C,Consumption of fixed capital,MT,Malta,2005,,2.1,,,,,
dataflow,ESTAT:GOV_10A_MAIN(1.0),"Government revenue, expenditure and main aggregates",A,Annual,PC_GDP,Percentage of gross domestic product (GDP),S13,General government,P51C,Consumption of fixed capital,MT,Malta,2006,,2.1,,,,,
dataflow,ESTAT:GOV_10A_MAIN(1.0),"Government revenue, expenditure and main aggregates",A,Annual,PC_GDP,Percentage of gross domestic product (GDP),S13,General government,P51C,Consumption of fixed capital,MT,Malta,2007,,2.2,,,,,
dataflow,ESTAT:GOV_10A_MAIN(1.0),"Government revenue, expenditure and main aggregates",A,Annual,PC_GDP,Percentage of gross domestic product (GDP),S13,General government,P51C,Consumption of fixed capital,MT,Malta,2008,,2.2,,,,,
dataflow,ESTAT:GOV_10A_MAIN(1.0),"Government revenue, expenditure and main aggregates",A,Annual,PC_GDP,Percentage of gross domestic product (GDP),S13,General government,P51C,Consumption of fixed capital,MT,Malta,2009,,2.3,,,,,
dataflow,ESTAT:GOV_10A_MAIN(1.0),"Government revenue, expenditure and main aggregates",A,Annual,PC_GDP,Percentage of gross domestic product (GDP),S13,General government,P51C,Consumption of fixed capital,MT,Malta,2010,,2.2,,,,,
dataflow,ESTAT:GOV_10A_MAIN(1.0),"Government revenue, expenditure and main aggregates",A,Annual,PC_GDP,Percentage of gross domestic product (GDP),S13,General government,P51C,Consumption of fixed capital,MT,Malta,2011,,2.2,,,,,
dataflow,ESTAT:GOV_10A_MAIN(1.0),"Government revenue, expenditure and main aggregates",A,Annual,PC_GDP,Percentage of gross domestic product (GDP),S13,General government,P51C,Consumption of fixed capital,MT,Malta,2012,,2.2,,,,,
dataflow,ESTAT:GOV_10A_MAIN(1.0),"Government revenue, expenditure and main aggregates",A,Annual,PC_GDP,Percentage of gross domestic product (GDP),S13,General government,P51C,Consumption of fixed capital,MT,Malta,2013,,2.2,,,,,
dataflow,ESTAT:GOV_10A_MAIN(1.0),"Government revenue, expenditure and main aggregates",A,Annual,PC_GDP,Percentage of gross domestic product (GDP),S13,General government,P51C,Consumption of fixed capital,MT,Malta,2014,,2.0,,,,,
dataflow,ESTAT:GOV_10A_MAIN(1.0),"Government revenue, expenditure and main aggregates",A,Annual,PC_GDP,Percentage of gross domestic product (GDP),S13,General government,P51C,Consumption of fixed capital,MT,Malta,2015,,1.9,,,,,
dataflow,ESTAT:GOV_10A_MAIN(1.0),"Government revenue, expenditure and main aggregates",A,Annual,PC_GDP,Percentage of gross domestic product (GDP),S13,General government,P51C,Consumption of fixed capital,MT,Malta,2016,,1.9,,,,,
dataflow,ESTAT:GOV_10A_MAIN(1.0),"Government revenue, expenditure and main aggregates",A,Annual,PC_GDP,Percentage of gross domestic product (GDP),S13,General government,P51C,Consumption of fixed capital,MT,Malta,2017,,1.8,,,,,
dataflow,ESTAT:GOV_10A_MAIN(1.0),"Government revenue, expenditure and main aggregates",A,Annual,PC_GDP,Percentage of gross domestic product (GDP),S13,General government,P51C,Consumption of fixed capital,MT,Malta,2018,,1.8,,,,,
dataflow,ESTAT:GOV_10A_MAIN(1.0),"Government revenue, expenditure and main aggregates",A,Annual,PC_GDP,Percentage of gross domestic product (GDP),S13,General government,P51C,Consumption of fixed capital,MT,Malta,2019,,1.8,,,,,
dataflow,ESTAT:GOV_10A_MAIN(1.0),"Government revenue, expenditure and main aggregates",A,Annual,PC_GDP,Percentage of gross domestic product (GDP),S13,General government,P51C,Consumption of fixed capital,MT,Malta,2020,,2.0,,,,,
dataflow,ESTAT:GOV_10A_MAIN(1.0),"Government revenue, expenditure and main aggregates",A,Annual,PC_GDP,Percentage of gross domestic product (GDP),S13,General government,P51C,Consumption of fixed capital,MT,Malta,2021,,1.8,,,,,
dataflow,ESTAT:GOV_10A_MAIN(1.0),"Government revenue, expenditure and main aggregates",A,Annual,PC_GDP,Percentage of gross domestic product (GDP),S13,General government,P51C,Consumption of fixed capital,MT,Malta,2022,,1.9,,,,,
dataflow,ESTAT:GOV_10A_MAIN(1.0),"Government revenue, expenditure and main aggregates",A,Annual,PC_GDP,Percentage of gross domestic product (GDP),S13,General government,P51C,Consumption of fixed capital,MT,Malta,2023,,1.8,,,,,
dataflow,ESTAT:GOV_10A_MAIN(1.0),"Government revenue, expenditure and main aggregates",A,Annual,PC_GDP,Percentage of gross domestic product (GDP),S13,General government,P51C,Consumption of fixed capital,MT,Malta,2024,,1.8,,,,,
dataflow,ESTAT:GOV_10A_MAIN(1.0),"Government revenue, expenditure and main aggregates",A,Annual,PC_GDP,Percentage of gross domestic product (GDP),S13,General government,P51C,Consumption of fixed capital,NL,Netherlands,1995,,3.2,,,,,
dataflow,ESTAT:GOV_10A_MAIN(1.0),"Government revenue, expenditure and main aggregates",A,Annual,PC_GDP,Percentage of gross domestic product (GDP),S13,General government,P51C,Consumption of fixed capital,NL,Netherlands,1996,,3.1,,,,,
dataflow,ESTAT:GOV_10A_MAIN(1.0),"Government revenue, expenditure and main aggregates",A,Annual,PC_GDP,Percentage of gross domestic product (GDP),S13,General government,P51C,Consumption of fixed capital,NL,Netherlands,1997,,3.0,,,,,
dataflow,ESTAT:GOV_10A_MAIN(1.0),"Government revenue, expenditure and main aggregates",A,Annual,PC_GDP,Percentage of gross domestic product (GDP),S13,General government,P51C,Consumption of fixed capital,NL,Netherlands,1998,,2.9,,,,,
dataflow,ESTAT:GOV_10A_MAIN(1.0),"Government revenue, expenditure and main aggregates",A,Annual,PC_GDP,Percentage of gross domestic product (GDP),S13,General government,P51C,Consumption of fixed capital,NL,Netherlands,1999,,2.9,,,,,
dataflow,ESTAT:GOV_10A_MAIN(1.0),"Government revenue, expenditure and main aggregates",A,Annual,PC_GDP,Percentage of gross domestic product (GDP),S13,General government,P51C,Consumption of fixed capital,NL,Netherlands,2000,,2.9,,,,,
dataflow,ESTAT:GOV_10A_MAIN(1.0),"Government revenue, expenditure and main aggregates",A,Annual,PC_GDP,Percentage of gross domestic product (GDP),S13,General government,P51C,Consumption of fixed capital,NL,Netherlands,2001,,2.9,,,,,
dataflow,ESTAT:GOV_10A_MAIN(1.0),"Government revenue, expenditure and main aggregates",A,Annual,PC_GDP,Percentage of gross domestic product (GDP),S13,General government,P51C,Consumption of fixed capital,NL,Netherlands,2002,,2.9,,,,,
dataflow,ESTAT:GOV_10A_MAIN(1.0),"Government revenue, expenditure and main aggregates",A,Annual,PC_GDP,Percentage of gross domestic product (GDP),S13,General government,P51C,Consumption of fixed capital,NL,Netherlands,2003,,3.0,,,,,
dataflow,ESTAT:GOV_10A_MAIN(1.0),"Government revenue, expenditure and main aggregates",A,Annual,PC_GDP,Percentage of gross domestic product (GDP),S13,General government,P51C,Consumption of fixed capital,NL,Netherlands,2004,,3.1,,,,,
dataflow,ESTAT:GOV_10A_MAIN(1.0),"Government revenue, expenditure and main aggregates",A,Annual,PC_GDP,Percentage of gross domestic product (GDP),S13,General government,P51C,Consumption of fixed capital,NL,Netherlands,2005,,3.1,,,,,
dataflow,ESTAT:GOV_10A_MAIN(1.0),"Government revenue, expenditure and main aggregates",A,Annual,PC_GDP,Percentage of gross domestic product (GDP),S13,General government,P51C,Consumption of fixed capital,NL,Netherlands,2006,,3.0,,,,,
dataflow,ESTAT:GOV_10A_MAIN(1.0),"Government revenue, expenditure and main aggregates",A,Annual,PC_GDP,Percentage of gross domestic product (GDP),S13,General government,P51C,Consumption of fixed capital,NL,Netherlands,2007,,3.0,,,,,
dataflow,ESTAT:GOV_10A_MAIN(1.0),"Government revenue, expenditure and main aggregates",A,Annual,PC_GDP,Percentage of gross domestic product (GDP),S13,General government,P51C,Consumption of fixed capital,NL,Netherlands,2008,,3.0,,,,,
dataflow,ESTAT:GOV_10A_MAIN(1.0),"Government revenue, expenditure and main aggregates",A,Annual,PC_GDP,Percentage of gross domestic product (GDP),S13,General government,P51C,Consumption of fixed capital,NL,Netherlands,2009,,3.2,,,,,
dataflow,ESTAT:GOV_10A_MAIN(1.0),"Government revenue, expenditure and main aggregates",A,Annual,PC_GDP,Percentage of gross domestic product (GDP),S13,General government,P51C,Consumption of fixed capital,NL,Netherlands,2010,,3.2,,,,,
dataflow,ESTAT:GOV_10A_MAIN(1.0),"Government revenue, expenditure and main aggregates",A,Annual,PC_GDP,Percentage of gross domestic product (GDP),S13,General government,P51C,Consumption of fixed capital,NL,Netherlands,2011,,3.3,,,,,
dataflow,ESTAT:GOV_10A_MAIN(1.0),"Government revenue, expenditure and main aggregates",A,Annual,PC_GDP,Percentage of gross domestic product (GDP),S13,General government,P51C,Consumption of fixed capital,NL,Netherlands,2012,,3.3,,,,,
dataflow,ESTAT:GOV_10A_MAIN(1.0),"Government revenue, expenditure and main aggregates",A,Annual,PC_GDP,Percentage of gross domestic product (GDP),S13,General government,P51C,Consumption of fixed capital,NL,Netherlands,2013,,3.4,,,,,
dataflow,ESTAT:GOV_10A_MAIN(1.0),"Government revenue, expenditure and main aggregates",A,Annual,PC_GDP,Percentage of gross domestic product (GDP),S13,General government,P51C,Consumption of fixed capital,NL,Netherlands,2014,,3.3,,,,,
dataflow,ESTAT:GOV_10A_MAIN(1.0),"Government revenue, expenditure and main aggregates",A,Annual,PC_GDP,Percentage of gross domestic product (GDP),S13,General government,P51C,Consumption of fixed capital,NL,Netherlands,2015,,3.3,,,,,
dataflow,ESTAT:GOV_10A_MAIN(1.0),"Government revenue, expenditure and main aggregates",A,Annual,PC_GDP,Percentage of gross domestic product (GDP),S13,General government,P51C,Consumption of fixed capital,NL,Netherlands,2016,,3.2,,,,,
dataflow,ESTAT:GOV_10A_MAIN(1.0),"Government revenue, expenditure and main aggregates",A,Annual,PC_GDP,Percentage of gross domestic product (GDP),S13,General government,P51C,Consumption of fixed capital,NL,Netherlands,2017,,3.1,,,,,
dataflow,ESTAT:GOV_10A_MAIN(1.0),"Government revenue, expenditure and main aggregates",A,Annual,PC_GDP,Percentage of gross domestic product (GDP),S13,General government,P51C,Consumption of fixed capital,NL,Netherlands,2018,,3.1,,,,,
dataflow,ESTAT:GOV_10A_MAIN(1.0),"Government revenue, expenditure and main aggregates",A,Annual,PC_GDP,Percentage of gross domestic product (GDP),S13,General government,P51C,Consumption of fixed capital,NL,Netherlands,2019,,3.0,,,,,
dataflow,ESTAT:GOV_10A_MAIN(1.0),"Government revenue, expenditure and main aggregates",A,Annual,PC_GDP,Percentage of gross domestic product (GDP),S13,General government,P51C,Consumption of fixed capital,NL,Netherlands,2020,,3.2,,,,,
dataflow,ESTAT:GOV_10A_MAIN(1.0),"Government revenue, expenditure and main aggregates",A,Annual,PC_GDP,Percentage of gross domestic product (GDP),S13,General government,P51C,Consumption of fixed capital,NL,Netherlands,2021,,3.0,,,,,
dataflow,ESTAT:GOV_10A_MAIN(1.0),"Government revenue, expenditure and main aggregates",A,Annual,PC_GDP,Percentage of gross domestic product (GDP),S13,General government,P51C,Consumption of fixed capital,NL,Netherlands,2022,,2.9,,,,,
dataflow,ESTAT:GOV_10A_MAIN(1.0),"Government revenue, expenditure and main aggregates",A,Annual,PC_GDP,Percentage of gross domestic product (GDP),S13,General government,P51C,Consumption of fixed capital,NL,Netherlands,2023,,2.9,,,,,
dataflow,ESTAT:GOV_10A_MAIN(1.0),"Government revenue, expenditure and main aggregates",A,Annual,PC_GDP,Percentage of gross domestic product (GDP),S13,General government,P51C,Consumption of fixed capital,NL,Netherlands,2024,,2.9,,p,provisional,,
dataflow,ESTAT:GOV_10A_MAIN(1.0),"Government revenue, expenditure and main aggregates",A,Annual,PC_GDP,Percentage of gross domestic product (GDP),S13,General government,P51C,Consumption of fixed capital,PL,Poland,1995,,2.9,,,,,
dataflow,ESTAT:GOV_10A_MAIN(1.0),"Government revenue, expenditure and main aggregates",A,Annual,PC_GDP,Percentage of gross domestic product (GDP),S13,General government,P51C,Consumption of fixed capital,PL,Poland,1996,,2.9,,,,,
dataflow,ESTAT:GOV_10A_MAIN(1.0),"Government revenue, expenditure and main aggregates",A,Annual,PC_GDP,Percentage of gross domestic product (GDP),S13,General government,P51C,Consumption of fixed capital,PL,Poland,1997,,2.7,,,,,
dataflow,ESTAT:GOV_10A_MAIN(1.0),"Government revenue, expenditure and main aggregates",A,Annual,PC_GDP,Percentage of gross domestic product (GDP),S13,General government,P51C,Consumption of fixed capital,PL,Poland,1998,,2.6,,,,,
dataflow,ESTAT:GOV_10A_MAIN(1.0),"Government revenue, expenditure and main aggregates",A,Annual,PC_GDP,Percentage of gross domestic product (GDP),S13,General government,P51C,Consumption of fixed capital,PL,Poland,1999,,2.6,,,,,
dataflow,ESTAT:GOV_10A_MAIN(1.0),"Government revenue, expenditure and main aggregates",A,Annual,PC_GDP,Percentage of gross domestic product (GDP),S13,General government,P51C,Consumption of fixed capital,PL,Poland,2000,,2.6,,,,,
dataflow,ESTAT:GOV_10A_MAIN(1.0),"Government revenue, expenditure and main aggregates",A,Annual,PC_GDP,Percentage of gross domestic product (GDP),S13,General government,P51C,Consumption of fixed capital,PL,Poland,2001,,2.6,,,,,
dataflow,ESTAT:GOV_10A_MAIN(1.0),"Government revenue, expenditure and main aggregates",A,Annual,PC_GDP,Percentage of gross domestic product (GDP),S13,General government,P51C,Consumption of fixed capital,PL,Poland,2002,,2.6,,,,,
dataflow,ESTAT:GOV_10A_MAIN(1.0),"Government revenue, expenditure and main aggregates",A,Annual,PC_GDP,Percentage of gross domestic product (GDP),S13,General government,P51C,Consumption of fixed capital,PL,Poland,2003,,2.6,,,,,
dataflow,ESTAT:GOV_10A_MAIN(1.0),"Government revenue, expenditure and main aggregates",A,Annual,PC_GDP,Percentage of gross domestic product (GDP),S13,General government,P51C,Consumption of fixed capital,PL,Poland,2004,,2.5,,,,,
dataflow,ESTAT:GOV_10A_MAIN(1.0),"Government revenue, expenditure and main aggregates",A,Annual,PC_GDP,Percentage of gross domestic product (GDP),S13,General government,P51C,Consumption of fixed capital,PL,Poland,2005,,2.5,,,,,
dataflow,ESTAT:GOV_10A_MAIN(1.0),"Government revenue, expenditure and main aggregates",A,Annual,PC_GDP,Percentage of gross domestic product (GDP),S13,General government,P51C,Consumption of fixed capital,PL,Poland,2006,,2.5,,,,,
dataflow,ESTAT:GOV_10A_MAIN(1.0),"Government revenue, expenditure and main aggregates",A,Annual,PC_GDP,Percentage of gross domestic product (GDP),S13,General government,P51C,Consumption of fixed capital,PL,Poland,2007,,2.4,,,,,
dataflow,ESTAT:GOV_10A_MAIN(1.0),"Government revenue, expenditure and main aggregates",A,Annual,PC_GDP,Percentage of gross domestic product (GDP),S13,General government,P51C,Consumption of fixed capital,PL,Poland,2008,,2.3,,,,,
dataflow,ESTAT:GOV_10A_MAIN(1.0),"Government revenue, expenditure and main aggregates",A,Annual,PC_GDP,Percentage of gross domestic product (GDP),S13,General government,P51C,Consumption of fixed capital,PL,Poland,2009,,2.3,,,,,
dataflow,ESTAT:GOV_10A_MAIN(1.0),"Government revenue, expenditure and main aggregates",A,Annual,PC_GDP,Percentage of gross domestic product (GDP),S13,General government,P51C,Consumption of fixed capital,PL,Poland,2010,,2.4,,,,,
dataflow,ESTAT:GOV_10A_MAIN(1.0),"Government revenue, expenditure and main aggregates",A,Annual,PC_GDP,Percentage of gross domestic product (GDP),S13,General government,P51C,Consumption of fixed capital,PL,Poland,2011,,2.3,,,,,
dataflow,ESTAT:GOV_10A_MAIN(1.0),"Government revenue, expenditure and main aggregates",A,Annual,PC_GDP,Percentage of gross domestic product (GDP),S13,General government,P51C,Consumption of fixed capital,PL,Poland,2012,,2.3,,,,,
dataflow,ESTAT:GOV_10A_MAIN(1.0),"Government revenue, expenditure and main aggregates",A,Annual,PC_GDP,Percentage of gross domestic product (GDP),S13,General government,P51C,Consumption of fixed capital,PL,Poland,2013,,2.4,,,,,
dataflow,ESTAT:GOV_10A_MAIN(1.0),"Government revenue, expenditure and main aggregates",A,Annual,PC_GDP,Percentage of gross domestic product (GDP),S13,General government,P51C,Consumption of fixed capital,PL,Poland,2014,,2.4,,,,,
dataflow,ESTAT:GOV_10A_MAIN(1.0),"Government revenue, expenditure and main aggregates",A,Annual,PC_GDP,Percentage of gross domestic product (GDP),S13,General government,P51C,Consumption of fixed capital,PL,Poland,2015,,2.4,,,,,
dataflow,ESTAT:GOV_10A_MAIN(1.0),"Government revenue, expenditure and main aggregates",A,Annual,PC_GDP,Percentage of gross domestic product (GDP),S13,General government,P51C,Consumption of fixed capital,PL,Poland,2016,,2.4,,,,,
dataflow,ESTAT:GOV_10A_MAIN(1.0),"Government revenue, expenditure and main aggregates",A,Annual,PC_GDP,Percentage of gross domestic product (GDP),S13,General government,P51C,Consumption of fixed capital,PL,Poland,2017,,2.3,,,,,
dataflow,ESTAT:GOV_10A_MAIN(1.0),"Government revenue, expenditure and main aggregates",A,Annual,PC_GDP,Percentage of gross domestic product (GDP),S13,General government,P51C,Consumption of fixed capital,PL,Poland,2018,,2.3,,,,,
dataflow,ESTAT:GOV_10A_MAIN(1.0),"Government revenue, expenditure and main aggregates",A,Annual,PC_GDP,Percentage of gross domestic product (GDP),S13,General government,P51C,Consumption of fixed capital,PL,Poland,2019,,2.3,,,,,
dataflow,ESTAT:GOV_10A_MAIN(1.0),"Government revenue, expenditure and main aggregates",A,Annual,PC_GDP,Percentage of gross domestic product (GDP),S13,General government,P51C,Consumption of fixed capital,PL,Poland,2020,,2.4,,,,,
dataflow,ESTAT:GOV_10A_MAIN(1.0),"Government revenue, expenditure and main aggregates",A,Annual,PC_GDP,Percentage of gross domestic product (GDP),S13,General government,P51C,Consumption of fixed capital,PL,Poland,2021,,2.3,,,,,
dataflow,ESTAT:GOV_10A_MAIN(1.0),"Government revenue, expenditure and main aggregates",A,Annual,PC_GDP,Percentage of gross domestic product (GDP),S13,General government,P51C,Consumption of fixed capital,PL,Poland,2022,,2.2,,,,,
dataflow,ESTAT:GOV_10A_MAIN(1.0),"Government revenue, expenditure and main aggregates",A,Annual,PC_GDP,Percentage of gross domestic product (GDP),S13,General government,P51C,Consumption of fixed capital,PL,Poland,2023,,2.3,,,,,
dataflow,ESTAT:GOV_10A_MAIN(1.0),"Government revenue, expenditure and main aggregates",A,Annual,PC_GDP,Percentage of gross domestic product (GDP),S13,General government,P51C,Consumption of fixed capital,PL,Poland,2024,,2.4,,,,,
dataflow,ESTAT:GOV_10A_MAIN(1.0),"Government revenue, expenditure and main aggregates",A,Annual,PC_GDP,Percentage of gross domestic product (GDP),S13,General government,P51C,Consumption of fixed capital,PT,Portugal,1995,,2.2,,,,,
dataflow,ESTAT:GOV_10A_MAIN(1.0),"Government revenue, expenditure and main aggregates",A,Annual,PC_GDP,Percentage of gross domestic product (GDP),S13,General government,P51C,Consumption of fixed capital,PT,Portugal,1996,,2.2,,,,,
dataflow,ESTAT:GOV_10A_MAIN(1.0),"Government revenue, expenditure and main aggregates",A,Annual,PC_GDP,Percentage of gross domestic product (GDP),S13,General government,P51C,Consumption of fixed capital,PT,Portugal,1997,,2.2,,,,,
dataflow,ESTAT:GOV_10A_MAIN(1.0),"Government revenue, expenditure and main aggregates",A,Annual,PC_GDP,Percentage of gross domestic product (GDP),S13,General government,P51C,Consumption of fixed capital,PT,Portugal,1998,,2.2,,,,,
dataflow,ESTAT:GOV_10A_MAIN(1.0),"Government revenue, expenditure and main aggregates",A,Annual,PC_GDP,Percentage of gross domestic product (GDP),S13,General government,P51C,Consumption of fixed capital,PT,Portugal,1999,,2.2,,,,,
dataflow,ESTAT:GOV_10A_MAIN(1.0),"Government revenue, expenditure and main aggregates",A,Annual,PC_GDP,Percentage of gross domestic product (GDP),S13,General government,P51C,Consumption of fixed capital,PT,Portugal,2000,,2.2,,,,,
dataflow,ESTAT:GOV_10A_MAIN(1.0),"Government revenue, expenditure and main aggregates",A,Annual,PC_GDP,Percentage of gross domestic product (GDP),S13,General government,P51C,Consumption of fixed capital,PT,Portugal,2001,,2.3,,,,,
dataflow,ESTAT:GOV_10A_MAIN(1.0),"Government revenue, expenditure and main aggregates",A,Annual,PC_GDP,Percentage of gross domestic product (GDP),S13,General government,P51C,Consumption of fixed capital,PT,Portugal,2002,,2.3,,,,,
dataflow,ESTAT:GOV_10A_MAIN(1.0),"Government revenue, expenditure and main aggregates",A,Annual,PC_GDP,Percentage of gross domestic product (GDP),S13,General government,P51C,Consumption of fixed capital,PT,Portugal,2003,,2.4,,,,,
dataflow,ESTAT:GOV_10A_MAIN(1.0),"Government revenue, expenditure and main aggregates",A,Annual,PC_GDP,Percentage of gross domestic product (GDP),S13,General government,P51C,Consumption of fixed capital,PT,Portugal,2004,,2.4,,,,,
dataflow,ESTAT:GOV_10A_MAIN(1.0),"Government revenue, expenditure and main aggregates",A,Annual,PC_GDP,Percentage of gross domestic product (GDP),S13,General government,P51C,Consumption of fixed capital,PT,Portugal,2005,,2.5,,,,,
dataflow,ESTAT:GOV_10A_MAIN(1.0),"Government revenue, expenditure and main aggregates",A,Annual,PC_GDP,Percentage of gross domestic product (GDP),S13,General government,P51C,Consumption of fixed capital,PT,Portugal,2006,,2.5,,,,,
dataflow,ESTAT:GOV_10A_MAIN(1.0),"Government revenue, expenditure and main aggregates",A,Annual,PC_GDP,Percentage of gross domestic product (GDP),S13,General government,P51C,Consumption of fixed capital,PT,Portugal,2007,,2.5,,,,,
dataflow,ESTAT:GOV_10A_MAIN(1.0),"Government revenue, expenditure and main aggregates",A,Annual,PC_GDP,Percentage of gross domestic product (GDP),S13,General government,P51C,Consumption of fixed capital,PT,Portugal,2008,,2.6,,,,,
dataflow,ESTAT:GOV_10A_MAIN(1.0),"Government revenue, expenditure and main aggregates",A,Annual,PC_GDP,Percentage of gross domestic product (GDP),S13,General government,P51C,Consumption of fixed capital,PT,Portugal,2009,,2.7,,,,,
dataflow,ESTAT:GOV_10A_MAIN(1.0),"Government revenue, expenditure and main aggregates",A,Annual,PC_GDP,Percentage of gross domestic product (GDP),S13,General government,P51C,Consumption of fixed capital,PT,Portugal,2010,,2.8,,,,,
dataflow,ESTAT:GOV_10A_MAIN(1.0),"Government revenue, expenditure and main aggregates",A,Annual,PC_GDP,Percentage of gross domestic product (GDP),S13,General government,P51C,Consumption of fixed capital,PT,Portugal,2011,,2.9,,,,,
dataflow,ESTAT:GOV_10A_MAIN(1.0),"Government revenue, expenditure and main aggregates",A,Annual,PC_GDP,Percentage of gross domestic product (GDP),S13,General government,P51C,Consumption of fixed capital,PT,Portugal,2012,,3.1,,,,,
dataflow,ESTAT:GOV_10A_MAIN(1.0),"Government revenue, expenditure and main aggregates",A,Annual,PC_GDP,Percentage of gross domestic product (GDP),S13,General government,P51C,Consumption of fixed capital,PT,Portugal,2013,,2.9,,,,,
dataflow,ESTAT:GOV_10A_MAIN(1.0),"Government revenue, expenditure and main aggregates",A,Annual,PC_GDP,Percentage of gross domestic product (GDP),S13,General government,P51C,Consumption of fixed capital,PT,Portugal,2014,,2.9,,,,,
dataflow,ESTAT:GOV_10A_MAIN(1.0),"Government revenue, expenditure and main aggregates",A,Annual,PC_GDP,Percentage of gross domestic product (GDP),S13,General government,P51C,Consumption of fixed capital,PT,Portugal,2015,,2.9,,,,,
dataflow,ESTAT:GOV_10A_MAIN(1.0),"Government revenue, expenditure and main aggregates",A,Annual,PC_GDP,Percentage of gross domestic product (GDP),S13,General government,P51C,Consumption of fixed capital,PT,Portugal,2016,,2.7,,,,,
dataflow,ESTAT:GOV_10A_MAIN(1.0),"Government revenue, expenditure and main aggregates",A,Annual,PC_GDP,Percentage of gross domestic product (GDP),S13,General government,P51C,Consumption of fixed capital,PT,Portugal,2017,,2.7,,,,,
dataflow,ESTAT:GOV_10A_MAIN(1.0),"Government revenue, expenditure and main aggregates",A,Annual,PC_GDP,Percentage of gross domestic product (GDP),S13,General government,P51C,Consumption of fixed capital,PT,Portugal,2018,,2.7,,,,,
dataflow,ESTAT:GOV_10A_MAIN(1.0),"Government revenue, expenditure and main aggregates",A,Annual,PC_GDP,Percentage of gross domestic product (GDP),S13,General government,P51C,Consumption of fixed capital,PT,Portugal,2019,,2.6,,,,,
dataflow,ESTAT:GOV_10A_MAIN(1.0),"Government revenue, expenditure and main aggregates",A,Annual,PC_GDP,Percentage of gross domestic product (GDP),S13,General government,P51C,Consumption of fixed capital,PT,Portugal,2020,,2.8,,,,,
dataflow,ESTAT:GOV_10A_MAIN(1.0),"Government revenue, expenditure and main aggregates",A,Annual,PC_GDP,Percentage of gross domestic product (GDP),S13,General government,P51C,Consumption of fixed capital,PT,Portugal,2021,,2.7,,,,,
dataflow,ESTAT:GOV_10A_MAIN(1.0),"Government revenue, expenditure and main aggregates",A,Annual,PC_GDP,Percentage of gross domestic product (GDP),S13,General government,P51C,Consumption of fixed capital,PT,Portugal,2022,,2.7,,,,,
dataflow,ESTAT:GOV_10A_MAIN(1.0),"Government revenue, expenditure and main aggregates",A,Annual,PC_GDP,Percentage of gross domestic product (GDP),S13,General government,P51C,Consumption of fixed capital,PT,Portugal,2023,,2.6,,,,,
dataflow,ESTAT:GOV_10A_MAIN(1.0),"Government revenue, expenditure and main aggregates",A,Annual,PC_GDP,Percentage of gross domestic product (GDP),S13,General government,P51C,Consumption of fixed capital,PT,Portugal,2024,,2.4,,,,,
dataflow,ESTAT:GOV_10A_MAIN(1.0),"Government revenue, expenditure and main aggregates",A,Annual,PC_GDP,Percentage of gross domestic product (GDP),S13,General government,P51C,Consumption of fixed capital,RO,Romania,1995,,0.1,,,,,
dataflow,ESTAT:GOV_10A_MAIN(1.0),"Government revenue, expenditure and main aggregates",A,Annual,PC_GDP,Percentage of gross domestic product (GDP),S13,General government,P51C,Consumption of fixed capital,RO,Romania,1996,,0.1,,,,,
dataflow,ESTAT:GOV_10A_MAIN(1.0),"Government revenue, expenditure and main aggregates",A,Annual,PC_GDP,Percentage of gross domestic product (GDP),S13,General government,P51C,Consumption of fixed capital,RO,Romania,1997,,0.1,,,,,
dataflow,ESTAT:GOV_10A_MAIN(1.0),"Government revenue, expenditure and main aggregates",A,Annual,PC_GDP,Percentage of gross domestic product (GDP),S13,General government,P51C,Consumption of fixed capital,RO,Romania,1998,,0.2,,,,,
dataflow,ESTAT:GOV_10A_MAIN(1.0),"Government revenue, expenditure and main aggregates",A,Annual,PC_GDP,Percentage of gross domestic product (GDP),S13,General government,P51C,Consumption of fixed capital,RO,Romania,1999,,0.3,,,,,
dataflow,ESTAT:GOV_10A_MAIN(1.0),"Government revenue, expenditure and main aggregates",A,Annual,PC_GDP,Percentage of gross domestic product (GDP),S13,General government,P51C,Consumption of fixed capital,RO,Romania,2000,,0.8,,,,,
dataflow,ESTAT:GOV_10A_MAIN(1.0),"Government revenue, expenditure and main aggregates",A,Annual,PC_GDP,Percentage of gross domestic product (GDP),S13,General government,P51C,Consumption of fixed capital,RO,Romania,2001,,1.2,,,,,
dataflow,ESTAT:GOV_10A_MAIN(1.0),"Government revenue, expenditure and main aggregates",A,Annual,PC_GDP,Percentage of gross domestic product (GDP),S13,General government,P51C,Consumption of fixed capital,RO,Romania,2002,,1.1,,,,,
dataflow,ESTAT:GOV_10A_MAIN(1.0),"Government revenue, expenditure and main aggregates",A,Annual,PC_GDP,Percentage of gross domestic product (GDP),S13,General government,P51C,Consumption of fixed capital,RO,Romania,2003,,2.3,,,,,
dataflow,ESTAT:GOV_10A_MAIN(1.0),"Government revenue, expenditure and main aggregates",A,Annual,PC_GDP,Percentage of gross domestic product (GDP),S13,General government,P51C,Consumption of fixed capital,RO,Romania,2004,,1.8,,,,,
dataflow,ESTAT:GOV_10A_MAIN(1.0),"Government revenue, expenditure and main aggregates",A,Annual,PC_GDP,Percentage of gross domestic product (GDP),S13,General government,P51C,Consumption of fixed capital,RO,Romania,2005,,1.8,,,,,
dataflow,ESTAT:GOV_10A_MAIN(1.0),"Government revenue, expenditure and main aggregates",A,Annual,PC_GDP,Percentage of gross domestic product (GDP),S13,General government,P51C,Consumption of fixed capital,RO,Romania,2006,,1.7,,,,,
dataflow,ESTAT:GOV_10A_MAIN(1.0),"Government revenue, expenditure and main aggregates",A,Annual,PC_GDP,Percentage of gross domestic product (GDP),S13,General government,P51C,Consumption of fixed capital,RO,Romania,2007,,1.5,,,,,
dataflow,ESTAT:GOV_10A_MAIN(1.0),"Government revenue, expenditure and main aggregates",A,Annual,PC_GDP,Percentage of gross domestic product (GDP),S13,General government,P51C,Consumption of fixed capital,RO,Romania,2008,,1.5,,,,,
dataflow,ESTAT:GOV_10A_MAIN(1.0),"Government revenue, expenditure and main aggregates",A,Annual,PC_GDP,Percentage of gross domestic product (GDP),S13,General government,P51C,Consumption of fixed capital,RO,Romania,2009,,1.7,,,,,
dataflow,ESTAT:GOV_10A_MAIN(1.0),"Government revenue, expenditure and main aggregates",A,Annual,PC_GDP,Percentage of gross domestic product (GDP),S13,General government,P51C,Consumption of fixed capital,RO,Romania,2010,,1.8,,,,,
dataflow,ESTAT:GOV_10A_MAIN(1.0),"Government revenue, expenditure and main aggregates",A,Annual,PC_GDP,Percentage of gross domestic product (GDP),S13,General government,P51C,Consumption of fixed capital,RO,Romania,2011,,1.8,,,,,
dataflow,ESTAT:GOV_10A_MAIN(1.0),"Government revenue, expenditure and main aggregates",A,Annual,PC_GDP,Percentage of gross domestic product (GDP),S13,General government,P51C,Consumption of fixed capital,RO,Romania,2012,,1.7,,,,,
dataflow,ESTAT:GOV_10A_MAIN(1.0),"Government revenue, expenditure and main aggregates",A,Annual,PC_GDP,Percentage of gross domestic product (GDP),S13,General government,P51C,Consumption of fixed capital,RO,Romania,2013,,1.7,,,,,
dataflow,ESTAT:GOV_10A_MAIN(1.0),"Government revenue, expenditure and main aggregates",A,Annual,PC_GDP,Percentage of gross domestic product (GDP),S13,General government,P51C,Consumption of fixed capital,RO,Romania,2014,,1.9,,,,,
dataflow,ESTAT:GOV_10A_MAIN(1.0),"Government revenue, expenditure and main aggregates",A,Annual,PC_GDP,Percentage of gross domestic product (GDP),S13,General government,P51C,Consumption of fixed capital,RO,Romania,2015,,1.9,,,,,
dataflow,ESTAT:GOV_10A_MAIN(1.0),"Government revenue, expenditure and main aggregates",A,Annual,PC_GDP,Percentage of gross domestic product (GDP),S13,General government,P51C,Consumption of fixed capital,RO,Romania,2016,,2.0,,,,,
dataflow,ESTAT:GOV_10A_MAIN(1.0),"Government revenue, expenditure and main aggregates",A,Annual,PC_GDP,Percentage of gross domestic product (GDP),S13,General government,P51C,Consumption of fixed capital,RO,Romania,2017,,1.9,,,,,
dataflow,ESTAT:GOV_10A_MAIN(1.0),"Government revenue, expenditure and main aggregates",A,Annual,PC_GDP,Percentage of gross domestic product (GDP),S13,General government,P51C,Consumption of fixed capital,RO,Romania,2018,,2.0,,,,,
dataflow,ESTAT:GOV_10A_MAIN(1.0),"Government revenue, expenditure and main aggregates",A,Annual,PC_GDP,Percentage of gross domestic product (GDP),S13,General government,P51C,Consumption of fixed capital,RO,Romania,2019,,2.0,,,,,
dataflow,ESTAT:GOV_10A_MAIN(1.0),"Government revenue, expenditure and main aggregates",A,Annual,PC_GDP,Percentage of gross domestic product (GDP),S13,General government,P51C,Consumption of fixed capital,RO,Romania,2020,,2.1,,,,,
dataflow,ESTAT:GOV_10A_MAIN(1.0),"Government revenue, expenditure and main aggregates",A,Annual,PC_GDP,Percentage of gross domestic product (GDP),S13,General government,P51C,Consumption of fixed capital,RO,Romania,2021,,2.1,,,,,
dataflow,ESTAT:GOV_10A_MAIN(1.0),"Government revenue, expenditure and main aggregates",A,Annual,PC_GDP,Percentage of gross domestic product (GDP),S13,General government,P51C,Consumption of fixed capital,RO,Romania,2022,,2.2,,,,,
dataflow,ESTAT:GOV_10A_MAIN(1.0),"Government revenue, expenditure and main aggregates",A,Annual,PC_GDP,Percentage of gross domestic product (GDP),S13,General government,P51C,Consumption of fixed capital,RO,Romania,2023,,2.2,,,,,
dataflow,ESTAT:GOV_10A_MAIN(1.0),"Government revenue, expenditure and main aggregates",A,Annual,PC_GDP,Percentage of gross domestic product (GDP),S13,General government,P51C,Consumption of fixed capital,RO,Romania,2024,,2.3,,,,,
dataflow,ESTAT:GOV_10A_MAIN(1.0),"Government revenue, expenditure and main aggregates",A,Annual,PC_GDP,Percentage of gross domestic product (GDP),S13,General government,P51C,Consumption of fixed capital,SE,Sweden,1995,,3.4,,,,,
dataflow,ESTAT:GOV_10A_MAIN(1.0),"Government revenue, expenditure and main aggregates",A,Annual,PC_GDP,Percentage of gross domestic product (GDP),S13,General government,P51C,Consumption of fixed capital,SE,Sweden,1996,,3.4,,,,,
dataflow,ESTAT:GOV_10A_MAIN(1.0),"Government revenue, expenditure and main aggregates",A,Annual,PC_GDP,Percentage of gross domestic product (GDP),S13,General government,P51C,Consumption of fixed capital,SE,Sweden,1997,,3.3,,,,,
dataflow,ESTAT:GOV_10A_MAIN(1.0),"Government revenue, expenditure and main aggregates",A,Annual,PC_GDP,Percentage of gross domestic product (GDP),S13,General government,P51C,Consumption of fixed capital,SE,Sweden,1998,,3.3,,,,,
dataflow,ESTAT:GOV_10A_MAIN(1.0),"Government revenue, expenditure and main aggregates",A,Annual,PC_GDP,Percentage of gross domestic product (GDP),S13,General government,P51C,Consumption of fixed capital,SE,Sweden,1999,,3.3,,,,,
dataflow,ESTAT:GOV_10A_MAIN(1.0),"Government revenue, expenditure and main aggregates",A,Annual,PC_GDP,Percentage of gross domestic product (GDP),S13,General government,P51C,Consumption of fixed capital,SE,Sweden,2000,,3.2,,,,,
dataflow,ESTAT:GOV_10A_MAIN(1.0),"Government revenue, expenditure and main aggregates",A,Annual,PC_GDP,Percentage of gross domestic product (GDP),S13,General government,P51C,Consumption of fixed capital,SE,Sweden,2001,,3.3,,,,,
dataflow,ESTAT:GOV_10A_MAIN(1.0),"Government revenue, expenditure and main aggregates",A,Annual,PC_GDP,Percentage of gross domestic product (GDP),S13,General government,P51C,Consumption of fixed capital,SE,Sweden,2002,,3.3,,,,,
dataflow,ESTAT:GOV_10A_MAIN(1.0),"Government revenue, expenditure and main aggregates",A,Annual,PC_GDP,Percentage of gross domestic product (GDP),S13,General government,P51C,Consumption of fixed capital,SE,Sweden,2003,,3.3,,,,,
dataflow,ESTAT:GOV_10A_MAIN(1.0),"Government revenue, expenditure and main aggregates",A,Annual,PC_GDP,Percentage of gross domestic product (GDP),S13,General government,P51C,Consumption of fixed capital,SE,Sweden,2004,,3.2,,,,,
dataflow,ESTAT:GOV_10A_MAIN(1.0),"Government revenue, expenditure and main aggregates",A,Annual,PC_GDP,Percentage of gross domestic product (GDP),S13,General government,P51C,Consumption of fixed capital,SE,Sweden,2005,,3.2,,,,,
dataflow,ESTAT:GOV_10A_MAIN(1.0),"Government revenue, expenditure and main aggregates",A,Annual,PC_GDP,Percentage of gross domestic product (GDP),S13,General government,P51C,Consumption of fixed capital,SE,Sweden,2006,,3.1,,,,,
dataflow,ESTAT:GOV_10A_MAIN(1.0),"Government revenue, expenditure and main aggregates",A,Annual,PC_GDP,Percentage of gross domestic product (GDP),S13,General government,P51C,Consumption of fixed capital,SE,Sweden,2007,,3.1,,,,,
dataflow,ESTAT:GOV_10A_MAIN(1.0),"Government revenue, expenditure and main aggregates",A,Annual,PC_GDP,Percentage of gross domestic product (GDP),S13,General government,P51C,Consumption of fixed capital,SE,Sweden,2008,,3.2,,,,,
dataflow,ESTAT:GOV_10A_MAIN(1.0),"Government revenue, expenditure and main aggregates",A,Annual,PC_GDP,Percentage of gross domestic product (GDP),S13,General government,P51C,Consumption of fixed capital,SE,Sweden,2009,,3.4,,,,,
dataflow,ESTAT:GOV_10A_MAIN(1.0),"Government revenue, expenditure and main aggregates",A,Annual,PC_GDP,Percentage of gross domestic product (GDP),S13,General government,P51C,Consumption of fixed capital,SE,Sweden,2010,,3.3,,,,,
dataflow,ESTAT:GOV_10A_MAIN(1.0),"Government revenue, expenditure and main aggregates",A,Annual,PC_GDP,Percentage of gross domestic product (GDP),S13,General government,P51C,Consumption of fixed capital,SE,Sweden,2011,,3.3,,,,,
dataflow,ESTAT:GOV_10A_MAIN(1.0),"Government revenue, expenditure and main aggregates",A,Annual,PC_GDP,Percentage of gross domestic product (GDP),S13,General government,P51C,Consumption of fixed capital,SE,Sweden,2012,,3.4,,,,,
dataflow,ESTAT:GOV_10A_MAIN(1.0),"Government revenue, expenditure and main aggregates",A,Annual,PC_GDP,Percentage of gross domestic product (GDP),S13,General government,P51C,Consumption of fixed capital,SE,Sweden,2013,,3.4,,,,,
dataflow,ESTAT:GOV_10A_MAIN(1.0),"Government revenue, expenditure and main aggregates",A,Annual,PC_GDP,Percentage of gross domestic product (GDP),S13,General government,P51C,Consumption of fixed capital,SE,Sweden,2014,,3.4,,,,,
dataflow,ESTAT:GOV_10A_MAIN(1.0),"Government revenue, expenditure and main aggregates",A,Annual,PC_GDP,Percentage of gross domestic product (GDP),S13,General government,P51C,Consumption of fixed capital,SE,Sweden,2015,,3.3,,,,,
dataflow,ESTAT:GOV_10A_MAIN(1.0),"Government revenue, expenditure and main aggregates",A,Annual,PC_GDP,Percentage of gross domestic product (GDP),S13,General government,P51C,Consumption of fixed capital,SE,Sweden,2016,,3.2,,,,,
dataflow,ESTAT:GOV_10A_MAIN(1.0),"Government revenue, expenditure and main aggregates",A,Annual,PC_GDP,Percentage of gross domestic product (GDP),S13,General government,P51C,Consumption of fixed capital,SE,Sweden,2017,,3.3,,,,,
dataflow,ESTAT:GOV_10A_MAIN(1.0),"Government revenue, expenditure and main aggregates",A,Annual,PC_GDP,Percentage of gross domestic product (GDP),S13,General government,P51C,Consumption of fixed capital,SE,Sweden,2018,,3.3,,,,,
dataflow,ESTAT:GOV_10A_MAIN(1.0),"Government revenue, expenditure and main aggregates",A,Annual,PC_GDP,Percentage of gross domestic product (GDP),S13,General government,P51C,Consumption of fixed capital,SE,Sweden,2019,,3.3,,,,,
dataflow,ESTAT:GOV_10A_MAIN(1.0),"Government revenue, expenditure and main aggregates",A,Annual,PC_GDP,Percentage of gross domestic product (GDP),S13,General government,P51C,Consumption of fixed capital,SE,Sweden,2020,,3.4,,,,,
dataflow,ESTAT:GOV_10A_MAIN(1.0),"Government revenue, expenditure and main aggregates",A,Annual,PC_GDP,Percentage of gross domestic product (GDP),S13,General government,P51C,Consumption of fixed capital,SE,Sweden,2021,,3.4,,,,,
dataflow,ESTAT:GOV_10A_MAIN(1.0),"Government revenue, expenditure and main aggregates",A,Annual,PC_GDP,Percentage of gross domestic product (GDP),S13,General government,P51C,Consumption of fixed capital,SE,Sweden,2022,,3.6,,,,,
dataflow,ESTAT:GOV_10A_MAIN(1.0),"Government revenue, expenditure and main aggregates",A,Annual,PC_GDP,Percentage of gross domestic product (GDP),S13,General government,P51C,Consumption of fixed capital,SE,Sweden,2023,,3.7,,,,,
dataflow,ESTAT:GOV_10A_MAIN(1.0),"Government revenue, expenditure and main aggregates",A,Annual,PC_GDP,Percentage of gross domestic product (GDP),S13,General government,P51C,Consumption of fixed capital,SE,Sweden,2024,,3.8,,,,,
dataflow,ESTAT:GOV_10A_MAIN(1.0),"Government revenue, expenditure and main aggregates",A,Annual,PC_GDP,Percentage of gross domestic product (GDP),S13,General government,P51C,Consumption of fixed capital,SI,Slovenia,1995,,2.4,,,,,
dataflow,ESTAT:GOV_10A_MAIN(1.0),"Government revenue, expenditure and main aggregates",A,Annual,PC_GDP,Percentage of gross domestic product (GDP),S13,General government,P51C,Consumption of fixed capital,SI,Slovenia,1996,,2.4,,,,,
dataflow,ESTAT:GOV_10A_MAIN(1.0),"Government revenue, expenditure and main aggregates",A,Annual,PC_GDP,Percentage of gross domestic product (GDP),S13,General government,P51C,Consumption of fixed capital,SI,Slovenia,1997,,2.2,,,,,
dataflow,ESTAT:GOV_10A_MAIN(1.0),"Government revenue, expenditure and main aggregates",A,Annual,PC_GDP,Percentage of gross domestic product (GDP),S13,General government,P51C,Consumption of fixed capital,SI,Slovenia,1998,,2.2,,,,,
dataflow,ESTAT:GOV_10A_MAIN(1.0),"Government revenue, expenditure and main aggregates",A,Annual,PC_GDP,Percentage of gross domestic product (GDP),S13,General government,P51C,Consumption of fixed capital,SI,Slovenia,1999,,2.1,,,,,
dataflow,ESTAT:GOV_10A_MAIN(1.0),"Government revenue, expenditure and main aggregates",A,Annual,PC_GDP,Percentage of gross domestic product (GDP),S13,General government,P51C,Consumption of fixed capital,SI,Slovenia,2000,,2.2,,,,,
dataflow,ESTAT:GOV_10A_MAIN(1.0),"Government revenue, expenditure and main aggregates",A,Annual,PC_GDP,Percentage of gross domestic product (GDP),S13,General government,P51C,Consumption of fixed capital,SI,Slovenia,2001,,2.2,,,,,
dataflow,ESTAT:GOV_10A_MAIN(1.0),"Government revenue, expenditure and main aggregates",A,Annual,PC_GDP,Percentage of gross domestic product (GDP),S13,General government,P51C,Consumption of fixed capital,SI,Slovenia,2002,,2.1,,,,,
dataflow,ESTAT:GOV_10A_MAIN(1.0),"Government revenue, expenditure and main aggregates",A,Annual,PC_GDP,Percentage of gross domestic product (GDP),S13,General government,P51C,Consumption of fixed capital,SI,Slovenia,2003,,2.1,,,,,
dataflow,ESTAT:GOV_10A_MAIN(1.0),"Government revenue, expenditure and main aggregates",A,Annual,PC_GDP,Percentage of gross domestic product (GDP),S13,General government,P51C,Consumption of fixed capital,SI,Slovenia,2004,,2.2,,,,,
dataflow,ESTAT:GOV_10A_MAIN(1.0),"Government revenue, expenditure and main aggregates",A,Annual,PC_GDP,Percentage of gross domestic product (GDP),S13,General government,P51C,Consumption of fixed capital,SI,Slovenia,2005,,2.2,,,,,
dataflow,ESTAT:GOV_10A_MAIN(1.0),"Government revenue, expenditure and main aggregates",A,Annual,PC_GDP,Percentage of gross domestic product (GDP),S13,General government,P51C,Consumption of fixed capital,SI,Slovenia,2006,,2.2,,,,,
dataflow,ESTAT:GOV_10A_MAIN(1.0),"Government revenue, expenditure and main aggregates",A,Annual,PC_GDP,Percentage of gross domestic product (GDP),S13,General government,P51C,Consumption of fixed capital,SI,Slovenia,2007,,2.1,,,,,
dataflow,ESTAT:GOV_10A_MAIN(1.0),"Government revenue, expenditure and main aggregates",A,Annual,PC_GDP,Percentage of gross domestic product (GDP),S13,General government,P51C,Consumption of fixed capital,SI,Slovenia,2008,,2.2,,,,,
dataflow,ESTAT:GOV_10A_MAIN(1.0),"Government revenue, expenditure and main aggregates",A,Annual,PC_GDP,Percentage of gross domestic product (GDP),S13,General government,P51C,Consumption of fixed capital,SI,Slovenia,2009,,2.4,,,,,
dataflow,ESTAT:GOV_10A_MAIN(1.0),"Government revenue, expenditure and main aggregates",A,Annual,PC_GDP,Percentage of gross domestic product (GDP),S13,General government,P51C,Consumption of fixed capital,SI,Slovenia,2010,,2.6,,,,,
dataflow,ESTAT:GOV_10A_MAIN(1.0),"Government revenue, expenditure and main aggregates",A,Annual,PC_GDP,Percentage of gross domestic product (GDP),S13,General government,P51C,Consumption of fixed capital,SI,Slovenia,2011,,2.7,,,,,
dataflow,ESTAT:GOV_10A_MAIN(1.0),"Government revenue, expenditure and main aggregates",A,Annual,PC_GDP,Percentage of gross domestic product (GDP),S13,General government,P51C,Consumption of fixed capital,SI,Slovenia,2012,,2.9,,,,,
dataflow,ESTAT:GOV_10A_MAIN(1.0),"Government revenue, expenditure and main aggregates",A,Annual,PC_GDP,Percentage of gross domestic product (GDP),S13,General government,P51C,Consumption of fixed capital,SI,Slovenia,2013,,2.9,,,,,
dataflow,ESTAT:GOV_10A_MAIN(1.0),"Government revenue, expenditure and main aggregates",A,Annual,PC_GDP,Percentage of gross domestic product (GDP),S13,General government,P51C,Consumption of fixed capital,SI,Slovenia,2014,,2.9,,,,,
dataflow,ESTAT:GOV_10A_MAIN(1.0),"Government revenue, expenditure and main aggregates",A,Annual,PC_GDP,Percentage of gross domestic product (GDP),S13,General government,P51C,Consumption of fixed capital,SI,Slovenia,2015,,2.9,,,,,
dataflow,ESTAT:GOV_10A_MAIN(1.0),"Government revenue, expenditure and main aggregates",A,Annual,PC_GDP,Percentage of gross domestic product (GDP),S13,General government,P51C,Consumption of fixed capital,SI,Slovenia,2016,,2.8,,,,,
dataflow,ESTAT:GOV_10A_MAIN(1.0),"Government revenue, expenditure and main aggregates",A,Annual,PC_GDP,Percentage of gross domestic product (GDP),S13,General government,P51C,Consumption of fixed capital,SI,Slovenia,2017,,2.7,,,,,
dataflow,ESTAT:GOV_10A_MAIN(1.0),"Government revenue, expenditure and main aggregates",A,Annual,PC_GDP,Percentage of gross domestic product (GDP),S13,General government,P51C,Consumption of fixed capital,SI,Slovenia,2018,,2.6,,,,,
dataflow,ESTAT:GOV_10A_MAIN(1.0),"Government revenue, expenditure and main aggregates",A,Annual,PC_GDP,Percentage of gross domestic product (GDP),S13,General government,P51C,Consumption of fixed capital,SI,Slovenia,2019,,2.6,,,,,
dataflow,ESTAT:GOV_10A_MAIN(1.0),"Government revenue, expenditure and main aggregates",A,Annual,PC_GDP,Percentage of gross domestic product (GDP),S13,General government,P51C,Consumption of fixed capital,SI,Slovenia,2020,,2.8,,,,,
dataflow,ESTAT:GOV_10A_MAIN(1.0),"Government revenue, expenditure and main aggregates",A,Annual,PC_GDP,Percentage of gross domestic product (GDP),S13,General government,P51C,Consumption of fixed capital,SI,Slovenia,2021,,2.7,,,,,
dataflow,ESTAT:GOV_10A_MAIN(1.0),"Government revenue, expenditure and main aggregates",A,Annual,PC_GDP,Percentage of gross domestic product (GDP),S13,General government,P51C,Consumption of fixed capital,SI,Slovenia,2022,,3.0,,,,,
dataflow,ESTAT:GOV_10A_MAIN(1.0),"Government revenue, expenditure and main aggregates",A,Annual,PC_GDP,Percentage of gross domestic product (GDP),S13,General government,P51C,Consumption of fixed capital,SI,Slovenia,2023,,2.9,,,,,
dataflow,ESTAT:GOV_10A_MAIN(1.0),"Government revenue, expenditure and main aggregates",A,Annual,PC_GDP,Percentage of gross domestic product (GDP),S13,General government,P51C,Consumption of fixed capital,SI,Slovenia,2024,,2.9,,,,,
dataflow,ESTAT:GOV_10A_MAIN(1.0),"Government revenue, expenditure and main aggregates",A,Annual,PC_GDP,Percentage of gross domestic product (GDP),S13,General government,P51C,Consumption of fixed capital,SK,Slovakia,1995,,8.8,,,,,
dataflow,ESTAT:GOV_10A_MAIN(1.0),"Government revenue, expenditure and main aggregates",A,Annual,PC_GDP,Percentage of gross domestic product (GDP),S13,General government,P51C,Consumption of fixed capital,SK,Slovakia,1996,,8.0,,,,,
dataflow,ESTAT:GOV_10A_MAIN(1.0),"Government revenue, expenditure and main aggregates",A,Annual,PC_GDP,Percentage of gross domestic product (GDP),S13,General government,P51C,Consumption of fixed capital,SK,Slovakia,1997,,7.1,,,,,
dataflow,ESTAT:GOV_10A_MAIN(1.0),"Government revenue, expenditure and main aggregates",A,Annual,PC_GDP,Percentage of gross domestic product (GDP),S13,General government,P51C,Consumption of fixed capital,SK,Slovakia,1998,,6.6,,,,,
dataflow,ESTAT:GOV_10A_MAIN(1.0),"Government revenue, expenditure and main aggregates",A,Annual,PC_GDP,Percentage of gross domestic product (GDP),S13,General government,P51C,Consumption of fixed capital,SK,Slovakia,1999,,6.2,,,,,
dataflow,ESTAT:GOV_10A_MAIN(1.0),"Government revenue, expenditure and main aggregates",A,Annual,PC_GDP,Percentage of gross domestic product (GDP),S13,General government,P51C,Consumption of fixed capital,SK,Slovakia,2000,,5.7,,,,,
dataflow,ESTAT:GOV_10A_MAIN(1.0),"Government revenue, expenditure and main aggregates",A,Annual,PC_GDP,Percentage of gross domestic product (GDP),S13,General government,P51C,Consumption of fixed capital,SK,Slovakia,2001,,5.3,,,,,
dataflow,ESTAT:GOV_10A_MAIN(1.0),"Government revenue, expenditure and main aggregates",A,Annual,PC_GDP,Percentage of gross domestic product (GDP),S13,General government,P51C,Consumption of fixed capital,SK,Slovakia,2002,,5.0,,,,,
dataflow,ESTAT:GOV_10A_MAIN(1.0),"Government revenue, expenditure and main aggregates",A,Annual,PC_GDP,Percentage of gross domestic product (GDP),S13,General government,P51C,Consumption of fixed capital,SK,Slovakia,2003,,4.7,,,,,
dataflow,ESTAT:GOV_10A_MAIN(1.0),"Government revenue, expenditure and main aggregates",A,Annual,PC_GDP,Percentage of gross domestic product (GDP),S13,General government,P51C,Consumption of fixed capital,SK,Slovakia,2004,,4.3,,,,,
dataflow,ESTAT:GOV_10A_MAIN(1.0),"Government revenue, expenditure and main aggregates",A,Annual,PC_GDP,Percentage of gross domestic product (GDP),S13,General government,P51C,Consumption of fixed capital,SK,Slovakia,2005,,4.0,,,,,
dataflow,ESTAT:GOV_10A_MAIN(1.0),"Government revenue, expenditure and main aggregates",A,Annual,PC_GDP,Percentage of gross domestic product (GDP),S13,General government,P51C,Consumption of fixed capital,SK,Slovakia,2006,,4.0,,,,,
dataflow,ESTAT:GOV_10A_MAIN(1.0),"Government revenue, expenditure and main aggregates",A,Annual,PC_GDP,Percentage of gross domestic product (GDP),S13,General government,P51C,Consumption of fixed capital,SK,Slovakia,2007,,3.6,,,,,
dataflow,ESTAT:GOV_10A_MAIN(1.0),"Government revenue, expenditure and main aggregates",A,Annual,PC_GDP,Percentage of gross domestic product (GDP),S13,General government,P51C,Consumption of fixed capital,SK,Slovakia,2008,,3.4,,,,,
dataflow,ESTAT:GOV_10A_MAIN(1.0),"Government revenue, expenditure and main aggregates",A,Annual,PC_GDP,Percentage of gross domestic product (GDP),S13,General government,P51C,Consumption of fixed capital,SK,Slovakia,2009,,3.7,,,,,
dataflow,ESTAT:GOV_10A_MAIN(1.0),"Government revenue, expenditure and main aggregates",A,Annual,PC_GDP,Percentage of gross domestic product (GDP),S13,General government,P51C,Consumption of fixed capital,SK,Slovakia,2010,,3.5,,,,,
dataflow,ESTAT:GOV_10A_MAIN(1.0),"Government revenue, expenditure and main aggregates",A,Annual,PC_GDP,Percentage of gross domestic product (GDP),S13,General government,P51C,Consumption of fixed capital,SK,Slovakia,2011,,3.3,,,,,
dataflow,ESTAT:GOV_10A_MAIN(1.0),"Government revenue, expenditure and main aggregates",A,Annual,PC_GDP,Percentage of gross domestic product (GDP),S13,General government,P51C,Consumption of fixed capital,SK,Slovakia,2012,,3.6,,,,,
dataflow,ESTAT:GOV_10A_MAIN(1.0),"Government revenue, expenditure and main aggregates",A,Annual,PC_GDP,Percentage of gross domestic product (GDP),S13,General government,P51C,Consumption of fixed capital,SK,Slovakia,2013,,3.7,,,,,
dataflow,ESTAT:GOV_10A_MAIN(1.0),"Government revenue, expenditure and main aggregates",A,Annual,PC_GDP,Percentage of gross domestic product (GDP),S13,General government,P51C,Consumption of fixed capital,SK,Slovakia,2014,,3.6,,,,,
dataflow,ESTAT:GOV_10A_MAIN(1.0),"Government revenue, expenditure and main aggregates",A,Annual,PC_GDP,Percentage of gross domestic product (GDP),S13,General government,P51C,Consumption of fixed capital,SK,Slovakia,2015,,3.6,,,,,
dataflow,ESTAT:GOV_10A_MAIN(1.0),"Government revenue, expenditure and main aggregates",A,Annual,PC_GDP,Percentage of gross domestic product (GDP),S13,General government,P51C,Consumption of fixed capital,SK,Slovakia,2016,,3.7,,,,,
dataflow,ESTAT:GOV_10A_MAIN(1.0),"Government revenue, expenditure and main aggregates",A,Annual,PC_GDP,Percentage of gross domestic product (GDP),S13,General government,P51C,Consumption of fixed capital,SK,Slovakia,2017,,3.7,,,,,
dataflow,ESTAT:GOV_10A_MAIN(1.0),"Government revenue, expenditure and main aggregates",A,Annual,PC_GDP,Percentage of gross domestic product (GDP),S13,General government,P51C,Consumption of fixed capital,SK,Slovakia,2018,,3.5,,,,,
dataflow,ESTAT:GOV_10A_MAIN(1.0),"Government revenue, expenditure and main aggregates",A,Annual,PC_GDP,Percentage of gross domestic product (GDP),S13,General government,P51C,Consumption of fixed capital,SK,Slovakia,2019,,3.6,,,,,
dataflow,ESTAT:GOV_10A_MAIN(1.0),"Government revenue, expenditure and main aggregates",A,Annual,PC_GDP,Percentage of gross domestic product (GDP),S13,General government,P51C,Consumption of fixed capital,SK,Slovakia,2020,,3.6,,,,,
dataflow,ESTAT:GOV_10A_MAIN(1.0),"Government revenue, expenditure and main aggregates",A,Annual,PC_GDP,Percentage of gross domestic product (GDP),S13,General government,P51C,Consumption of fixed capital,SK,Slovakia,2021,,3.4,,,,,
dataflow,ESTAT:GOV_10A_MAIN(1.0),"Government revenue, expenditure and main aggregates",A,Annual,PC_GDP,Percentage of gross domestic product (GDP),S13,General government,P51C,Consumption of fixed capital,SK,Slovakia,2022,,3.5,,,,,
dataflow,ESTAT:GOV_10A_MAIN(1.0),"Government revenue, expenditure and main aggregates",A,Annual,PC_GDP,Percentage of gross domestic product (GDP),S13,General government,P51C,Consumption of fixed capital,SK,Slovakia,2023,,3.1,,,,,
dataflow,ESTAT:GOV_10A_MAIN(1.0),"Government revenue, expenditure and main aggregates",A,Annual,PC_GDP,Percentage of gross domestic product (GDP),S13,General government,P51C,Consumption of fixed capital,SK,Slovakia,2024,,2.9,,,,,
dataflow,ESTAT:GOV_10A_MAIN(1.0),"Government revenue, expenditure and main aggregates",A,Annual,PC_GDP,Percentage of gross domestic product (GDP),S13,General government,P51G,Gross fixed capital formation,AT,Austria,1995,,3.9,,,,,
dataflow,ESTAT:GOV_10A_MAIN(1.0),"Government revenue, expenditure and main aggregates",A,Annual,PC_GDP,Percentage of gross domestic product (GDP),S13,General government,P51G,Gross fixed capital formation,AT,Austria,1996,,3.7,,,,,
dataflow,ESTAT:GOV_10A_MAIN(1.0),"Government revenue, expenditure and main aggregates",A,Annual,PC_GDP,Percentage of gross domestic product (GDP),S13,General government,P51G,Gross fixed capital formation,AT,Austria,1997,,3.0,,,,,
dataflow,ESTAT:GOV_10A_MAIN(1.0),"Government revenue, expenditure and main aggregates",A,Annual,PC_GDP,Percentage of gross domestic product (GDP),S13,General government,P51G,Gross fixed capital formation,AT,Austria,1998,,2.9,,,,,
dataflow,ESTAT:GOV_10A_MAIN(1.0),"Government revenue, expenditure and main aggregates",A,Annual,PC_GDP,Percentage of gross domestic product (GDP),S13,General government,P51G,Gross fixed capital formation,AT,Austria,1999,,2.9,,,,,
dataflow,ESTAT:GOV_10A_MAIN(1.0),"Government revenue, expenditure and main aggregates",A,Annual,PC_GDP,Percentage of gross domestic product (GDP),S13,General government,P51G,Gross fixed capital formation,AT,Austria,2000,,2.7,,,,,
dataflow,ESTAT:GOV_10A_MAIN(1.0),"Government revenue, expenditure and main aggregates",A,Annual,PC_GDP,Percentage of gross domestic product (GDP),S13,General government,P51G,Gross fixed capital formation,AT,Austria,2001,,2.5,,,,,
dataflow,ESTAT:GOV_10A_MAIN(1.0),"Government revenue, expenditure and main aggregates",A,Annual,PC_GDP,Percentage of gross domestic product (GDP),S13,General government,P51G,Gross fixed capital formation,AT,Austria,2002,,2.7,,,,,
dataflow,ESTAT:GOV_10A_MAIN(1.0),"Government revenue, expenditure and main aggregates",A,Annual,PC_GDP,Percentage of gross domestic product (GDP),S13,General government,P51G,Gross fixed capital formation,AT,Austria,2003,,2.6,,,,,
dataflow,ESTAT:GOV_10A_MAIN(1.0),"Government revenue, expenditure and main aggregates",A,Annual,PC_GDP,Percentage of gross domestic product (GDP),S13,General government,P51G,Gross fixed capital formation,AT,Austria,2004,,2.5,,,,,
dataflow,ESTAT:GOV_10A_MAIN(1.0),"Government revenue, expenditure and main aggregates",A,Annual,PC_GDP,Percentage of gross domestic product (GDP),S13,General government,P51G,Gross fixed capital formation,AT,Austria,2005,,3.0,,,,,
dataflow,ESTAT:GOV_10A_MAIN(1.0),"Government revenue, expenditure and main aggregates",A,Annual,PC_GDP,Percentage of gross domestic product (GDP),S13,General government,P51G,Gross fixed capital formation,AT,Austria,2006,,3.0,,,,,
dataflow,ESTAT:GOV_10A_MAIN(1.0),"Government revenue, expenditure and main aggregates",A,Annual,PC_GDP,Percentage of gross domestic product (GDP),S13,General government,P51G,Gross fixed capital formation,AT,Austria,2007,,3.0,,,,,
dataflow,ESTAT:GOV_10A_MAIN(1.0),"Government revenue, expenditure and main aggregates",A,Annual,PC_GDP,Percentage of gross domestic product (GDP),S13,General government,P51G,Gross fixed capital formation,AT,Austria,2008,,3.3,,,,,
dataflow,ESTAT:GOV_10A_MAIN(1.0),"Government revenue, expenditure and main aggregates",A,Annual,PC_GDP,Percentage of gross domestic product (GDP),S13,General government,P51G,Gross fixed capital formation,AT,Austria,2009,,3.4,,,,,
dataflow,ESTAT:GOV_10A_MAIN(1.0),"Government revenue, expenditure and main aggregates",A,Annual,PC_GDP,Percentage of gross domestic product (GDP),S13,General government,P51G,Gross fixed capital formation,AT,Austria,2010,,3.3,,,,,
dataflow,ESTAT:GOV_10A_MAIN(1.0),"Government revenue, expenditure and main aggregates",A,Annual,PC_GDP,Percentage of gross domestic product (GDP),S13,General government,P51G,Gross fixed capital formation,AT,Austria,2011,,3.0,,,,,
dataflow,ESTAT:GOV_10A_MAIN(1.0),"Government revenue, expenditure and main aggregates",A,Annual,PC_GDP,Percentage of gross domestic product (GDP),S13,General government,P51G,Gross fixed capital formation,AT,Austria,2012,,3.0,,,,,
dataflow,ESTAT:GOV_10A_MAIN(1.0),"Government revenue, expenditure and main aggregates",A,Annual,PC_GDP,Percentage of gross domestic product (GDP),S13,General government,P51G,Gross fixed capital formation,AT,Austria,2013,,3.1,,,,,
dataflow,ESTAT:GOV_10A_MAIN(1.0),"Government revenue, expenditure and main aggregates",A,Annual,PC_GDP,Percentage of gross domestic product (GDP),S13,General government,P51G,Gross fixed capital formation,AT,Austria,2014,,3.0,,,,,
dataflow,ESTAT:GOV_10A_MAIN(1.0),"Government revenue, expenditure and main aggregates",A,Annual,PC_GDP,Percentage of gross domestic product (GDP),S13,General government,P51G,Gross fixed capital formation,AT,Austria,2015,,3.0,,,,,
dataflow,ESTAT:GOV_10A_MAIN(1.0),"Government revenue, expenditure and main aggregates",A,Annual,PC_GDP,Percentage of gross domestic product (GDP),S13,General government,P51G,Gross fixed capital formation,AT,Austria,2016,,3.0,,,,,
dataflow,ESTAT:GOV_10A_MAIN(1.0),"Government revenue, expenditure and main aggregates",A,Annual,PC_GDP,Percentage of gross domestic product (GDP),S13,General government,P51G,Gross fixed capital formation,AT,Austria,2017,,3.1,,,,,
dataflow,ESTAT:GOV_10A_MAIN(1.0),"Government revenue, expenditure and main aggregates",A,Annual,PC_GDP,Percentage of gross domestic product (GDP),S13,General government,P51G,Gross fixed capital formation,AT,Austria,2018,,3.1,,,,,
dataflow,ESTAT:GOV_10A_MAIN(1.0),"Government revenue, expenditure and main aggregates",A,Annual,PC_GDP,Percentage of gross domestic product (GDP),S13,General government,P51G,Gross fixed capital formation,AT,Austria,2019,,3.1,,,,,
dataflow,ESTAT:GOV_10A_MAIN(1.0),"Government revenue, expenditure and main aggregates",A,Annual,PC_GDP,Percentage of gross domestic product (GDP),S13,General government,P51G,Gross fixed capital formation,AT,Austria,2020,,3.3,,,,,
dataflow,ESTAT:GOV_10A_MAIN(1.0),"Government revenue, expenditure and main aggregates",A,Annual,PC_GDP,Percentage of gross domestic product (GDP),S13,General government,P51G,Gross fixed capital formation,AT,Austria,2021,,3.6,,,,,
dataflow,ESTAT:GOV_10A_MAIN(1.0),"Government revenue, expenditure and main aggregates",A,Annual,PC_GDP,Percentage of gross domestic product (GDP),S13,General government,P51G,Gross fixed capital formation,AT,Austria,2022,,3.4,,,,,
dataflow,ESTAT:GOV_10A_MAIN(1.0),"Government revenue, expenditure and main aggregates",A,Annual,PC_GDP,Percentage of gross domestic product (GDP),S13,General government,P51G,Gross fixed capital formation,AT,Austria,2023,,3.7,,,,,
dataflow,ESTAT:GOV_10A_MAIN(1.0),"Government revenue, expenditure and main aggregates",A,Annual,PC_GDP,Percentage of gross domestic product (GDP),S13,General government,P51G,Gross fixed capital formation,AT,Austria,2024,,3.9,,,,,
dataflow,ESTAT:GOV_10A_MAIN(1.0),"Government revenue, expenditure and main aggregates",A,Annual,PC_GDP,Percentage of gross domestic product (GDP),S13,General government,P51G,Gross fixed capital formation,BE,Belgium,1995,,2.2,,,,,
dataflow,ESTAT:GOV_10A_MAIN(1.0),"Government revenue, expenditure and main aggregates",A,Annual,PC_GDP,Percentage of gross domestic product (GDP),S13,General government,P51G,Gross fixed capital formation,BE,Belgium,1996,,2.1,,,,,
dataflow,ESTAT:GOV_10A_MAIN(1.0),"Government revenue, expenditure and main aggregates",A,Annual,PC_GDP,Percentage of gross domestic product (GDP),S13,General government,P51G,Gross fixed capital formation,BE,Belgium,1997,,2.1,,,,,
dataflow,ESTAT:GOV_10A_MAIN(1.0),"Government revenue, expenditure and main aggregates",A,Annual,PC_GDP,Percentage of gross domestic product (GDP),S13,General government,P51G,Gross fixed capital formation,BE,Belgium,1998,,2.1,,,,,
dataflow,ESTAT:GOV_10A_MAIN(1.0),"Government revenue, expenditure and main aggregates",A,Annual,PC_GDP,Percentage of gross domestic product (GDP),S13,General government,P51G,Gross fixed capital formation,BE,Belgium,1999,,2.4,,,,,
dataflow,ESTAT:GOV_10A_MAIN(1.0),"Government revenue, expenditure and main aggregates",A,Annual,PC_GDP,Percentage of gross domestic product (GDP),S13,General government,P51G,Gross fixed capital formation,BE,Belgium,2000,,2.4,,,,,
dataflow,ESTAT:GOV_10A_MAIN(1.0),"Government revenue, expenditure and main aggregates",A,Annual,PC_GDP,Percentage of gross domestic product (GDP),S13,General government,P51G,Gross fixed capital formation,BE,Belgium,2001,,2.1,,,,,
dataflow,ESTAT:GOV_10A_MAIN(1.0),"Government revenue, expenditure and main aggregates",A,Annual,PC_GDP,Percentage of gross domestic product (GDP),S13,General government,P51G,Gross fixed capital formation,BE,Belgium,2002,,2.1,,,,,
dataflow,ESTAT:GOV_10A_MAIN(1.0),"Government revenue, expenditure and main aggregates",A,Annual,PC_GDP,Percentage of gross domestic product (GDP),S13,General government,P51G,Gross fixed capital formation,BE,Belgium,2003,,2.1,,,,,
dataflow,ESTAT:GOV_10A_MAIN(1.0),"Government revenue, expenditure and main aggregates",A,Annual,PC_GDP,Percentage of gross domestic product (GDP),S13,General government,P51G,Gross fixed capital formation,BE,Belgium,2004,,2.0,,,,,
dataflow,ESTAT:GOV_10A_MAIN(1.0),"Government revenue, expenditure and main aggregates",A,Annual,PC_GDP,Percentage of gross domestic product (GDP),S13,General government,P51G,Gross fixed capital formation,BE,Belgium,2005,,2.1,,,,,
dataflow,ESTAT:GOV_10A_MAIN(1.0),"Government revenue, expenditure and main aggregates",A,Annual,PC_GDP,Percentage of gross domestic product (GDP),S13,General government,P51G,Gross fixed capital formation,BE,Belgium,2006,,1.9,,,,,
dataflow,ESTAT:GOV_10A_MAIN(1.0),"Government revenue, expenditure and main aggregates",A,Annual,PC_GDP,Percentage of gross domestic product (GDP),S13,General government,P51G,Gross fixed capital formation,BE,Belgium,2007,,2.0,,,,,
dataflow,ESTAT:GOV_10A_MAIN(1.0),"Government revenue, expenditure and main aggregates",A,Annual,PC_GDP,Percentage of gross domestic product (GDP),S13,General government,P51G,Gross fixed capital formation,BE,Belgium,2008,,2.0,,,,,
dataflow,ESTAT:GOV_10A_MAIN(1.0),"Government revenue, expenditure and main aggregates",A,Annual,PC_GDP,Percentage of gross domestic product (GDP),S13,General government,P51G,Gross fixed capital formation,BE,Belgium,2009,,2.3,,b,break in time series,,
dataflow,ESTAT:GOV_10A_MAIN(1.0),"Government revenue, expenditure and main aggregates",A,Annual,PC_GDP,Percentage of gross domestic product (GDP),S13,General government,P51G,Gross fixed capital formation,BE,Belgium,2010,,2.2,,,,,
dataflow,ESTAT:GOV_10A_MAIN(1.0),"Government revenue, expenditure and main aggregates",A,Annual,PC_GDP,Percentage of gross domestic product (GDP),S13,General government,P51G,Gross fixed capital formation,BE,Belgium,2011,,2.4,,,,,
dataflow,ESTAT:GOV_10A_MAIN(1.0),"Government revenue, expenditure and main aggregates",A,Annual,PC_GDP,Percentage of gross domestic product (GDP),S13,General government,P51G,Gross fixed capital formation,BE,Belgium,2012,,2.5,,,,,
dataflow,ESTAT:GOV_10A_MAIN(1.0),"Government revenue, expenditure and main aggregates",A,Annual,PC_GDP,Percentage of gross domestic product (GDP),S13,General government,P51G,Gross fixed capital formation,BE,Belgium,2013,,2.3,,,,,
dataflow,ESTAT:GOV_10A_MAIN(1.0),"Government revenue, expenditure and main aggregates",A,Annual,PC_GDP,Percentage of gross domestic product (GDP),S13,General government,P51G,Gross fixed capital formation,BE,Belgium,2014,,2.5,,,,,
dataflow,ESTAT:GOV_10A_MAIN(1.0),"Government revenue, expenditure and main aggregates",A,Annual,PC_GDP,Percentage of gross domestic product (GDP),S13,General government,P51G,Gross fixed capital formation,BE,Belgium,2015,,2.5,,,,,
dataflow,ESTAT:GOV_10A_MAIN(1.0),"Government revenue, expenditure and main aggregates",A,Annual,PC_GDP,Percentage of gross domestic product (GDP),S13,General government,P51G,Gross fixed capital formation,BE,Belgium,2016,,2.4,,,,,
dataflow,ESTAT:GOV_10A_MAIN(1.0),"Government revenue, expenditure and main aggregates",A,Annual,PC_GDP,Percentage of gross domestic product (GDP),S13,General government,P51G,Gross fixed capital formation,BE,Belgium,2017,,2.5,,,,,
dataflow,ESTAT:GOV_10A_MAIN(1.0),"Government revenue, expenditure and main aggregates",A,Annual,PC_GDP,Percentage of gross domestic product (GDP),S13,General government,P51G,Gross fixed capital formation,BE,Belgium,2018,,2.7,,,,,
dataflow,ESTAT:GOV_10A_MAIN(1.0),"Government revenue, expenditure and main aggregates",A,Annual,PC_GDP,Percentage of gross domestic product (GDP),S13,General government,P51G,Gross fixed capital formation,BE,Belgium,2019,,2.6,,,,,
dataflow,ESTAT:GOV_10A_MAIN(1.0),"Government revenue, expenditure and main aggregates",A,Annual,PC_GDP,Percentage of gross domestic product (GDP),S13,General government,P51G,Gross fixed capital formation,BE,Belgium,2020,,2.8,,,,,
dataflow,ESTAT:GOV_10A_MAIN(1.0),"Government revenue, expenditure and main aggregates",A,Annual,PC_GDP,Percentage of gross domestic product (GDP),S13,General government,P51G,Gross fixed capital formation,BE,Belgium,2021,,2.8,,,,,
dataflow,ESTAT:GOV_10A_MAIN(1.0),"Government revenue, expenditure and main aggregates",A,Annual,PC_GDP,Percentage of gross domestic product (GDP),S13,General government,P51G,Gross fixed capital formation,BE,Belgium,2022,,2.7,,,,,
dataflow,ESTAT:GOV_10A_MAIN(1.0),"Government revenue, expenditure and main aggregates",A,Annual,PC_GDP,Percentage of gross domestic product (GDP),S13,General government,P51G,Gross fixed capital formation,BE,Belgium,2023,,2.9,,,,,
dataflow,ESTAT:GOV_10A_MAIN(1.0),"Government revenue, expenditure and main aggregates",A,Annual,PC_GDP,Percentage of gross domestic product (GDP),S13,General government,P51G,Gross fixed capital formation,BE,Belgium,2024,,3.1,,p,provisional,,
dataflow,ESTAT:GOV_10A_MAIN(1.0),"Government revenue, expenditure and main aggregates",A,Annual,PC_GDP,Percentage of gross domestic product (GDP),S13,General government,P51G,Gross fixed capital formation,BG,Bulgaria,1995,,0.7,,,,,
dataflow,ESTAT:GOV_10A_MAIN(1.0),"Government revenue, expenditure and main aggregates",A,Annual,PC_GDP,Percentage of gross domestic product (GDP),S13,General government,P51G,Gross fixed capital formation,BG,Bulgaria,1996,,0.5,,,,,
dataflow,ESTAT:GOV_10A_MAIN(1.0),"Government revenue, expenditure and main aggregates",A,Annual,PC_GDP,Percentage of gross domestic product (GDP),S13,General government,P51G,Gross fixed capital formation,BG,Bulgaria,1997,,1.3,,,,,
dataflow,ESTAT:GOV_10A_MAIN(1.0),"Government revenue, expenditure and main aggregates",A,Annual,PC_GDP,Percentage of gross domestic product (GDP),S13,General government,P51G,Gross fixed capital formation,BG,Bulgaria,1998,,3.5,,,,,
dataflow,ESTAT:GOV_10A_MAIN(1.0),"Government revenue, expenditure and main aggregates",A,Annual,PC_GDP,Percentage of gross domestic product (GDP),S13,General government,P51G,Gross fixed capital formation,BG,Bulgaria,1999,,4.1,,,,,
dataflow,ESTAT:GOV_10A_MAIN(1.0),"Government revenue, expenditure and main aggregates",A,Annual,PC_GDP,Percentage of gross domestic product (GDP),S13,General government,P51G,Gross fixed capital formation,BG,Bulgaria,2000,,3.9,,,,,
dataflow,ESTAT:GOV_10A_MAIN(1.0),"Government revenue, expenditure and main aggregates",A,Annual,PC_GDP,Percentage of gross domestic product (GDP),S13,General government,P51G,Gross fixed capital formation,BG,Bulgaria,2001,,3.9,,,,,
dataflow,ESTAT:GOV_10A_MAIN(1.0),"Government revenue, expenditure and main aggregates",A,Annual,PC_GDP,Percentage of gross domestic product (GDP),S13,General government,P51G,Gross fixed capital formation,BG,Bulgaria,2002,,3.4,,,,,
dataflow,ESTAT:GOV_10A_MAIN(1.0),"Government revenue, expenditure and main aggregates",A,Annual,PC_GDP,Percentage of gross domestic product (GDP),S13,General government,P51G,Gross fixed capital formation,BG,Bulgaria,2003,,3.2,,,,,
dataflow,ESTAT:GOV_10A_MAIN(1.0),"Government revenue, expenditure and main aggregates",A,Annual,PC_GDP,Percentage of gross domestic product (GDP),S13,General government,P51G,Gross fixed capital formation,BG,Bulgaria,2004,,3.4,,,,,
dataflow,ESTAT:GOV_10A_MAIN(1.0),"Government revenue, expenditure and main aggregates",A,Annual,PC_GDP,Percentage of gross domestic product (GDP),S13,General government,P51G,Gross fixed capital formation,BG,Bulgaria,2005,,3.7,,,,,
dataflow,ESTAT:GOV_10A_MAIN(1.0),"Government revenue, expenditure and main aggregates",A,Annual,PC_GDP,Percentage of gross domestic product (GDP),S13,General government,P51G,Gross fixed capital formation,BG,Bulgaria,2006,,4.2,,,,,
dataflow,ESTAT:GOV_10A_MAIN(1.0),"Government revenue, expenditure and main aggregates",A,Annual,PC_GDP,Percentage of gross domestic product (GDP),S13,General government,P51G,Gross fixed capital formation,BG,Bulgaria,2007,,5.2,,,,,
dataflow,ESTAT:GOV_10A_MAIN(1.0),"Government revenue, expenditure and main aggregates",A,Annual,PC_GDP,Percentage of gross domestic product (GDP),S13,General government,P51G,Gross fixed capital formation,BG,Bulgaria,2008,,5.6,,,,,
dataflow,ESTAT:GOV_10A_MAIN(1.0),"Government revenue, expenditure and main aggregates",A,Annual,PC_GDP,Percentage of gross domestic product (GDP),S13,General government,P51G,Gross fixed capital formation,BG,Bulgaria,2009,,4.9,,,,,
dataflow,ESTAT:GOV_10A_MAIN(1.0),"Government revenue, expenditure and main aggregates",A,Annual,PC_GDP,Percentage of gross domestic product (GDP),S13,General government,P51G,Gross fixed capital formation,BG,Bulgaria,2010,,4.6,,,,,
dataflow,ESTAT:GOV_10A_MAIN(1.0),"Government revenue, expenditure and main aggregates",A,Annual,PC_GDP,Percentage of gross domestic product (GDP),S13,General government,P51G,Gross fixed capital formation,BG,Bulgaria,2011,,3.4,,,,,
dataflow,ESTAT:GOV_10A_MAIN(1.0),"Government revenue, expenditure and main aggregates",A,Annual,PC_GDP,Percentage of gross domestic product (GDP),S13,General government,P51G,Gross fixed capital formation,BG,Bulgaria,2012,,3.4,,,,,
dataflow,ESTAT:GOV_10A_MAIN(1.0),"Government revenue, expenditure and main aggregates",A,Annual,PC_GDP,Percentage of gross domestic product (GDP),S13,General government,P51G,Gross fixed capital formation,BG,Bulgaria,2013,,4.1,,,,,
dataflow,ESTAT:GOV_10A_MAIN(1.0),"Government revenue, expenditure and main aggregates",A,Annual,PC_GDP,Percentage of gross domestic product (GDP),S13,General government,P51G,Gross fixed capital formation,BG,Bulgaria,2014,,5.3,,,,,
dataflow,ESTAT:GOV_10A_MAIN(1.0),"Government revenue, expenditure and main aggregates",A,Annual,PC_GDP,Percentage of gross domestic product (GDP),S13,General government,P51G,Gross fixed capital formation,BG,Bulgaria,2015,,6.6,,,,,
dataflow,ESTAT:GOV_10A_MAIN(1.0),"Government revenue, expenditure and main aggregates",A,Annual,PC_GDP,Percentage of gross domestic product (GDP),S13,General government,P51G,Gross fixed capital formation,BG,Bulgaria,2016,,2.7,,,,,
dataflow,ESTAT:GOV_10A_MAIN(1.0),"Government revenue, expenditure and main aggregates",A,Annual,PC_GDP,Percentage of gross domestic product (GDP),S13,General government,P51G,Gross fixed capital formation,BG,Bulgaria,2017,,2.3,,,,,
dataflow,ESTAT:GOV_10A_MAIN(1.0),"Government revenue, expenditure and main aggregates",A,Annual,PC_GDP,Percentage of gross domestic product (GDP),S13,General government,P51G,Gross fixed capital formation,BG,Bulgaria,2018,,3.1,,,,,
dataflow,ESTAT:GOV_10A_MAIN(1.0),"Government revenue, expenditure and main aggregates",A,Annual,PC_GDP,Percentage of gross domestic product (GDP),S13,General government,P51G,Gross fixed capital formation,BG,Bulgaria,2019,,3.4,,,,,
dataflow,ESTAT:GOV_10A_MAIN(1.0),"Government revenue, expenditure and main aggregates",A,Annual,PC_GDP,Percentage of gross domestic product (GDP),S13,General government,P51G,Gross fixed capital formation,BG,Bulgaria,2020,,3.3,,,,,
dataflow,ESTAT:GOV_10A_MAIN(1.0),"Government revenue, expenditure and main aggregates",A,Annual,PC_GDP,Percentage of gross domestic product (GDP),S13,General government,P51G,Gross fixed capital formation,BG,Bulgaria,2021,,2.7,,,,,
dataflow,ESTAT:GOV_10A_MAIN(1.0),"Government revenue, expenditure and main aggregates",A,Annual,PC_GDP,Percentage of gross domestic product (GDP),S13,General government,P51G,Gross fixed capital formation,BG,Bulgaria,2022,,2.4,,,,,
dataflow,ESTAT:GOV_10A_MAIN(1.0),"Government revenue, expenditure and main aggregates",A,Annual,PC_GDP,Percentage of gross domestic product (GDP),S13,General government,P51G,Gross fixed capital formation,BG,Bulgaria,2023,,3.8,,,,,
dataflow,ESTAT:GOV_10A_MAIN(1.0),"Government revenue, expenditure and main aggregates",A,Annual,PC_GDP,Percentage of gross domestic product (GDP),S13,General government,P51G,Gross fixed capital formation,BG,Bulgaria,2024,,3.2,,,,,
dataflow,ESTAT:GOV_10A_MAIN(1.0),"Government revenue, expenditure and main aggregates",A,Annual,PC_GDP,Percentage of gross domestic product (GDP),S13,General government,P51G,Gross fixed capital formation,CY,Cyprus,1995,,4.7,,,,,
dataflow,ESTAT:GOV_10A_MAIN(1.0),"Government revenue, expenditure and main aggregates",A,Annual,PC_GDP,Percentage of gross domestic product (GDP),S13,General government,P51G,Gross fixed capital formation,CY,Cyprus,1996,,5.2,,,,,
dataflow,ESTAT:GOV_10A_MAIN(1.0),"Government revenue, expenditure and main aggregates",A,Annual,PC_GDP,Percentage of gross domestic product (GDP),S13,General government,P51G,Gross fixed capital formation,CY,Cyprus,1997,,5.1,,,,,
dataflow,ESTAT:GOV_10A_MAIN(1.0),"Government revenue, expenditure and main aggregates",A,Annual,PC_GDP,Percentage of gross domestic product (GDP),S13,General government,P51G,Gross fixed capital formation,CY,Cyprus,1998,,2.9,,,,,
dataflow,ESTAT:GOV_10A_MAIN(1.0),"Government revenue, expenditure and main aggregates",A,Annual,PC_GDP,Percentage of gross domestic product (GDP),S13,General government,P51G,Gross fixed capital formation,CY,Cyprus,1999,,3.2,,,,,
dataflow,ESTAT:GOV_10A_MAIN(1.0),"Government revenue, expenditure and main aggregates",A,Annual,PC_GDP,Percentage of gross domestic product (GDP),S13,General government,P51G,Gross fixed capital formation,CY,Cyprus,2000,,3.5,,,,,
dataflow,ESTAT:GOV_10A_MAIN(1.0),"Government revenue, expenditure and main aggregates",A,Annual,PC_GDP,Percentage of gross domestic product (GDP),S13,General government,P51G,Gross fixed capital formation,CY,Cyprus,2001,,3.4,,,,,
dataflow,ESTAT:GOV_10A_MAIN(1.0),"Government revenue, expenditure and main aggregates",A,Annual,PC_GDP,Percentage of gross domestic product (GDP),S13,General government,P51G,Gross fixed capital formation,CY,Cyprus,2002,,3.7,,,,,
dataflow,ESTAT:GOV_10A_MAIN(1.0),"Government revenue, expenditure and main aggregates",A,Annual,PC_GDP,Percentage of gross domestic product (GDP),S13,General government,P51G,Gross fixed capital formation,CY,Cyprus,2003,,4.3,,,,,
dataflow,ESTAT:GOV_10A_MAIN(1.0),"Government revenue, expenditure and main aggregates",A,Annual,PC_GDP,Percentage of gross domestic product (GDP),S13,General government,P51G,Gross fixed capital formation,CY,Cyprus,2004,,4.4,,,,,
dataflow,ESTAT:GOV_10A_MAIN(1.0),"Government revenue, expenditure and main aggregates",A,Annual,PC_GDP,Percentage of gross domestic product (GDP),S13,General government,P51G,Gross fixed capital formation,CY,Cyprus,2005,,3.7,,,,,
dataflow,ESTAT:GOV_10A_MAIN(1.0),"Government revenue, expenditure and main aggregates",A,Annual,PC_GDP,Percentage of gross domestic product (GDP),S13,General government,P51G,Gross fixed capital formation,CY,Cyprus,2006,,3.6,,,,,
dataflow,ESTAT:GOV_10A_MAIN(1.0),"Government revenue, expenditure and main aggregates",A,Annual,PC_GDP,Percentage of gross domestic product (GDP),S13,General government,P51G,Gross fixed capital formation,CY,Cyprus,2007,,3.4,,,,,
dataflow,ESTAT:GOV_10A_MAIN(1.0),"Government revenue, expenditure and main aggregates",A,Annual,PC_GDP,Percentage of gross domestic product (GDP),S13,General government,P51G,Gross fixed capital formation,CY,Cyprus,2008,,3.6,,,,,
dataflow,ESTAT:GOV_10A_MAIN(1.0),"Government revenue, expenditure and main aggregates",A,Annual,PC_GDP,Percentage of gross domestic product (GDP),S13,General government,P51G,Gross fixed capital formation,CY,Cyprus,2009,,4.6,,,,,
dataflow,ESTAT:GOV_10A_MAIN(1.0),"Government revenue, expenditure and main aggregates",A,Annual,PC_GDP,Percentage of gross domestic product (GDP),S13,General government,P51G,Gross fixed capital formation,CY,Cyprus,2010,,4.8,,,,,
dataflow,ESTAT:GOV_10A_MAIN(1.0),"Government revenue, expenditure and main aggregates",A,Annual,PC_GDP,Percentage of gross domestic product (GDP),S13,General government,P51G,Gross fixed capital formation,CY,Cyprus,2011,,4.5,,,,,
dataflow,ESTAT:GOV_10A_MAIN(1.0),"Government revenue, expenditure and main aggregates",A,Annual,PC_GDP,Percentage of gross domestic product (GDP),S13,General government,P51G,Gross fixed capital formation,CY,Cyprus,2012,,3.4,,,,,
dataflow,ESTAT:GOV_10A_MAIN(1.0),"Government revenue, expenditure and main aggregates",A,Annual,PC_GDP,Percentage of gross domestic product (GDP),S13,General government,P51G,Gross fixed capital formation,CY,Cyprus,2013,,2.6,,,,,
dataflow,ESTAT:GOV_10A_MAIN(1.0),"Government revenue, expenditure and main aggregates",A,Annual,PC_GDP,Percentage of gross domestic product (GDP),S13,General government,P51G,Gross fixed capital formation,CY,Cyprus,2014,,2.4,,,,,
dataflow,ESTAT:GOV_10A_MAIN(1.0),"Government revenue, expenditure and main aggregates",A,Annual,PC_GDP,Percentage of gross domestic product (GDP),S13,General government,P51G,Gross fixed capital formation,CY,Cyprus,2015,,2.3,,,,,
dataflow,ESTAT:GOV_10A_MAIN(1.0),"Government revenue, expenditure and main aggregates",A,Annual,PC_GDP,Percentage of gross domestic product (GDP),S13,General government,P51G,Gross fixed capital formation,CY,Cyprus,2016,,2.6,,,,,
dataflow,ESTAT:GOV_10A_MAIN(1.0),"Government revenue, expenditure and main aggregates",A,Annual,PC_GDP,Percentage of gross domestic product (GDP),S13,General government,P51G,Gross fixed capital formation,CY,Cyprus,2017,,2.8,,,,,
dataflow,ESTAT:GOV_10A_MAIN(1.0),"Government revenue, expenditure and main aggregates",A,Annual,PC_GDP,Percentage of gross domestic product (GDP),S13,General government,P51G,Gross fixed capital formation,CY,Cyprus,2018,,4.9,,,,,
dataflow,ESTAT:GOV_10A_MAIN(1.0),"Government revenue, expenditure and main aggregates",A,Annual,PC_GDP,Percentage of gross domestic product (GDP),S13,General government,P51G,Gross fixed capital formation,CY,Cyprus,2019,,2.6,,,,,
dataflow,ESTAT:GOV_10A_MAIN(1.0),"Government revenue, expenditure and main aggregates",A,Annual,PC_GDP,Percentage of gross domestic product (GDP),S13,General government,P51G,Gross fixed capital formation,CY,Cyprus,2020,,2.9,,,,,
dataflow,ESTAT:GOV_10A_MAIN(1.0),"Government revenue, expenditure and main aggregates",A,Annual,PC_GDP,Percentage of gross domestic product (GDP),S13,General government,P51G,Gross fixed capital formation,CY,Cyprus,2021,,2.7,,,,,
dataflow,ESTAT:GOV_10A_MAIN(1.0),"Government revenue, expenditure and main aggregates",A,Annual,PC_GDP,Percentage of gross domestic product (GDP),S13,General government,P51G,Gross fixed capital formation,CY,Cyprus,2022,,2.4,,,,,
dataflow,ESTAT:GOV_10A_MAIN(1.0),"Government revenue, expenditure and main aggregates",A,Annual,PC_GDP,Percentage of gross domestic product (GDP),S13,General government,P51G,Gross fixed capital formation,CY,Cyprus,2023,,3.1,,,,,
dataflow,ESTAT:GOV_10A_MAIN(1.0),"Government revenue, expenditure and main aggregates",A,Annual,PC_GDP,Percentage of gross domestic product (GDP),S13,General government,P51G,Gross fixed capital formation,CY,Cyprus,2024,,2.8,,,,,
dataflow,ESTAT:GOV_10A_MAIN(1.0),"Government revenue, expenditure and main aggregates",A,Annual,PC_GDP,Percentage of gross domestic product (GDP),S13,General government,P51G,Gross fixed capital formation,CZ,Czechia,1995,,5.5,,,,,
dataflow,ESTAT:GOV_10A_MAIN(1.0),"Government revenue, expenditure and main aggregates",A,Annual,PC_GDP,Percentage of gross domestic product (GDP),S13,General government,P51G,Gross fixed capital formation,CZ,Czechia,1996,,4.6,,,,,
dataflow,ESTAT:GOV_10A_MAIN(1.0),"Government revenue, expenditure and main aggregates",A,Annual,PC_GDP,Percentage of gross domestic product (GDP),S13,General government,P51G,Gross fixed capital formation,CZ,Czechia,1997,,4.3,,,,,
dataflow,ESTAT:GOV_10A_MAIN(1.0),"Government revenue, expenditure and main aggregates",A,Annual,PC_GDP,Percentage of gross domestic product (GDP),S13,General government,P51G,Gross fixed capital formation,CZ,Czechia,1998,,4.3,,,,,
dataflow,ESTAT:GOV_10A_MAIN(1.0),"Government revenue, expenditure and main aggregates",A,Annual,PC_GDP,Percentage of gross domestic product (GDP),S13,General government,P51G,Gross fixed capital formation,CZ,Czechia,1999,,3.7,,,,,
dataflow,ESTAT:GOV_10A_MAIN(1.0),"Government revenue, expenditure and main aggregates",A,Annual,PC_GDP,Percentage of gross domestic product (GDP),S13,General government,P51G,Gross fixed capital formation,CZ,Czechia,2000,,4.5,,,,,
dataflow,ESTAT:GOV_10A_MAIN(1.0),"Government revenue, expenditure and main aggregates",A,Annual,PC_GDP,Percentage of gross domestic product (GDP),S13,General government,P51G,Gross fixed capital formation,CZ,Czechia,2001,,4.1,,,,,
dataflow,ESTAT:GOV_10A_MAIN(1.0),"Government revenue, expenditure and main aggregates",A,Annual,PC_GDP,Percentage of gross domestic product (GDP),S13,General government,P51G,Gross fixed capital formation,CZ,Czechia,2002,,4.0,,,,,
dataflow,ESTAT:GOV_10A_MAIN(1.0),"Government revenue, expenditure and main aggregates",A,Annual,PC_GDP,Percentage of gross domestic product (GDP),S13,General government,P51G,Gross fixed capital formation,CZ,Czechia,2003,,7.6,,,,,
dataflow,ESTAT:GOV_10A_MAIN(1.0),"Government revenue, expenditure and main aggregates",A,Annual,PC_GDP,Percentage of gross domestic product (GDP),S13,General government,P51G,Gross fixed capital formation,CZ,Czechia,2004,,5.0,,,,,
dataflow,ESTAT:GOV_10A_MAIN(1.0),"Government revenue, expenditure and main aggregates",A,Annual,PC_GDP,Percentage of gross domestic product (GDP),S13,General government,P51G,Gross fixed capital formation,CZ,Czechia,2005,,5.2,,,,,
dataflow,ESTAT:GOV_10A_MAIN(1.0),"Government revenue, expenditure and main aggregates",A,Annual,PC_GDP,Percentage of gross domestic product (GDP),S13,General government,P51G,Gross fixed capital formation,CZ,Czechia,2006,,5.1,,,,,
dataflow,ESTAT:GOV_10A_MAIN(1.0),"Government revenue, expenditure and main aggregates",A,Annual,PC_GDP,Percentage of gross domestic product (GDP),S13,General government,P51G,Gross fixed capital formation,CZ,Czechia,2007,,4.5,,,,,
dataflow,ESTAT:GOV_10A_MAIN(1.0),"Government revenue, expenditure and main aggregates",A,Annual,PC_GDP,Percentage of gross domestic product (GDP),S13,General government,P51G,Gross fixed capital formation,CZ,Czechia,2008,,5.0,,,,,
dataflow,ESTAT:GOV_10A_MAIN(1.0),"Government revenue, expenditure and main aggregates",A,Annual,PC_GDP,Percentage of gross domestic product (GDP),S13,General government,P51G,Gross fixed capital formation,CZ,Czechia,2009,,5.9,,,,,
dataflow,ESTAT:GOV_10A_MAIN(1.0),"Government revenue, expenditure and main aggregates",A,Annual,PC_GDP,Percentage of gross domestic product (GDP),S13,General government,P51G,Gross fixed capital formation,CZ,Czechia,2010,,5.0,,,,,
dataflow,ESTAT:GOV_10A_MAIN(1.0),"Government revenue, expenditure and main aggregates",A,Annual,PC_GDP,Percentage of gross domestic product (GDP),S13,General government,P51G,Gross fixed capital formation,CZ,Czechia,2011,,4.4,,,,,
dataflow,ESTAT:GOV_10A_MAIN(1.0),"Government revenue, expenditure and main aggregates",A,Annual,PC_GDP,Percentage of gross domestic product (GDP),S13,General government,P51G,Gross fixed capital formation,CZ,Czechia,2012,,4.1,,,,,
dataflow,ESTAT:GOV_10A_MAIN(1.0),"Government revenue, expenditure and main aggregates",A,Annual,PC_GDP,Percentage of gross domestic product (GDP),S13,General government,P51G,Gross fixed capital formation,CZ,Czechia,2013,,3.7,,,,,
dataflow,ESTAT:GOV_10A_MAIN(1.0),"Government revenue, expenditure and main aggregates",A,Annual,PC_GDP,Percentage of gross domestic product (GDP),S13,General government,P51G,Gross fixed capital formation,CZ,Czechia,2014,,4.1,,,,,
dataflow,ESTAT:GOV_10A_MAIN(1.0),"Government revenue, expenditure and main aggregates",A,Annual,PC_GDP,Percentage of gross domestic product (GDP),S13,General government,P51G,Gross fixed capital formation,CZ,Czechia,2015,,5.1,,,,,
dataflow,ESTAT:GOV_10A_MAIN(1.0),"Government revenue, expenditure and main aggregates",A,Annual,PC_GDP,Percentage of gross domestic product (GDP),S13,General government,P51G,Gross fixed capital formation,CZ,Czechia,2016,,3.2,,,,,
dataflow,ESTAT:GOV_10A_MAIN(1.0),"Government revenue, expenditure and main aggregates",A,Annual,PC_GDP,Percentage of gross domestic product (GDP),S13,General government,P51G,Gross fixed capital formation,CZ,Czechia,2017,,3.3,,,,,
dataflow,ESTAT:GOV_10A_MAIN(1.0),"Government revenue, expenditure and main aggregates",A,Annual,PC_GDP,Percentage of gross domestic product (GDP),S13,General government,P51G,Gross fixed capital formation,CZ,Czechia,2018,,4.1,,,,,
dataflow,ESTAT:GOV_10A_MAIN(1.0),"Government revenue, expenditure and main aggregates",A,Annual,PC_GDP,Percentage of gross domestic product (GDP),S13,General government,P51G,Gross fixed capital formation,CZ,Czechia,2019,,4.3,,,,,
dataflow,ESTAT:GOV_10A_MAIN(1.0),"Government revenue, expenditure and main aggregates",A,Annual,PC_GDP,Percentage of gross domestic product (GDP),S13,General government,P51G,Gross fixed capital formation,CZ,Czechia,2020,,4.7,,,,,
dataflow,ESTAT:GOV_10A_MAIN(1.0),"Government revenue, expenditure and main aggregates",A,Annual,PC_GDP,Percentage of gross domestic product (GDP),S13,General government,P51G,Gross fixed capital formation,CZ,Czechia,2021,,4.6,,,,,
dataflow,ESTAT:GOV_10A_MAIN(1.0),"Government revenue, expenditure and main aggregates",A,Annual,PC_GDP,Percentage of gross domestic product (GDP),S13,General government,P51G,Gross fixed capital formation,CZ,Czechia,2022,,4.5,,,,,
dataflow,ESTAT:GOV_10A_MAIN(1.0),"Government revenue, expenditure and main aggregates",A,Annual,PC_GDP,Percentage of gross domestic product (GDP),S13,General government,P51G,Gross fixed capital formation,CZ,Czechia,2023,,4.8,,,,,
dataflow,ESTAT:GOV_10A_MAIN(1.0),"Government revenue, expenditure and main aggregates",A,Annual,PC_GDP,Percentage of gross domestic product (GDP),S13,General government,P51G,Gross fixed capital formation,CZ,Czechia,2024,,4.7,,,,,
dataflow,ESTAT:GOV_10A_MAIN(1.0),"Government revenue, expenditure and main aggregates",A,Annual,PC_GDP,Percentage of gross domestic product (GDP),S13,General government,P51G,Gross fixed capital formation,DE,Germany,1995,,2.7,,,,,
dataflow,ESTAT:GOV_10A_MAIN(1.0),"Government revenue, expenditure and main aggregates",A,Annual,PC_GDP,Percentage of gross domestic product (GDP),S13,General government,P51G,Gross fixed capital formation,DE,Germany,1996,,2.6,,,,,
dataflow,ESTAT:GOV_10A_MAIN(1.0),"Government revenue, expenditure and main aggregates",A,Annual,PC_GDP,Percentage of gross domestic product (GDP),S13,General government,P51G,Gross fixed capital formation,DE,Germany,1997,,2.4,,,,,
dataflow,ESTAT:GOV_10A_MAIN(1.0),"Government revenue, expenditure and main aggregates",A,Annual,PC_GDP,Percentage of gross domestic product (GDP),S13,General government,P51G,Gross fixed capital formation,DE,Germany,1998,,2.4,,,,,
dataflow,ESTAT:GOV_10A_MAIN(1.0),"Government revenue, expenditure and main aggregates",A,Annual,PC_GDP,Percentage of gross domestic product (GDP),S13,General government,P51G,Gross fixed capital formation,DE,Germany,1999,,2.7,,,,,
dataflow,ESTAT:GOV_10A_MAIN(1.0),"Government revenue, expenditure and main aggregates",A,Annual,PC_GDP,Percentage of gross domestic product (GDP),S13,General government,P51G,Gross fixed capital formation,DE,Germany,2000,,2.6,,,,,
dataflow,ESTAT:GOV_10A_MAIN(1.0),"Government revenue, expenditure and main aggregates",A,Annual,PC_GDP,Percentage of gross domestic product (GDP),S13,General government,P51G,Gross fixed capital formation,DE,Germany,2001,,2.5,,,,,
dataflow,ESTAT:GOV_10A_MAIN(1.0),"Government revenue, expenditure and main aggregates",A,Annual,PC_GDP,Percentage of gross domestic product (GDP),S13,General government,P51G,Gross fixed capital formation,DE,Germany,2002,,2.6,,,,,
dataflow,ESTAT:GOV_10A_MAIN(1.0),"Government revenue, expenditure and main aggregates",A,Annual,PC_GDP,Percentage of gross domestic product (GDP),S13,General government,P51G,Gross fixed capital formation,DE,Germany,2003,,2.5,,,,,
dataflow,ESTAT:GOV_10A_MAIN(1.0),"Government revenue, expenditure and main aggregates",A,Annual,PC_GDP,Percentage of gross domestic product (GDP),S13,General government,P51G,Gross fixed capital formation,DE,Germany,2004,,2.2,,,,,
dataflow,ESTAT:GOV_10A_MAIN(1.0),"Government revenue, expenditure and main aggregates",A,Annual,PC_GDP,Percentage of gross domestic product (GDP),S13,General government,P51G,Gross fixed capital formation,DE,Germany,2005,,2.2,,,,,
dataflow,ESTAT:GOV_10A_MAIN(1.0),"Government revenue, expenditure and main aggregates",A,Annual,PC_GDP,Percentage of gross domestic product (GDP),S13,General government,P51G,Gross fixed capital formation,DE,Germany,2006,,2.3,,,,,
dataflow,ESTAT:GOV_10A_MAIN(1.0),"Government revenue, expenditure and main aggregates",A,Annual,PC_GDP,Percentage of gross domestic product (GDP),S13,General government,P51G,Gross fixed capital formation,DE,Germany,2007,,2.2,,,,,
dataflow,ESTAT:GOV_10A_MAIN(1.0),"Government revenue, expenditure and main aggregates",A,Annual,PC_GDP,Percentage of gross domestic product (GDP),S13,General government,P51G,Gross fixed capital formation,DE,Germany,2008,,2.4,,,,,
dataflow,ESTAT:GOV_10A_MAIN(1.0),"Government revenue, expenditure and main aggregates",A,Annual,PC_GDP,Percentage of gross domestic product (GDP),S13,General government,P51G,Gross fixed capital formation,DE,Germany,2009,,2.6,,,,,
dataflow,ESTAT:GOV_10A_MAIN(1.0),"Government revenue, expenditure and main aggregates",A,Annual,PC_GDP,Percentage of gross domestic product (GDP),S13,General government,P51G,Gross fixed capital formation,DE,Germany,2010,,2.6,,,,,
dataflow,ESTAT:GOV_10A_MAIN(1.0),"Government revenue, expenditure and main aggregates",A,Annual,PC_GDP,Percentage of gross domestic product (GDP),S13,General government,P51G,Gross fixed capital formation,DE,Germany,2011,,2.6,,,,,
dataflow,ESTAT:GOV_10A_MAIN(1.0),"Government revenue, expenditure and main aggregates",A,Annual,PC_GDP,Percentage of gross domestic product (GDP),S13,General government,P51G,Gross fixed capital formation,DE,Germany,2012,,2.5,,,,,
dataflow,ESTAT:GOV_10A_MAIN(1.0),"Government revenue, expenditure and main aggregates",A,Annual,PC_GDP,Percentage of gross domestic product (GDP),S13,General government,P51G,Gross fixed capital formation,DE,Germany,2013,,2.4,,,,,
dataflow,ESTAT:GOV_10A_MAIN(1.0),"Government revenue, expenditure and main aggregates",A,Annual,PC_GDP,Percentage of gross domestic product (GDP),S13,General government,P51G,Gross fixed capital formation,DE,Germany,2014,,2.3,,,,,
dataflow,ESTAT:GOV_10A_MAIN(1.0),"Government revenue, expenditure and main aggregates",A,Annual,PC_GDP,Percentage of gross domestic product (GDP),S13,General government,P51G,Gross fixed capital formation,DE,Germany,2015,,2.4,,,,,
dataflow,ESTAT:GOV_10A_MAIN(1.0),"Government revenue, expenditure and main aggregates",A,Annual,PC_GDP,Percentage of gross domestic product (GDP),S13,General government,P51G,Gross fixed capital formation,DE,Germany,2016,,2.4,,,,,
dataflow,ESTAT:GOV_10A_MAIN(1.0),"Government revenue, expenditure and main aggregates",A,Annual,PC_GDP,Percentage of gross domestic product (GDP),S13,General government,P51G,Gross fixed capital formation,DE,Germany,2017,,2.5,,,,,
dataflow,ESTAT:GOV_10A_MAIN(1.0),"Government revenue, expenditure and main aggregates",A,Annual,PC_GDP,Percentage of gross domestic product (GDP),S13,General government,P51G,Gross fixed capital formation,DE,Germany,2018,,2.6,,,,,
dataflow,ESTAT:GOV_10A_MAIN(1.0),"Government revenue, expenditure and main aggregates",A,Annual,PC_GDP,Percentage of gross domestic product (GDP),S13,General government,P51G,Gross fixed capital formation,DE,Germany,2019,,2.7,,,,,
dataflow,ESTAT:GOV_10A_MAIN(1.0),"Government revenue, expenditure and main aggregates",A,Annual,PC_GDP,Percentage of gross domestic product (GDP),S13,General government,P51G,Gross fixed capital formation,DE,Germany,2020,,3.0,,,,,
dataflow,ESTAT:GOV_10A_MAIN(1.0),"Government revenue, expenditure and main aggregates",A,Annual,PC_GDP,Percentage of gross domestic product (GDP),S13,General government,P51G,Gross fixed capital formation,DE,Germany,2021,,2.9,,,,,
dataflow,ESTAT:GOV_10A_MAIN(1.0),"Government revenue, expenditure and main aggregates",A,Annual,PC_GDP,Percentage of gross domestic product (GDP),S13,General government,P51G,Gross fixed capital formation,DE,Germany,2022,,2.9,,,,,
dataflow,ESTAT:GOV_10A_MAIN(1.0),"Government revenue, expenditure and main aggregates",A,Annual,PC_GDP,Percentage of gross domestic product (GDP),S13,General government,P51G,Gross fixed capital formation,DE,Germany,2023,,2.9,,,,,
dataflow,ESTAT:GOV_10A_MAIN(1.0),"Government revenue, expenditure and main aggregates",A,Annual,PC_GDP,Percentage of gross domestic product (GDP),S13,General government,P51G,Gross fixed capital formation,DE,Germany,2024,,3.1,,,,,
dataflow,ESTAT:GOV_10A_MAIN(1.0),"Government revenue, expenditure and main aggregates",A,Annual,PC_GDP,Percentage of gross domestic product (GDP),S13,General government,P51G,Gross fixed capital formation,DK,Denmark,1995,,2.9,,,,,
dataflow,ESTAT:GOV_10A_MAIN(1.0),"Government revenue, expenditure and main aggregates",A,Annual,PC_GDP,Percentage of gross domestic product (GDP),S13,General government,P51G,Gross fixed capital formation,DK,Denmark,1996,,3.1,,,,,
dataflow,ESTAT:GOV_10A_MAIN(1.0),"Government revenue, expenditure and main aggregates",A,Annual,PC_GDP,Percentage of gross domestic product (GDP),S13,General government,P51G,Gross fixed capital formation,DK,Denmark,1997,,2.9,,,,,
dataflow,ESTAT:GOV_10A_MAIN(1.0),"Government revenue, expenditure and main aggregates",A,Annual,PC_GDP,Percentage of gross domestic product (GDP),S13,General government,P51G,Gross fixed capital formation,DK,Denmark,1998,,2.7,,,,,
dataflow,ESTAT:GOV_10A_MAIN(1.0),"Government revenue, expenditure and main aggregates",A,Annual,PC_GDP,Percentage of gross domestic product (GDP),S13,General government,P51G,Gross fixed capital formation,DK,Denmark,1999,,2.7,,,,,
dataflow,ESTAT:GOV_10A_MAIN(1.0),"Government revenue, expenditure and main aggregates",A,Annual,PC_GDP,Percentage of gross domestic product (GDP),S13,General government,P51G,Gross fixed capital formation,DK,Denmark,2000,,2.8,,,,,
dataflow,ESTAT:GOV_10A_MAIN(1.0),"Government revenue, expenditure and main aggregates",A,Annual,PC_GDP,Percentage of gross domestic product (GDP),S13,General government,P51G,Gross fixed capital formation,DK,Denmark,2001,,3.0,,,,,
dataflow,ESTAT:GOV_10A_MAIN(1.0),"Government revenue, expenditure and main aggregates",A,Annual,PC_GDP,Percentage of gross domestic product (GDP),S13,General government,P51G,Gross fixed capital formation,DK,Denmark,2002,,2.7,,,,,
dataflow,ESTAT:GOV_10A_MAIN(1.0),"Government revenue, expenditure and main aggregates",A,Annual,PC_GDP,Percentage of gross domestic product (GDP),S13,General government,P51G,Gross fixed capital formation,DK,Denmark,2003,,2.6,,,,,
dataflow,ESTAT:GOV_10A_MAIN(1.0),"Government revenue, expenditure and main aggregates",A,Annual,PC_GDP,Percentage of gross domestic product (GDP),S13,General government,P51G,Gross fixed capital formation,DK,Denmark,2004,,2.8,,,,,
dataflow,ESTAT:GOV_10A_MAIN(1.0),"Government revenue, expenditure and main aggregates",A,Annual,PC_GDP,Percentage of gross domestic product (GDP),S13,General government,P51G,Gross fixed capital formation,DK,Denmark,2005,,2.7,,,,,
dataflow,ESTAT:GOV_10A_MAIN(1.0),"Government revenue, expenditure and main aggregates",A,Annual,PC_GDP,Percentage of gross domestic product (GDP),S13,General government,P51G,Gross fixed capital formation,DK,Denmark,2006,,2.9,,,,,
dataflow,ESTAT:GOV_10A_MAIN(1.0),"Government revenue, expenditure and main aggregates",A,Annual,PC_GDP,Percentage of gross domestic product (GDP),S13,General government,P51G,Gross fixed capital formation,DK,Denmark,2007,,3.0,,,,,
dataflow,ESTAT:GOV_10A_MAIN(1.0),"Government revenue, expenditure and main aggregates",A,Annual,PC_GDP,Percentage of gross domestic product (GDP),S13,General government,P51G,Gross fixed capital formation,DK,Denmark,2008,,3.0,,,,,
dataflow,ESTAT:GOV_10A_MAIN(1.0),"Government revenue, expenditure and main aggregates",A,Annual,PC_GDP,Percentage of gross domestic product (GDP),S13,General government,P51G,Gross fixed capital formation,DK,Denmark,2009,,3.1,,,,,
dataflow,ESTAT:GOV_10A_MAIN(1.0),"Government revenue, expenditure and main aggregates",A,Annual,PC_GDP,Percentage of gross domestic product (GDP),S13,General government,P51G,Gross fixed capital formation,DK,Denmark,2010,,3.3,,,,,
dataflow,ESTAT:GOV_10A_MAIN(1.0),"Government revenue, expenditure and main aggregates",A,Annual,PC_GDP,Percentage of gross domestic product (GDP),S13,General government,P51G,Gross fixed capital formation,DK,Denmark,2011,,3.3,,,,,
dataflow,ESTAT:GOV_10A_MAIN(1.0),"Government revenue, expenditure and main aggregates",A,Annual,PC_GDP,Percentage of gross domestic product (GDP),S13,General government,P51G,Gross fixed capital formation,DK,Denmark,2012,,3.8,,,,,
dataflow,ESTAT:GOV_10A_MAIN(1.0),"Government revenue, expenditure and main aggregates",A,Annual,PC_GDP,Percentage of gross domestic product (GDP),S13,General government,P51G,Gross fixed capital formation,DK,Denmark,2013,,3.6,,,,,
dataflow,ESTAT:GOV_10A_MAIN(1.0),"Government revenue, expenditure and main aggregates",A,Annual,PC_GDP,Percentage of gross domestic product (GDP),S13,General government,P51G,Gross fixed capital formation,DK,Denmark,2014,,3.8,,,,,
dataflow,ESTAT:GOV_10A_MAIN(1.0),"Government revenue, expenditure and main aggregates",A,Annual,PC_GDP,Percentage of gross domestic product (GDP),S13,General government,P51G,Gross fixed capital formation,DK,Denmark,2015,,3.6,,,,,
dataflow,ESTAT:GOV_10A_MAIN(1.0),"Government revenue, expenditure and main aggregates",A,Annual,PC_GDP,Percentage of gross domestic product (GDP),S13,General government,P51G,Gross fixed capital formation,DK,Denmark,2016,,3.7,,,,,
dataflow,ESTAT:GOV_10A_MAIN(1.0),"Government revenue, expenditure and main aggregates",A,Annual,PC_GDP,Percentage of gross domestic product (GDP),S13,General government,P51G,Gross fixed capital formation,DK,Denmark,2017,,3.4,,,,,
dataflow,ESTAT:GOV_10A_MAIN(1.0),"Government revenue, expenditure and main aggregates",A,Annual,PC_GDP,Percentage of gross domestic product (GDP),S13,General government,P51G,Gross fixed capital formation,DK,Denmark,2018,,3.4,,,,,
dataflow,ESTAT:GOV_10A_MAIN(1.0),"Government revenue, expenditure and main aggregates",A,Annual,PC_GDP,Percentage of gross domestic product (GDP),S13,General government,P51G,Gross fixed capital formation,DK,Denmark,2019,,3.2,,,,,
dataflow,ESTAT:GOV_10A_MAIN(1.0),"Government revenue, expenditure and main aggregates",A,Annual,PC_GDP,Percentage of gross domestic product (GDP),S13,General government,P51G,Gross fixed capital formation,DK,Denmark,2020,,3.6,,,,,
dataflow,ESTAT:GOV_10A_MAIN(1.0),"Government revenue, expenditure and main aggregates",A,Annual,PC_GDP,Percentage of gross domestic product (GDP),S13,General government,P51G,Gross fixed capital formation,DK,Denmark,2021,,3.2,,,,,
dataflow,ESTAT:GOV_10A_MAIN(1.0),"Government revenue, expenditure and main aggregates",A,Annual,PC_GDP,Percentage of gross domestic product (GDP),S13,General government,P51G,Gross fixed capital formation,DK,Denmark,2022,,3.1,,,,,
dataflow,ESTAT:GOV_10A_MAIN(1.0),"Government revenue, expenditure and main aggregates",A,Annual,PC_GDP,Percentage of gross domestic product (GDP),S13,General government,P51G,Gross fixed capital formation,DK,Denmark,2023,,3.2,,,,,
dataflow,ESTAT:GOV_10A_MAIN(1.0),"Government revenue, expenditure and main aggregates",A,Annual,PC_GDP,Percentage of gross domestic product (GDP),S13,General government,P51G,Gross fixed capital formation,DK,Denmark,2024,,3.2,,,,,
dataflow,ESTAT:GOV_10A_MAIN(1.0),"Government revenue, expenditure and main aggregates",A,Annual,PC_GDP,Percentage of gross domestic product (GDP),S13,General government,P51G,Gross fixed capital formation,EE,Estonia,1995,,5.4,,,,,
dataflow,ESTAT:GOV_10A_MAIN(1.0),"Government revenue, expenditure and main aggregates",A,Annual,PC_GDP,Percentage of gross domestic product (GDP),S13,General government,P51G,Gross fixed capital formation,EE,Estonia,1996,,4.9,,,,,
dataflow,ESTAT:GOV_10A_MAIN(1.0),"Government revenue, expenditure and main aggregates",A,Annual,PC_GDP,Percentage of gross domestic product (GDP),S13,General government,P51G,Gross fixed capital formation,EE,Estonia,1997,,4.6,,,,,
dataflow,ESTAT:GOV_10A_MAIN(1.0),"Government revenue, expenditure and main aggregates",A,Annual,PC_GDP,Percentage of gross domestic product (GDP),S13,General government,P51G,Gross fixed capital formation,EE,Estonia,1998,,5.3,,,,,
dataflow,ESTAT:GOV_10A_MAIN(1.0),"Government revenue, expenditure and main aggregates",A,Annual,PC_GDP,Percentage of gross domestic product (GDP),S13,General government,P51G,Gross fixed capital formation,EE,Estonia,1999,,4.7,,,,,
dataflow,ESTAT:GOV_10A_MAIN(1.0),"Government revenue, expenditure and main aggregates",A,Annual,PC_GDP,Percentage of gross domestic product (GDP),S13,General government,P51G,Gross fixed capital formation,EE,Estonia,2000,,4.4,,,,,
dataflow,ESTAT:GOV_10A_MAIN(1.0),"Government revenue, expenditure and main aggregates",A,Annual,PC_GDP,Percentage of gross domestic product (GDP),S13,General government,P51G,Gross fixed capital formation,EE,Estonia,2001,,4.7,,,,,
dataflow,ESTAT:GOV_10A_MAIN(1.0),"Government revenue, expenditure and main aggregates",A,Annual,PC_GDP,Percentage of gross domestic product (GDP),S13,General government,P51G,Gross fixed capital formation,EE,Estonia,2002,,5.9,,,,,
dataflow,ESTAT:GOV_10A_MAIN(1.0),"Government revenue, expenditure and main aggregates",A,Annual,PC_GDP,Percentage of gross domestic product (GDP),S13,General government,P51G,Gross fixed capital formation,EE,Estonia,2003,,5.2,,,,,
dataflow,ESTAT:GOV_10A_MAIN(1.0),"Government revenue, expenditure and main aggregates",A,Annual,PC_GDP,Percentage of gross domestic product (GDP),S13,General government,P51G,Gross fixed capital formation,EE,Estonia,2004,,4.4,,,,,
dataflow,ESTAT:GOV_10A_MAIN(1.0),"Government revenue, expenditure and main aggregates",A,Annual,PC_GDP,Percentage of gross domestic product (GDP),S13,General government,P51G,Gross fixed capital formation,EE,Estonia,2005,,4.6,,,,,
dataflow,ESTAT:GOV_10A_MAIN(1.0),"Government revenue, expenditure and main aggregates",A,Annual,PC_GDP,Percentage of gross domestic product (GDP),S13,General government,P51G,Gross fixed capital formation,EE,Estonia,2006,,5.4,,,,,
dataflow,ESTAT:GOV_10A_MAIN(1.0),"Government revenue, expenditure and main aggregates",A,Annual,PC_GDP,Percentage of gross domestic product (GDP),S13,General government,P51G,Gross fixed capital formation,EE,Estonia,2007,,6.0,,,,,
dataflow,ESTAT:GOV_10A_MAIN(1.0),"Government revenue, expenditure and main aggregates",A,Annual,PC_GDP,Percentage of gross domestic product (GDP),S13,General government,P51G,Gross fixed capital formation,EE,Estonia,2008,,6.2,,,,,
dataflow,ESTAT:GOV_10A_MAIN(1.0),"Government revenue, expenditure and main aggregates",A,Annual,PC_GDP,Percentage of gross domestic product (GDP),S13,General government,P51G,Gross fixed capital formation,EE,Estonia,2009,,6.1,,,,,
dataflow,ESTAT:GOV_10A_MAIN(1.0),"Government revenue, expenditure and main aggregates",A,Annual,PC_GDP,Percentage of gross domestic product (GDP),S13,General government,P51G,Gross fixed capital formation,EE,Estonia,2010,,4.8,,,,,
dataflow,ESTAT:GOV_10A_MAIN(1.0),"Government revenue, expenditure and main aggregates",A,Annual,PC_GDP,Percentage of gross domestic product (GDP),S13,General government,P51G,Gross fixed capital formation,EE,Estonia,2011,,5.1,,,,,
dataflow,ESTAT:GOV_10A_MAIN(1.0),"Government revenue, expenditure and main aggregates",A,Annual,PC_GDP,Percentage of gross domestic product (GDP),S13,General government,P51G,Gross fixed capital formation,EE,Estonia,2012,,6.4,,,,,
dataflow,ESTAT:GOV_10A_MAIN(1.0),"Government revenue, expenditure and main aggregates",A,Annual,PC_GDP,Percentage of gross domestic product (GDP),S13,General government,P51G,Gross fixed capital formation,EE,Estonia,2013,,5.5,,,,,
dataflow,ESTAT:GOV_10A_MAIN(1.0),"Government revenue, expenditure and main aggregates",A,Annual,PC_GDP,Percentage of gross domestic product (GDP),S13,General government,P51G,Gross fixed capital formation,EE,Estonia,2014,,5.0,,,,,
dataflow,ESTAT:GOV_10A_MAIN(1.0),"Government revenue, expenditure and main aggregates",A,Annual,PC_GDP,Percentage of gross domestic product (GDP),S13,General government,P51G,Gross fixed capital formation,EE,Estonia,2015,,5.2,,,,,
dataflow,ESTAT:GOV_10A_MAIN(1.0),"Government revenue, expenditure and main aggregates",A,Annual,PC_GDP,Percentage of gross domestic product (GDP),S13,General government,P51G,Gross fixed capital formation,EE,Estonia,2016,,4.6,,,,,
dataflow,ESTAT:GOV_10A_MAIN(1.0),"Government revenue, expenditure and main aggregates",A,Annual,PC_GDP,Percentage of gross domestic product (GDP),S13,General government,P51G,Gross fixed capital formation,EE,Estonia,2017,,5.6,,,,,
dataflow,ESTAT:GOV_10A_MAIN(1.0),"Government revenue, expenditure and main aggregates",A,Annual,PC_GDP,Percentage of gross domestic product (GDP),S13,General government,P51G,Gross fixed capital formation,EE,Estonia,2018,,5.2,,,,,
dataflow,ESTAT:GOV_10A_MAIN(1.0),"Government revenue, expenditure and main aggregates",A,Annual,PC_GDP,Percentage of gross domestic product (GDP),S13,General government,P51G,Gross fixed capital formation,EE,Estonia,2019,,5.2,,,,,
dataflow,ESTAT:GOV_10A_MAIN(1.0),"Government revenue, expenditure and main aggregates",A,Annual,PC_GDP,Percentage of gross domestic product (GDP),S13,General government,P51G,Gross fixed capital formation,EE,Estonia,2020,,5.8,,,,,
dataflow,ESTAT:GOV_10A_MAIN(1.0),"Government revenue, expenditure and main aggregates",A,Annual,PC_GDP,Percentage of gross domestic product (GDP),S13,General government,P51G,Gross fixed capital formation,EE,Estonia,2021,,5.8,,,,,
dataflow,ESTAT:GOV_10A_MAIN(1.0),"Government revenue, expenditure and main aggregates",A,Annual,PC_GDP,Percentage of gross domestic product (GDP),S13,General government,P51G,Gross fixed capital formation,EE,Estonia,2022,,5.4,,,,,
dataflow,ESTAT:GOV_10A_MAIN(1.0),"Government revenue, expenditure and main aggregates",A,Annual,PC_GDP,Percentage of gross domestic product (GDP),S13,General government,P51G,Gross fixed capital formation,EE,Estonia,2023,,6.5,,,,,
dataflow,ESTAT:GOV_10A_MAIN(1.0),"Government revenue, expenditure and main aggregates",A,Annual,PC_GDP,Percentage of gross domestic product (GDP),S13,General government,P51G,Gross fixed capital formation,EE,Estonia,2024,,6.2,,,,,
dataflow,ESTAT:GOV_10A_MAIN(1.0),"Government revenue, expenditure and main aggregates",A,Annual,PC_GDP,Percentage of gross domestic product (GDP),S13,General government,P51G,Gross fixed capital formation,EL,Greece,1995,,4.0,,,,,
dataflow,ESTAT:GOV_10A_MAIN(1.0),"Government revenue, expenditure and main aggregates",A,Annual,PC_GDP,Percentage of gross domestic product (GDP),S13,General government,P51G,Gross fixed capital formation,EL,Greece,1996,,4.2,,,,,
dataflow,ESTAT:GOV_10A_MAIN(1.0),"Government revenue, expenditure and main aggregates",A,Annual,PC_GDP,Percentage of gross domestic product (GDP),S13,General government,P51G,Gross fixed capital formation,EL,Greece,1997,,4.1,,,,,
dataflow,ESTAT:GOV_10A_MAIN(1.0),"Government revenue, expenditure and main aggregates",A,Annual,PC_GDP,Percentage of gross domestic product (GDP),S13,General government,P51G,Gross fixed capital formation,EL,Greece,1998,,5.3,,,,,
dataflow,ESTAT:GOV_10A_MAIN(1.0),"Government revenue, expenditure and main aggregates",A,Annual,PC_GDP,Percentage of gross domestic product (GDP),S13,General government,P51G,Gross fixed capital formation,EL,Greece,1999,,5.7,,,,,
dataflow,ESTAT:GOV_10A_MAIN(1.0),"Government revenue, expenditure and main aggregates",A,Annual,PC_GDP,Percentage of gross domestic product (GDP),S13,General government,P51G,Gross fixed capital formation,EL,Greece,2000,,5.2,,,,,
dataflow,ESTAT:GOV_10A_MAIN(1.0),"Government revenue, expenditure and main aggregates",A,Annual,PC_GDP,Percentage of gross domestic product (GDP),S13,General government,P51G,Gross fixed capital formation,EL,Greece,2001,,6.1,,,,,
dataflow,ESTAT:GOV_10A_MAIN(1.0),"Government revenue, expenditure and main aggregates",A,Annual,PC_GDP,Percentage of gross domestic product (GDP),S13,General government,P51G,Gross fixed capital formation,EL,Greece,2002,,5.0,,,,,
dataflow,ESTAT:GOV_10A_MAIN(1.0),"Government revenue, expenditure and main aggregates",A,Annual,PC_GDP,Percentage of gross domestic product (GDP),S13,General government,P51G,Gross fixed capital formation,EL,Greece,2003,,6.1,,,,,
dataflow,ESTAT:GOV_10A_MAIN(1.0),"Government revenue, expenditure and main aggregates",A,Annual,PC_GDP,Percentage of gross domestic product (GDP),S13,General government,P51G,Gross fixed capital formation,EL,Greece,2004,,5.8,,,,,
dataflow,ESTAT:GOV_10A_MAIN(1.0),"Government revenue, expenditure and main aggregates",A,Annual,PC_GDP,Percentage of gross domestic product (GDP),S13,General government,P51G,Gross fixed capital formation,EL,Greece,2005,,4.5,,,,,
dataflow,ESTAT:GOV_10A_MAIN(1.0),"Government revenue, expenditure and main aggregates",A,Annual,PC_GDP,Percentage of gross domestic product (GDP),S13,General government,P51G,Gross fixed capital formation,EL,Greece,2006,,5.8,,,,,
dataflow,ESTAT:GOV_10A_MAIN(1.0),"Government revenue, expenditure and main aggregates",A,Annual,PC_GDP,Percentage of gross domestic product (GDP),S13,General government,P51G,Gross fixed capital formation,EL,Greece,2007,,4.9,,,,,
dataflow,ESTAT:GOV_10A_MAIN(1.0),"Government revenue, expenditure and main aggregates",A,Annual,PC_GDP,Percentage of gross domestic product (GDP),S13,General government,P51G,Gross fixed capital formation,EL,Greece,2008,,5.7,,,,,
dataflow,ESTAT:GOV_10A_MAIN(1.0),"Government revenue, expenditure and main aggregates",A,Annual,PC_GDP,Percentage of gross domestic product (GDP),S13,General government,P51G,Gross fixed capital formation,EL,Greece,2009,,5.8,,,,,
dataflow,ESTAT:GOV_10A_MAIN(1.0),"Government revenue, expenditure and main aggregates",A,Annual,PC_GDP,Percentage of gross domestic product (GDP),S13,General government,P51G,Gross fixed capital formation,EL,Greece,2010,,3.7,,,,,
dataflow,ESTAT:GOV_10A_MAIN(1.0),"Government revenue, expenditure and main aggregates",A,Annual,PC_GDP,Percentage of gross domestic product (GDP),S13,General government,P51G,Gross fixed capital formation,EL,Greece,2011,,2.5,,,,,
dataflow,ESTAT:GOV_10A_MAIN(1.0),"Government revenue, expenditure and main aggregates",A,Annual,PC_GDP,Percentage of gross domestic product (GDP),S13,General government,P51G,Gross fixed capital formation,EL,Greece,2012,,2.6,,,,,
dataflow,ESTAT:GOV_10A_MAIN(1.0),"Government revenue, expenditure and main aggregates",A,Annual,PC_GDP,Percentage of gross domestic product (GDP),S13,General government,P51G,Gross fixed capital formation,EL,Greece,2013,,3.5,,,,,
dataflow,ESTAT:GOV_10A_MAIN(1.0),"Government revenue, expenditure and main aggregates",A,Annual,PC_GDP,Percentage of gross domestic product (GDP),S13,General government,P51G,Gross fixed capital formation,EL,Greece,2014,,3.7,,,,,
dataflow,ESTAT:GOV_10A_MAIN(1.0),"Government revenue, expenditure and main aggregates",A,Annual,PC_GDP,Percentage of gross domestic product (GDP),S13,General government,P51G,Gross fixed capital formation,EL,Greece,2015,,3.9,,,,,
dataflow,ESTAT:GOV_10A_MAIN(1.0),"Government revenue, expenditure and main aggregates",A,Annual,PC_GDP,Percentage of gross domestic product (GDP),S13,General government,P51G,Gross fixed capital formation,EL,Greece,2016,,3.6,,,,,
dataflow,ESTAT:GOV_10A_MAIN(1.0),"Government revenue, expenditure and main aggregates",A,Annual,PC_GDP,Percentage of gross domestic product (GDP),S13,General government,P51G,Gross fixed capital formation,EL,Greece,2017,,4.5,,,,,
dataflow,ESTAT:GOV_10A_MAIN(1.0),"Government revenue, expenditure and main aggregates",A,Annual,PC_GDP,Percentage of gross domestic product (GDP),S13,General government,P51G,Gross fixed capital formation,EL,Greece,2018,,3.2,,,,,
dataflow,ESTAT:GOV_10A_MAIN(1.0),"Government revenue, expenditure and main aggregates",A,Annual,PC_GDP,Percentage of gross domestic product (GDP),S13,General government,P51G,Gross fixed capital formation,EL,Greece,2019,,2.5,,,,,
dataflow,ESTAT:GOV_10A_MAIN(1.0),"Government revenue, expenditure and main aggregates",A,Annual,PC_GDP,Percentage of gross domestic product (GDP),S13,General government,P51G,Gross fixed capital formation,EL,Greece,2020,,3.1,,,,,
dataflow,ESTAT:GOV_10A_MAIN(1.0),"Government revenue, expenditure and main aggregates",A,Annual,PC_GDP,Percentage of gross domestic product (GDP),S13,General government,P51G,Gross fixed capital formation,EL,Greece,2021,,3.6,,,,,
dataflow,ESTAT:GOV_10A_MAIN(1.0),"Government revenue, expenditure and main aggregates",A,Annual,PC_GDP,Percentage of gross domestic product (GDP),S13,General government,P51G,Gross fixed capital formation,EL,Greece,2022,,3.7,,,,,
dataflow,ESTAT:GOV_10A_MAIN(1.0),"Government revenue, expenditure and main aggregates",A,Annual,PC_GDP,Percentage of gross domestic product (GDP),S13,General government,P51G,Gross fixed capital formation,EL,Greece,2023,,3.9,,,,,
dataflow,ESTAT:GOV_10A_MAIN(1.0),"Government revenue, expenditure and main aggregates",A,Annual,PC_GDP,Percentage of gross domestic product (GDP),S13,General government,P51G,Gross fixed capital formation,EL,Greece,2024,,3.6,,,,,
dataflow,ESTAT:GOV_10A_MAIN(1.0),"Government revenue, expenditure and main aggregates",A,Annual,PC_GDP,Percentage of gross domestic product (GDP),S13,General government,P51G,Gross fixed capital formation,ES,Spain,1995,,4.4,,,,,
dataflow,ESTAT:GOV_10A_MAIN(1.0),"Government revenue, expenditure and main aggregates",A,Annual,PC_GDP,Percentage of gross domestic product (GDP),S13,General government,P51G,Gross fixed capital formation,ES,Spain,1996,,3.7,,,,,
dataflow,ESTAT:GOV_10A_MAIN(1.0),"Government revenue, expenditure and main aggregates",A,Annual,PC_GDP,Percentage of gross domestic product (GDP),S13,General government,P51G,Gross fixed capital formation,ES,Spain,1997,,3.7,,,,,
dataflow,ESTAT:GOV_10A_MAIN(1.0),"Government revenue, expenditure and main aggregates",A,Annual,PC_GDP,Percentage of gross domestic product (GDP),S13,General government,P51G,Gross fixed capital formation,ES,Spain,1998,,3.9,,,,,
dataflow,ESTAT:GOV_10A_MAIN(1.0),"Government revenue, expenditure and main aggregates",A,Annual,PC_GDP,Percentage of gross domestic product (GDP),S13,General government,P51G,Gross fixed capital formation,ES,Spain,1999,,3.9,,,,,
dataflow,ESTAT:GOV_10A_MAIN(1.0),"Government revenue, expenditure and main aggregates",A,Annual,PC_GDP,Percentage of gross domestic product (GDP),S13,General government,P51G,Gross fixed capital formation,ES,Spain,2000,,3.7,,,,,
dataflow,ESTAT:GOV_10A_MAIN(1.0),"Government revenue, expenditure and main aggregates",A,Annual,PC_GDP,Percentage of gross domestic product (GDP),S13,General government,P51G,Gross fixed capital formation,ES,Spain,2001,,3.8,,,,,
dataflow,ESTAT:GOV_10A_MAIN(1.0),"Government revenue, expenditure and main aggregates",A,Annual,PC_GDP,Percentage of gross domestic product (GDP),S13,General government,P51G,Gross fixed capital formation,ES,Spain,2002,,4.1,,,,,
dataflow,ESTAT:GOV_10A_MAIN(1.0),"Government revenue, expenditure and main aggregates",A,Annual,PC_GDP,Percentage of gross domestic product (GDP),S13,General government,P51G,Gross fixed capital formation,ES,Spain,2003,,4.1,,,,,
dataflow,ESTAT:GOV_10A_MAIN(1.0),"Government revenue, expenditure and main aggregates",A,Annual,PC_GDP,Percentage of gross domestic product (GDP),S13,General government,P51G,Gross fixed capital formation,ES,Spain,2004,,4.0,,,,,
dataflow,ESTAT:GOV_10A_MAIN(1.0),"Government revenue, expenditure and main aggregates",A,Annual,PC_GDP,Percentage of gross domestic product (GDP),S13,General government,P51G,Gross fixed capital formation,ES,Spain,2005,,4.2,,,,,
dataflow,ESTAT:GOV_10A_MAIN(1.0),"Government revenue, expenditure and main aggregates",A,Annual,PC_GDP,Percentage of gross domestic product (GDP),S13,General government,P51G,Gross fixed capital formation,ES,Spain,2006,,4.4,,,,,
dataflow,ESTAT:GOV_10A_MAIN(1.0),"Government revenue, expenditure and main aggregates",A,Annual,PC_GDP,Percentage of gross domestic product (GDP),S13,General government,P51G,Gross fixed capital formation,ES,Spain,2007,,4.7,,,,,
dataflow,ESTAT:GOV_10A_MAIN(1.0),"Government revenue, expenditure and main aggregates",A,Annual,PC_GDP,Percentage of gross domestic product (GDP),S13,General government,P51G,Gross fixed capital formation,ES,Spain,2008,,4.6,,,,,
dataflow,ESTAT:GOV_10A_MAIN(1.0),"Government revenue, expenditure and main aggregates",A,Annual,PC_GDP,Percentage of gross domestic product (GDP),S13,General government,P51G,Gross fixed capital formation,ES,Spain,2009,,5.2,,,,,
dataflow,ESTAT:GOV_10A_MAIN(1.0),"Government revenue, expenditure and main aggregates",A,Annual,PC_GDP,Percentage of gross domestic product (GDP),S13,General government,P51G,Gross fixed capital formation,ES,Spain,2010,,4.7,,,,,
dataflow,ESTAT:GOV_10A_MAIN(1.0),"Government revenue, expenditure and main aggregates",A,Annual,PC_GDP,Percentage of gross domestic product (GDP),S13,General government,P51G,Gross fixed capital formation,ES,Spain,2011,,3.7,,,,,
dataflow,ESTAT:GOV_10A_MAIN(1.0),"Government revenue, expenditure and main aggregates",A,Annual,PC_GDP,Percentage of gross domestic product (GDP),S13,General government,P51G,Gross fixed capital formation,ES,Spain,2012,,3.1,,,,,
dataflow,ESTAT:GOV_10A_MAIN(1.0),"Government revenue, expenditure and main aggregates",A,Annual,PC_GDP,Percentage of gross domestic product (GDP),S13,General government,P51G,Gross fixed capital formation,ES,Spain,2013,,2.4,,,,,
dataflow,ESTAT:GOV_10A_MAIN(1.0),"Government revenue, expenditure and main aggregates",A,Annual,PC_GDP,Percentage of gross domestic product (GDP),S13,General government,P51G,Gross fixed capital formation,ES,Spain,2014,,2.1,,,,,
dataflow,ESTAT:GOV_10A_MAIN(1.0),"Government revenue, expenditure and main aggregates",A,Annual,PC_GDP,Percentage of gross domestic product (GDP),S13,General government,P51G,Gross fixed capital formation,ES,Spain,2015,,2.6,,,,,
dataflow,ESTAT:GOV_10A_MAIN(1.0),"Government revenue, expenditure and main aggregates",A,Annual,PC_GDP,Percentage of gross domestic product (GDP),S13,General government,P51G,Gross fixed capital formation,ES,Spain,2016,,2.0,,,,,
dataflow,ESTAT:GOV_10A_MAIN(1.0),"Government revenue, expenditure and main aggregates",A,Annual,PC_GDP,Percentage of gross domestic product (GDP),S13,General government,P51G,Gross fixed capital formation,ES,Spain,2017,,2.0,,,,,
dataflow,ESTAT:GOV_10A_MAIN(1.0),"Government revenue, expenditure and main aggregates",A,Annual,PC_GDP,Percentage of gross domestic product (GDP),S13,General government,P51G,Gross fixed capital formation,ES,Spain,2018,,2.1,,,,,
dataflow,ESTAT:GOV_10A_MAIN(1.0),"Government revenue, expenditure and main aggregates",A,Annual,PC_GDP,Percentage of gross domestic product (GDP),S13,General government,P51G,Gross fixed capital formation,ES,Spain,2019,,2.2,,,,,
dataflow,ESTAT:GOV_10A_MAIN(1.0),"Government revenue, expenditure and main aggregates",A,Annual,PC_GDP,Percentage of gross domestic product (GDP),S13,General government,P51G,Gross fixed capital formation,ES,Spain,2020,,2.6,,,,,
dataflow,ESTAT:GOV_10A_MAIN(1.0),"Government revenue, expenditure and main aggregates",A,Annual,PC_GDP,Percentage of gross domestic product (GDP),S13,General government,P51G,Gross fixed capital formation,ES,Spain,2021,,2.7,,,,,
dataflow,ESTAT:GOV_10A_MAIN(1.0),"Government revenue, expenditure and main aggregates",A,Annual,PC_GDP,Percentage of gross domestic product (GDP),S13,General government,P51G,Gross fixed capital formation,ES,Spain,2022,,2.7,,,,,
dataflow,ESTAT:GOV_10A_MAIN(1.0),"Government revenue, expenditure and main aggregates",A,Annual,PC_GDP,Percentage of gross domestic product (GDP),S13,General government,P51G,Gross fixed capital formation,ES,Spain,2023,,3.0,,,,,
dataflow,ESTAT:GOV_10A_MAIN(1.0),"Government revenue, expenditure and main aggregates",A,Annual,PC_GDP,Percentage of gross domestic product (GDP),S13,General government,P51G,Gross fixed capital formation,ES,Spain,2024,,2.7,,,,,
dataflow,ESTAT:GOV_10A_MAIN(1.0),"Government revenue, expenditure and main aggregates",A,Annual,PC_GDP,Percentage of gross domestic product (GDP),S13,General government,P51G,Gross fixed capital formation,EU27_2020,European Union - 27 countries (from 2020),1995,,3.4,,,,,
dataflow,ESTAT:GOV_10A_MAIN(1.0),"Government revenue, expenditure and main aggregates",A,Annual,PC_GDP,Percentage of gross domestic product (GDP),S13,General government,P51G,Gross fixed capital formation,EU27_2020,European Union - 27 countries (from 2020),1996,,3.4,,,,,
dataflow,ESTAT:GOV_10A_MAIN(1.0),"Government revenue, expenditure and main aggregates",A,Annual,PC_GDP,Percentage of gross domestic product (GDP),S13,General government,P51G,Gross fixed capital formation,EU27_2020,European Union - 27 countries (from 2020),1997,,3.2,,,,,
dataflow,ESTAT:GOV_10A_MAIN(1.0),"Government revenue, expenditure and main aggregates",A,Annual,PC_GDP,Percentage of gross domestic product (GDP),S13,General government,P51G,Gross fixed capital formation,EU27_2020,European Union - 27 countries (from 2020),1998,,3.2,,,,,
dataflow,ESTAT:GOV_10A_MAIN(1.0),"Government revenue, expenditure and main aggregates",A,Annual,PC_GDP,Percentage of gross domestic product (GDP),S13,General government,P51G,Gross fixed capital formation,EU27_2020,European Union - 27 countries (from 2020),1999,,3.4,,,,,
dataflow,ESTAT:GOV_10A_MAIN(1.0),"Government revenue, expenditure and main aggregates",A,Annual,PC_GDP,Percentage of gross domestic product (GDP),S13,General government,P51G,Gross fixed capital formation,EU27_2020,European Union - 27 countries (from 2020),2000,,3.3,,,,,
dataflow,ESTAT:GOV_10A_MAIN(1.0),"Government revenue, expenditure and main aggregates",A,Annual,PC_GDP,Percentage of gross domestic product (GDP),S13,General government,P51G,Gross fixed capital formation,EU27_2020,European Union - 27 countries (from 2020),2001,,3.3,,,,,
dataflow,ESTAT:GOV_10A_MAIN(1.0),"Government revenue, expenditure and main aggregates",A,Annual,PC_GDP,Percentage of gross domestic product (GDP),S13,General government,P51G,Gross fixed capital formation,EU27_2020,European Union - 27 countries (from 2020),2002,,3.3,,,,,
dataflow,ESTAT:GOV_10A_MAIN(1.0),"Government revenue, expenditure and main aggregates",A,Annual,PC_GDP,Percentage of gross domestic product (GDP),S13,General government,P51G,Gross fixed capital formation,EU27_2020,European Union - 27 countries (from 2020),2003,,3.5,,,,,
dataflow,ESTAT:GOV_10A_MAIN(1.0),"Government revenue, expenditure and main aggregates",A,Annual,PC_GDP,Percentage of gross domestic product (GDP),S13,General government,P51G,Gross fixed capital formation,EU27_2020,European Union - 27 countries (from 2020),2004,,3.4,,,,,
dataflow,ESTAT:GOV_10A_MAIN(1.0),"Government revenue, expenditure and main aggregates",A,Annual,PC_GDP,Percentage of gross domestic product (GDP),S13,General government,P51G,Gross fixed capital formation,EU27_2020,European Union - 27 countries (from 2020),2005,,3.4,,,,,
dataflow,ESTAT:GOV_10A_MAIN(1.0),"Government revenue, expenditure and main aggregates",A,Annual,PC_GDP,Percentage of gross domestic product (GDP),S13,General government,P51G,Gross fixed capital formation,EU27_2020,European Union - 27 countries (from 2020),2006,,3.5,,,,,
dataflow,ESTAT:GOV_10A_MAIN(1.0),"Government revenue, expenditure and main aggregates",A,Annual,PC_GDP,Percentage of gross domestic product (GDP),S13,General government,P51G,Gross fixed capital formation,EU27_2020,European Union - 27 countries (from 2020),2007,,3.6,,,,,
dataflow,ESTAT:GOV_10A_MAIN(1.0),"Government revenue, expenditure and main aggregates",A,Annual,PC_GDP,Percentage of gross domestic product (GDP),S13,General government,P51G,Gross fixed capital formation,EU27_2020,European Union - 27 countries (from 2020),2008,,3.7,,,,,
dataflow,ESTAT:GOV_10A_MAIN(1.0),"Government revenue, expenditure and main aggregates",A,Annual,PC_GDP,Percentage of gross domestic product (GDP),S13,General government,P51G,Gross fixed capital formation,EU27_2020,European Union - 27 countries (from 2020),2009,,4.0,,,,,
dataflow,ESTAT:GOV_10A_MAIN(1.0),"Government revenue, expenditure and main aggregates",A,Annual,PC_GDP,Percentage of gross domestic product (GDP),S13,General government,P51G,Gross fixed capital formation,EU27_2020,European Union - 27 countries (from 2020),2010,,3.8,,,,,
dataflow,ESTAT:GOV_10A_MAIN(1.0),"Government revenue, expenditure and main aggregates",A,Annual,PC_GDP,Percentage of gross domestic product (GDP),S13,General government,P51G,Gross fixed capital formation,EU27_2020,European Union - 27 countries (from 2020),2011,,3.5,,,,,
dataflow,ESTAT:GOV_10A_MAIN(1.0),"Government revenue, expenditure and main aggregates",A,Annual,PC_GDP,Percentage of gross domestic product (GDP),S13,General government,P51G,Gross fixed capital formation,EU27_2020,European Union - 27 countries (from 2020),2012,,3.3,,,,,
dataflow,ESTAT:GOV_10A_MAIN(1.0),"Government revenue, expenditure and main aggregates",A,Annual,PC_GDP,Percentage of gross domestic product (GDP),S13,General government,P51G,Gross fixed capital formation,EU27_2020,European Union - 27 countries (from 2020),2013,,3.2,,,,,
dataflow,ESTAT:GOV_10A_MAIN(1.0),"Government revenue, expenditure and main aggregates",A,Annual,PC_GDP,Percentage of gross domestic product (GDP),S13,General government,P51G,Gross fixed capital formation,EU27_2020,European Union - 27 countries (from 2020),2014,,3.1,,,,,
dataflow,ESTAT:GOV_10A_MAIN(1.0),"Government revenue, expenditure and main aggregates",A,Annual,PC_GDP,Percentage of gross domestic product (GDP),S13,General government,P51G,Gross fixed capital formation,EU27_2020,European Union - 27 countries (from 2020),2015,,3.2,,,,,
dataflow,ESTAT:GOV_10A_MAIN(1.0),"Government revenue, expenditure and main aggregates",A,Annual,PC_GDP,Percentage of gross domestic product (GDP),S13,General government,P51G,Gross fixed capital formation,EU27_2020,European Union - 27 countries (from 2020),2016,,2.9,,,,,
dataflow,ESTAT:GOV_10A_MAIN(1.0),"Government revenue, expenditure and main aggregates",A,Annual,PC_GDP,Percentage of gross domestic product (GDP),S13,General government,P51G,Gross fixed capital formation,EU27_2020,European Union - 27 countries (from 2020),2017,,2.9,,,,,
dataflow,ESTAT:GOV_10A_MAIN(1.0),"Government revenue, expenditure and main aggregates",A,Annual,PC_GDP,Percentage of gross domestic product (GDP),S13,General government,P51G,Gross fixed capital formation,EU27_2020,European Union - 27 countries (from 2020),2018,,3.1,,,,,
dataflow,ESTAT:GOV_10A_MAIN(1.0),"Government revenue, expenditure and main aggregates",A,Annual,PC_GDP,Percentage of gross domestic product (GDP),S13,General government,P51G,Gross fixed capital formation,EU27_2020,European Union - 27 countries (from 2020),2019,,3.2,,,,,
dataflow,ESTAT:GOV_10A_MAIN(1.0),"Government revenue, expenditure and main aggregates",A,Annual,PC_GDP,Percentage of gross domestic product (GDP),S13,General government,P51G,Gross fixed capital formation,EU27_2020,European Union - 27 countries (from 2020),2020,,3.5,,,,,
dataflow,ESTAT:GOV_10A_MAIN(1.0),"Government revenue, expenditure and main aggregates",A,Annual,PC_GDP,Percentage of gross domestic product (GDP),S13,General government,P51G,Gross fixed capital formation,EU27_2020,European Union - 27 countries (from 2020),2021,,3.4,,,,,
dataflow,ESTAT:GOV_10A_MAIN(1.0),"Government revenue, expenditure and main aggregates",A,Annual,PC_GDP,Percentage of gross domestic product (GDP),S13,General government,P51G,Gross fixed capital formation,EU27_2020,European Union - 27 countries (from 2020),2022,,3.3,,,,,
dataflow,ESTAT:GOV_10A_MAIN(1.0),"Government revenue, expenditure and main aggregates",A,Annual,PC_GDP,Percentage of gross domestic product (GDP),S13,General government,P51G,Gross fixed capital formation,EU27_2020,European Union - 27 countries (from 2020),2023,,3.6,,,,,
dataflow,ESTAT:GOV_10A_MAIN(1.0),"Government revenue, expenditure and main aggregates",A,Annual,PC_GDP,Percentage of gross domestic product (GDP),S13,General government,P51G,Gross fixed capital formation,EU27_2020,European Union - 27 countries (from 2020),2024,,3.7,,,,,
dataflow,ESTAT:GOV_10A_MAIN(1.0),"Government revenue, expenditure and main aggregates",A,Annual,PC_GDP,Percentage of gross domestic product (GDP),S13,General government,P51G,Gross fixed capital formation,FI,Finland,1980,,4.3,,,,,
dataflow,ESTAT:GOV_10A_MAIN(1.0),"Government revenue, expenditure and main aggregates",A,Annual,PC_GDP,Percentage of gross domestic product (GDP),S13,General government,P51G,Gross fixed capital formation,FI,Finland,1981,,4.2,,,,,
dataflow,ESTAT:GOV_10A_MAIN(1.0),"Government revenue, expenditure and main aggregates",A,Annual,PC_GDP,Percentage of gross domestic product (GDP),S13,General government,P51G,Gross fixed capital formation,FI,Finland,1982,,4.4,,,,,
dataflow,ESTAT:GOV_10A_MAIN(1.0),"Government revenue, expenditure and main aggregates",A,Annual,PC_GDP,Percentage of gross domestic product (GDP),S13,General government,P51G,Gross fixed capital formation,FI,Finland,1983,,4.6,,,,,
dataflow,ESTAT:GOV_10A_MAIN(1.0),"Government revenue, expenditure and main aggregates",A,Annual,PC_GDP,Percentage of gross domestic product (GDP),S13,General government,P51G,Gross fixed capital formation,FI,Finland,1984,,4.2,,,,,
dataflow,ESTAT:GOV_10A_MAIN(1.0),"Government revenue, expenditure and main aggregates",A,Annual,PC_GDP,Percentage of gross domestic product (GDP),S13,General government,P51G,Gross fixed capital formation,FI,Finland,1985,,4.4,,,,,
dataflow,ESTAT:GOV_10A_MAIN(1.0),"Government revenue, expenditure and main aggregates",A,Annual,PC_GDP,Percentage of gross domestic product (GDP),S13,General government,P51G,Gross fixed capital formation,FI,Finland,1986,,4.4,,,,,
dataflow,ESTAT:GOV_10A_MAIN(1.0),"Government revenue, expenditure and main aggregates",A,Annual,PC_GDP,Percentage of gross domestic product (GDP),S13,General government,P51G,Gross fixed capital formation,FI,Finland,1987,,4.7,,,,,
dataflow,ESTAT:GOV_10A_MAIN(1.0),"Government revenue, expenditure and main aggregates",A,Annual,PC_GDP,Percentage of gross domestic product (GDP),S13,General government,P51G,Gross fixed capital formation,FI,Finland,1988,,4.7,,,,,
dataflow,ESTAT:GOV_10A_MAIN(1.0),"Government revenue, expenditure and main aggregates",A,Annual,PC_GDP,Percentage of gross domestic product (GDP),S13,General government,P51G,Gross fixed capital formation,FI,Finland,1989,,4.0,,,,,
dataflow,ESTAT:GOV_10A_MAIN(1.0),"Government revenue, expenditure and main aggregates",A,Annual,PC_GDP,Percentage of gross domestic product (GDP),S13,General government,P51G,Gross fixed capital formation,FI,Finland,1990,,4.5,,,,,
dataflow,ESTAT:GOV_10A_MAIN(1.0),"Government revenue, expenditure and main aggregates",A,Annual,PC_GDP,Percentage of gross domestic product (GDP),S13,General government,P51G,Gross fixed capital formation,FI,Finland,1991,,4.7,,,,,
dataflow,ESTAT:GOV_10A_MAIN(1.0),"Government revenue, expenditure and main aggregates",A,Annual,PC_GDP,Percentage of gross domestic product (GDP),S13,General government,P51G,Gross fixed capital formation,FI,Finland,1992,,4.8,,,,,
dataflow,ESTAT:GOV_10A_MAIN(1.0),"Government revenue, expenditure and main aggregates",A,Annual,PC_GDP,Percentage of gross domestic product (GDP),S13,General government,P51G,Gross fixed capital formation,FI,Finland,1993,,4.0,,,,,
dataflow,ESTAT:GOV_10A_MAIN(1.0),"Government revenue, expenditure and main aggregates",A,Annual,PC_GDP,Percentage of gross domestic product (GDP),S13,General government,P51G,Gross fixed capital formation,FI,Finland,1994,,4.2,,,,,
dataflow,ESTAT:GOV_10A_MAIN(1.0),"Government revenue, expenditure and main aggregates",A,Annual,PC_GDP,Percentage of gross domestic product (GDP),S13,General government,P51G,Gross fixed capital formation,FI,Finland,1995,,3.7,,,,,
dataflow,ESTAT:GOV_10A_MAIN(1.0),"Government revenue, expenditure and main aggregates",A,Annual,PC_GDP,Percentage of gross domestic product (GDP),S13,General government,P51G,Gross fixed capital formation,FI,Finland,1996,,4.0,,,,,
dataflow,ESTAT:GOV_10A_MAIN(1.0),"Government revenue, expenditure and main aggregates",A,Annual,PC_GDP,Percentage of gross domestic product (GDP),S13,General government,P51G,Gross fixed capital formation,FI,Finland,1997,,4.4,,,,,
dataflow,ESTAT:GOV_10A_MAIN(1.0),"Government revenue, expenditure and main aggregates",A,Annual,PC_GDP,Percentage of gross domestic product (GDP),S13,General government,P51G,Gross fixed capital formation,FI,Finland,1998,,4.1,,,,,
dataflow,ESTAT:GOV_10A_MAIN(1.0),"Government revenue, expenditure and main aggregates",A,Annual,PC_GDP,Percentage of gross domestic product (GDP),S13,General government,P51G,Gross fixed capital formation,FI,Finland,1999,,3.9,,,,,
dataflow,ESTAT:GOV_10A_MAIN(1.0),"Government revenue, expenditure and main aggregates",A,Annual,PC_GDP,Percentage of gross domestic product (GDP),S13,General government,P51G,Gross fixed capital formation,FI,Finland,2000,,3.5,,,,,
dataflow,ESTAT:GOV_10A_MAIN(1.0),"Government revenue, expenditure and main aggregates",A,Annual,PC_GDP,Percentage of gross domestic product (GDP),S13,General government,P51G,Gross fixed capital formation,FI,Finland,2001,,3.4,,,,,
dataflow,ESTAT:GOV_10A_MAIN(1.0),"Government revenue, expenditure and main aggregates",A,Annual,PC_GDP,Percentage of gross domestic product (GDP),S13,General government,P51G,Gross fixed capital formation,FI,Finland,2002,,3.7,,,,,
dataflow,ESTAT:GOV_10A_MAIN(1.0),"Government revenue, expenditure and main aggregates",A,Annual,PC_GDP,Percentage of gross domestic product (GDP),S13,General government,P51G,Gross fixed capital formation,FI,Finland,2003,,3.9,,,,,
dataflow,ESTAT:GOV_10A_MAIN(1.0),"Government revenue, expenditure and main aggregates",A,Annual,PC_GDP,Percentage of gross domestic product (GDP),S13,General government,P51G,Gross fixed capital formation,FI,Finland,2004,,3.9,,,,,
dataflow,ESTAT:GOV_10A_MAIN(1.0),"Government revenue, expenditure and main aggregates",A,Annual,PC_GDP,Percentage of gross domestic product (GDP),S13,General government,P51G,Gross fixed capital formation,FI,Finland,2005,,3.6,,,,,
dataflow,ESTAT:GOV_10A_MAIN(1.0),"Government revenue, expenditure and main aggregates",A,Annual,PC_GDP,Percentage of gross domestic product (GDP),S13,General government,P51G,Gross fixed capital formation,FI,Finland,2006,,3.3,,,,,
dataflow,ESTAT:GOV_10A_MAIN(1.0),"Government revenue, expenditure and main aggregates",A,Annual,PC_GDP,Percentage of gross domestic product (GDP),S13,General government,P51G,Gross fixed capital formation,FI,Finland,2007,,3.5,,,,,
dataflow,ESTAT:GOV_10A_MAIN(1.0),"Government revenue, expenditure and main aggregates",A,Annual,PC_GDP,Percentage of gross domestic product (GDP),S13,General government,P51G,Gross fixed capital formation,FI,Finland,2008,,3.6,,,,,
dataflow,ESTAT:GOV_10A_MAIN(1.0),"Government revenue, expenditure and main aggregates",A,Annual,PC_GDP,Percentage of gross domestic product (GDP),S13,General government,P51G,Gross fixed capital formation,FI,Finland,2009,,3.9,,,,,
dataflow,ESTAT:GOV_10A_MAIN(1.0),"Government revenue, expenditure and main aggregates",A,Annual,PC_GDP,Percentage of gross domestic product (GDP),S13,General government,P51G,Gross fixed capital formation,FI,Finland,2010,,3.7,,,,,
dataflow,ESTAT:GOV_10A_MAIN(1.0),"Government revenue, expenditure and main aggregates",A,Annual,PC_GDP,Percentage of gross domestic product (GDP),S13,General government,P51G,Gross fixed capital formation,FI,Finland,2011,,3.8,,,,,
dataflow,ESTAT:GOV_10A_MAIN(1.0),"Government revenue, expenditure and main aggregates",A,Annual,PC_GDP,Percentage of gross domestic product (GDP),S13,General government,P51G,Gross fixed capital formation,FI,Finland,2012,,4.0,,,,,
dataflow,ESTAT:GOV_10A_MAIN(1.0),"Government revenue, expenditure and main aggregates",A,Annual,PC_GDP,Percentage of gross domestic product (GDP),S13,General government,P51G,Gross fixed capital formation,FI,Finland,2013,,4.2,,,,,
dataflow,ESTAT:GOV_10A_MAIN(1.0),"Government revenue, expenditure and main aggregates",A,Annual,PC_GDP,Percentage of gross domestic product (GDP),S13,General government,P51G,Gross fixed capital formation,FI,Finland,2014,,4.2,,,,,
dataflow,ESTAT:GOV_10A_MAIN(1.0),"Government revenue, expenditure and main aggregates",A,Annual,PC_GDP,Percentage of gross domestic product (GDP),S13,General government,P51G,Gross fixed capital formation,FI,Finland,2015,,3.8,,,,,
dataflow,ESTAT:GOV_10A_MAIN(1.0),"Government revenue, expenditure and main aggregates",A,Annual,PC_GDP,Percentage of gross domestic product (GDP),S13,General government,P51G,Gross fixed capital formation,FI,Finland,2016,,4.2,,,,,
dataflow,ESTAT:GOV_10A_MAIN(1.0),"Government revenue, expenditure and main aggregates",A,Annual,PC_GDP,Percentage of gross domestic product (GDP),S13,General government,P51G,Gross fixed capital formation,FI,Finland,2017,,4.1,,,,,
dataflow,ESTAT:GOV_10A_MAIN(1.0),"Government revenue, expenditure and main aggregates",A,Annual,PC_GDP,Percentage of gross domestic product (GDP),S13,General government,P51G,Gross fixed capital formation,FI,Finland,2018,,4.3,,,,,
dataflow,ESTAT:GOV_10A_MAIN(1.0),"Government revenue, expenditure and main aggregates",A,Annual,PC_GDP,Percentage of gross domestic product (GDP),S13,General government,P51G,Gross fixed capital formation,FI,Finland,2019,,4.4,,,,,
dataflow,ESTAT:GOV_10A_MAIN(1.0),"Government revenue, expenditure and main aggregates",A,Annual,PC_GDP,Percentage of gross domestic product (GDP),S13,General government,P51G,Gross fixed capital formation,FI,Finland,2020,,4.9,,,,,
dataflow,ESTAT:GOV_10A_MAIN(1.0),"Government revenue, expenditure and main aggregates",A,Annual,PC_GDP,Percentage of gross domestic product (GDP),S13,General government,P51G,Gross fixed capital formation,FI,Finland,2021,,4.2,,,,,
dataflow,ESTAT:GOV_10A_MAIN(1.0),"Government revenue, expenditure and main aggregates",A,Annual,PC_GDP,Percentage of gross domestic product (GDP),S13,General government,P51G,Gross fixed capital formation,FI,Finland,2022,,4.1,,,,,
dataflow,ESTAT:GOV_10A_MAIN(1.0),"Government revenue, expenditure and main aggregates",A,Annual,PC_GDP,Percentage of gross domestic product (GDP),S13,General government,P51G,Gross fixed capital formation,FI,Finland,2023,,4.0,,,,,
dataflow,ESTAT:GOV_10A_MAIN(1.0),"Government revenue, expenditure and main aggregates",A,Annual,PC_GDP,Percentage of gross domestic product (GDP),S13,General government,P51G,Gross fixed capital formation,FI,Finland,2024,,4.4,,,,,
dataflow,ESTAT:GOV_10A_MAIN(1.0),"Government revenue, expenditure and main aggregates",A,Annual,PC_GDP,Percentage of gross domestic product (GDP),S13,General government,P51G,Gross fixed capital formation,FR,France,1995,,4.6,,,,,
dataflow,ESTAT:GOV_10A_MAIN(1.0),"Government revenue, expenditure and main aggregates",A,Annual,PC_GDP,Percentage of gross domestic product (GDP),S13,General government,P51G,Gross fixed capital formation,FR,France,1996,,4.6,,,,,
dataflow,ESTAT:GOV_10A_MAIN(1.0),"Government revenue, expenditure and main aggregates",A,Annual,PC_GDP,Percentage of gross domestic product (GDP),S13,General government,P51G,Gross fixed capital formation,FR,France,1997,,4.2,,,,,
dataflow,ESTAT:GOV_10A_MAIN(1.0),"Government revenue, expenditure and main aggregates",A,Annual,PC_GDP,Percentage of gross domestic product (GDP),S13,General government,P51G,Gross fixed capital formation,FR,France,1998,,4.1,,,,,
dataflow,ESTAT:GOV_10A_MAIN(1.0),"Government revenue, expenditure and main aggregates",A,Annual,PC_GDP,Percentage of gross domestic product (GDP),S13,General government,P51G,Gross fixed capital formation,FR,France,1999,,4.1,,,,,
dataflow,ESTAT:GOV_10A_MAIN(1.0),"Government revenue, expenditure and main aggregates",A,Annual,PC_GDP,Percentage of gross domestic product (GDP),S13,General government,P51G,Gross fixed capital formation,FR,France,2000,,4.3,,,,,
dataflow,ESTAT:GOV_10A_MAIN(1.0),"Government revenue, expenditure and main aggregates",A,Annual,PC_GDP,Percentage of gross domestic product (GDP),S13,General government,P51G,Gross fixed capital formation,FR,France,2001,,4.2,,,,,
dataflow,ESTAT:GOV_10A_MAIN(1.0),"Government revenue, expenditure and main aggregates",A,Annual,PC_GDP,Percentage of gross domestic product (GDP),S13,General government,P51G,Gross fixed capital formation,FR,France,2002,,4.1,,,,,
dataflow,ESTAT:GOV_10A_MAIN(1.0),"Government revenue, expenditure and main aggregates",A,Annual,PC_GDP,Percentage of gross domestic product (GDP),S13,General government,P51G,Gross fixed capital formation,FR,France,2003,,4.3,,,,,
dataflow,ESTAT:GOV_10A_MAIN(1.0),"Government revenue, expenditure and main aggregates",A,Annual,PC_GDP,Percentage of gross domestic product (GDP),S13,General government,P51G,Gross fixed capital formation,FR,France,2004,,4.3,,,,,
dataflow,ESTAT:GOV_10A_MAIN(1.0),"Government revenue, expenditure and main aggregates",A,Annual,PC_GDP,Percentage of gross domestic product (GDP),S13,General government,P51G,Gross fixed capital formation,FR,France,2005,,4.4,,,,,
dataflow,ESTAT:GOV_10A_MAIN(1.0),"Government revenue, expenditure and main aggregates",A,Annual,PC_GDP,Percentage of gross domestic product (GDP),S13,General government,P51G,Gross fixed capital formation,FR,France,2006,,4.4,,,,,
dataflow,ESTAT:GOV_10A_MAIN(1.0),"Government revenue, expenditure and main aggregates",A,Annual,PC_GDP,Percentage of gross domestic product (GDP),S13,General government,P51G,Gross fixed capital formation,FR,France,2007,,4.4,,,,,
dataflow,ESTAT:GOV_10A_MAIN(1.0),"Government revenue, expenditure and main aggregates",A,Annual,PC_GDP,Percentage of gross domestic product (GDP),S13,General government,P51G,Gross fixed capital formation,FR,France,2008,,4.4,,,,,
dataflow,ESTAT:GOV_10A_MAIN(1.0),"Government revenue, expenditure and main aggregates",A,Annual,PC_GDP,Percentage of gross domestic product (GDP),S13,General government,P51G,Gross fixed capital formation,FR,France,2009,,4.8,,,,,
dataflow,ESTAT:GOV_10A_MAIN(1.0),"Government revenue, expenditure and main aggregates",A,Annual,PC_GDP,Percentage of gross domestic product (GDP),S13,General government,P51G,Gross fixed capital formation,FR,France,2010,,4.8,,,,,
dataflow,ESTAT:GOV_10A_MAIN(1.0),"Government revenue, expenditure and main aggregates",A,Annual,PC_GDP,Percentage of gross domestic product (GDP),S13,General government,P51G,Gross fixed capital formation,FR,France,2011,,4.5,,,,,
dataflow,ESTAT:GOV_10A_MAIN(1.0),"Government revenue, expenditure and main aggregates",A,Annual,PC_GDP,Percentage of gross domestic product (GDP),S13,General government,P51G,Gross fixed capital formation,FR,France,2012,,4.6,,,,,
dataflow,ESTAT:GOV_10A_MAIN(1.0),"Government revenue, expenditure and main aggregates",A,Annual,PC_GDP,Percentage of gross domestic product (GDP),S13,General government,P51G,Gross fixed capital formation,FR,France,2013,,4.6,,,,,
dataflow,ESTAT:GOV_10A_MAIN(1.0),"Government revenue, expenditure and main aggregates",A,Annual,PC_GDP,Percentage of gross domestic product (GDP),S13,General government,P51G,Gross fixed capital formation,FR,France,2014,,4.3,,,,,
dataflow,ESTAT:GOV_10A_MAIN(1.0),"Government revenue, expenditure and main aggregates",A,Annual,PC_GDP,Percentage of gross domestic product (GDP),S13,General government,P51G,Gross fixed capital formation,FR,France,2015,,3.9,,,,,
dataflow,ESTAT:GOV_10A_MAIN(1.0),"Government revenue, expenditure and main aggregates",A,Annual,PC_GDP,Percentage of gross domestic product (GDP),S13,General government,P51G,Gross fixed capital formation,FR,France,2016,,3.9,,,,,
dataflow,ESTAT:GOV_10A_MAIN(1.0),"Government revenue, expenditure and main aggregates",A,Annual,PC_GDP,Percentage of gross domestic product (GDP),S13,General government,P51G,Gross fixed capital formation,FR,France,2017,,3.8,,,,,
dataflow,ESTAT:GOV_10A_MAIN(1.0),"Government revenue, expenditure and main aggregates",A,Annual,PC_GDP,Percentage of gross domestic product (GDP),S13,General government,P51G,Gross fixed capital formation,FR,France,2018,,3.9,,,,,
dataflow,ESTAT:GOV_10A_MAIN(1.0),"Government revenue, expenditure and main aggregates",A,Annual,PC_GDP,Percentage of gross domestic product (GDP),S13,General government,P51G,Gross fixed capital formation,FR,France,2019,,4.2,,,,,
dataflow,ESTAT:GOV_10A_MAIN(1.0),"Government revenue, expenditure and main aggregates",A,Annual,PC_GDP,Percentage of gross domestic product (GDP),S13,General government,P51G,Gross fixed capital formation,FR,France,2020,,4.2,,,,,
dataflow,ESTAT:GOV_10A_MAIN(1.0),"Government revenue, expenditure and main aggregates",A,Annual,PC_GDP,Percentage of gross domestic product (GDP),S13,General government,P51G,Gross fixed capital formation,FR,France,2021,,4.1,,,,,
dataflow,ESTAT:GOV_10A_MAIN(1.0),"Government revenue, expenditure and main aggregates",A,Annual,PC_GDP,Percentage of gross domestic product (GDP),S13,General government,P51G,Gross fixed capital formation,FR,France,2022,,4.2,,,,,
dataflow,ESTAT:GOV_10A_MAIN(1.0),"Government revenue, expenditure and main aggregates",A,Annual,PC_GDP,Percentage of gross domestic product (GDP),S13,General government,P51G,Gross fixed capital formation,FR,France,2023,,4.2,,,,,
dataflow,ESTAT:GOV_10A_MAIN(1.0),"Government revenue, expenditure and main aggregates",A,Annual,PC_GDP,Percentage of gross domestic product (GDP),S13,General government,P51G,Gross fixed capital formation,FR,France,2024,,4.3,,,,,
dataflow,ESTAT:GOV_10A_MAIN(1.0),"Government revenue, expenditure and main aggregates",A,Annual,PC_GDP,Percentage of gross domestic product (GDP),S13,General government,P51G,Gross fixed capital formation,HR,Croatia,1995,,6.3,,,,,
dataflow,ESTAT:GOV_10A_MAIN(1.0),"Government revenue, expenditure and main aggregates",A,Annual,PC_GDP,Percentage of gross domestic product (GDP),S13,General government,P51G,Gross fixed capital formation,HR,Croatia,1996,,5.9,,,,,
dataflow,ESTAT:GOV_10A_MAIN(1.0),"Government revenue, expenditure and main aggregates",A,Annual,PC_GDP,Percentage of gross domestic product (GDP),S13,General government,P51G,Gross fixed capital formation,HR,Croatia,1997,,5.5,,,,,
dataflow,ESTAT:GOV_10A_MAIN(1.0),"Government revenue, expenditure and main aggregates",A,Annual,PC_GDP,Percentage of gross domestic product (GDP),S13,General government,P51G,Gross fixed capital formation,HR,Croatia,1998,,5.6,,,,,
dataflow,ESTAT:GOV_10A_MAIN(1.0),"Government revenue, expenditure and main aggregates",A,Annual,PC_GDP,Percentage of gross domestic product (GDP),S13,General government,P51G,Gross fixed capital formation,HR,Croatia,1999,,5.8,,,,,
dataflow,ESTAT:GOV_10A_MAIN(1.0),"Government revenue, expenditure and main aggregates",A,Annual,PC_GDP,Percentage of gross domestic product (GDP),S13,General government,P51G,Gross fixed capital formation,HR,Croatia,2000,,5.4,,,,,
dataflow,ESTAT:GOV_10A_MAIN(1.0),"Government revenue, expenditure and main aggregates",A,Annual,PC_GDP,Percentage of gross domestic product (GDP),S13,General government,P51G,Gross fixed capital formation,HR,Croatia,2001,,4.5,,,,,
dataflow,ESTAT:GOV_10A_MAIN(1.0),"Government revenue, expenditure and main aggregates",A,Annual,PC_GDP,Percentage of gross domestic product (GDP),S13,General government,P51G,Gross fixed capital formation,HR,Croatia,2002,,4.7,,,,,
dataflow,ESTAT:GOV_10A_MAIN(1.0),"Government revenue, expenditure and main aggregates",A,Annual,PC_GDP,Percentage of gross domestic product (GDP),S13,General government,P51G,Gross fixed capital formation,HR,Croatia,2003,,6.3,,,,,
dataflow,ESTAT:GOV_10A_MAIN(1.0),"Government revenue, expenditure and main aggregates",A,Annual,PC_GDP,Percentage of gross domestic product (GDP),S13,General government,P51G,Gross fixed capital formation,HR,Croatia,2004,,6.3,,,,,
dataflow,ESTAT:GOV_10A_MAIN(1.0),"Government revenue, expenditure and main aggregates",A,Annual,PC_GDP,Percentage of gross domestic product (GDP),S13,General government,P51G,Gross fixed capital formation,HR,Croatia,2005,,5.1,,,,,
dataflow,ESTAT:GOV_10A_MAIN(1.0),"Government revenue, expenditure and main aggregates",A,Annual,PC_GDP,Percentage of gross domestic product (GDP),S13,General government,P51G,Gross fixed capital formation,HR,Croatia,2006,,5.0,,,,,
dataflow,ESTAT:GOV_10A_MAIN(1.0),"Government revenue, expenditure and main aggregates",A,Annual,PC_GDP,Percentage of gross domestic product (GDP),S13,General government,P51G,Gross fixed capital formation,HR,Croatia,2007,,6.3,,,,,
dataflow,ESTAT:GOV_10A_MAIN(1.0),"Government revenue, expenditure and main aggregates",A,Annual,PC_GDP,Percentage of gross domestic product (GDP),S13,General government,P51G,Gross fixed capital formation,HR,Croatia,2008,,5.6,,,,,
dataflow,ESTAT:GOV_10A_MAIN(1.0),"Government revenue, expenditure and main aggregates",A,Annual,PC_GDP,Percentage of gross domestic product (GDP),S13,General government,P51G,Gross fixed capital formation,HR,Croatia,2009,,5.6,,,,,
dataflow,ESTAT:GOV_10A_MAIN(1.0),"Government revenue, expenditure and main aggregates",A,Annual,PC_GDP,Percentage of gross domestic product (GDP),S13,General government,P51G,Gross fixed capital formation,HR,Croatia,2010,,3.8,,,,,
dataflow,ESTAT:GOV_10A_MAIN(1.0),"Government revenue, expenditure and main aggregates",A,Annual,PC_GDP,Percentage of gross domestic product (GDP),S13,General government,P51G,Gross fixed capital formation,HR,Croatia,2011,,3.6,,,,,
dataflow,ESTAT:GOV_10A_MAIN(1.0),"Government revenue, expenditure and main aggregates",A,Annual,PC_GDP,Percentage of gross domestic product (GDP),S13,General government,P51G,Gross fixed capital formation,HR,Croatia,2012,,3.7,,,,,
dataflow,ESTAT:GOV_10A_MAIN(1.0),"Government revenue, expenditure and main aggregates",A,Annual,PC_GDP,Percentage of gross domestic product (GDP),S13,General government,P51G,Gross fixed capital formation,HR,Croatia,2013,,4.1,,,,,
dataflow,ESTAT:GOV_10A_MAIN(1.0),"Government revenue, expenditure and main aggregates",A,Annual,PC_GDP,Percentage of gross domestic product (GDP),S13,General government,P51G,Gross fixed capital formation,HR,Croatia,2014,,3.7,,,,,
dataflow,ESTAT:GOV_10A_MAIN(1.0),"Government revenue, expenditure and main aggregates",A,Annual,PC_GDP,Percentage of gross domestic product (GDP),S13,General government,P51G,Gross fixed capital formation,HR,Croatia,2015,,3.5,,,,,
dataflow,ESTAT:GOV_10A_MAIN(1.0),"Government revenue, expenditure and main aggregates",A,Annual,PC_GDP,Percentage of gross domestic product (GDP),S13,General government,P51G,Gross fixed capital formation,HR,Croatia,2016,,3.1,,,,,
dataflow,ESTAT:GOV_10A_MAIN(1.0),"Government revenue, expenditure and main aggregates",A,Annual,PC_GDP,Percentage of gross domestic product (GDP),S13,General government,P51G,Gross fixed capital formation,HR,Croatia,2017,,2.6,,,,,
dataflow,ESTAT:GOV_10A_MAIN(1.0),"Government revenue, expenditure and main aggregates",A,Annual,PC_GDP,Percentage of gross domestic product (GDP),S13,General government,P51G,Gross fixed capital formation,HR,Croatia,2018,,3.5,,,,,
dataflow,ESTAT:GOV_10A_MAIN(1.0),"Government revenue, expenditure and main aggregates",A,Annual,PC_GDP,Percentage of gross domestic product (GDP),S13,General government,P51G,Gross fixed capital formation,HR,Croatia,2019,,4.3,,,,,
dataflow,ESTAT:GOV_10A_MAIN(1.0),"Government revenue, expenditure and main aggregates",A,Annual,PC_GDP,Percentage of gross domestic product (GDP),S13,General government,P51G,Gross fixed capital formation,HR,Croatia,2020,,5.6,,,,,
dataflow,ESTAT:GOV_10A_MAIN(1.0),"Government revenue, expenditure and main aggregates",A,Annual,PC_GDP,Percentage of gross domestic product (GDP),S13,General government,P51G,Gross fixed capital formation,HR,Croatia,2021,,4.8,,,,,
dataflow,ESTAT:GOV_10A_MAIN(1.0),"Government revenue, expenditure and main aggregates",A,Annual,PC_GDP,Percentage of gross domestic product (GDP),S13,General government,P51G,Gross fixed capital formation,HR,Croatia,2022,,4.1,,,,,
dataflow,ESTAT:GOV_10A_MAIN(1.0),"Government revenue, expenditure and main aggregates",A,Annual,PC_GDP,Percentage of gross domestic product (GDP),S13,General government,P51G,Gross fixed capital formation,HR,Croatia,2023,,5.7,,,,,
dataflow,ESTAT:GOV_10A_MAIN(1.0),"Government revenue, expenditure and main aggregates",A,Annual,PC_GDP,Percentage of gross domestic product (GDP),S13,General government,P51G,Gross fixed capital formation,HR,Croatia,2024,,5.2,,,,,
dataflow,ESTAT:GOV_10A_MAIN(1.0),"Government revenue, expenditure and main aggregates",A,Annual,PC_GDP,Percentage of gross domestic product (GDP),S13,General government,P51G,Gross fixed capital formation,HU,Hungary,1995,,0.6,,,,,
dataflow,ESTAT:GOV_10A_MAIN(1.0),"Government revenue, expenditure and main aggregates",A,Annual,PC_GDP,Percentage of gross domestic product (GDP),S13,General government,P51G,Gross fixed capital formation,HU,Hungary,1996,,1.9,,,,,
dataflow,ESTAT:GOV_10A_MAIN(1.0),"Government revenue, expenditure and main aggregates",A,Annual,PC_GDP,Percentage of gross domestic product (GDP),S13,General government,P51G,Gross fixed capital formation,HU,Hungary,1997,,2.9,,,,,
dataflow,ESTAT:GOV_10A_MAIN(1.0),"Government revenue, expenditure and main aggregates",A,Annual,PC_GDP,Percentage of gross domestic product (GDP),S13,General government,P51G,Gross fixed capital formation,HU,Hungary,1998,,3.5,,,,,
dataflow,ESTAT:GOV_10A_MAIN(1.0),"Government revenue, expenditure and main aggregates",A,Annual,PC_GDP,Percentage of gross domestic product (GDP),S13,General government,P51G,Gross fixed capital formation,HU,Hungary,1999,,3.4,,,,,
dataflow,ESTAT:GOV_10A_MAIN(1.0),"Government revenue, expenditure and main aggregates",A,Annual,PC_GDP,Percentage of gross domestic product (GDP),S13,General government,P51G,Gross fixed capital formation,HU,Hungary,2000,,3.6,,,,,
dataflow,ESTAT:GOV_10A_MAIN(1.0),"Government revenue, expenditure and main aggregates",A,Annual,PC_GDP,Percentage of gross domestic product (GDP),S13,General government,P51G,Gross fixed capital formation,HU,Hungary,2001,,3.9,,,,,
dataflow,ESTAT:GOV_10A_MAIN(1.0),"Government revenue, expenditure and main aggregates",A,Annual,PC_GDP,Percentage of gross domestic product (GDP),S13,General government,P51G,Gross fixed capital formation,HU,Hungary,2002,,5.1,,,,,
dataflow,ESTAT:GOV_10A_MAIN(1.0),"Government revenue, expenditure and main aggregates",A,Annual,PC_GDP,Percentage of gross domestic product (GDP),S13,General government,P51G,Gross fixed capital formation,HU,Hungary,2003,,3.8,,,,,
dataflow,ESTAT:GOV_10A_MAIN(1.0),"Government revenue, expenditure and main aggregates",A,Annual,PC_GDP,Percentage of gross domestic product (GDP),S13,General government,P51G,Gross fixed capital formation,HU,Hungary,2004,,3.8,,,,,
dataflow,ESTAT:GOV_10A_MAIN(1.0),"Government revenue, expenditure and main aggregates",A,Annual,PC_GDP,Percentage of gross domestic product (GDP),S13,General government,P51G,Gross fixed capital formation,HU,Hungary,2005,,4.2,,,,,
dataflow,ESTAT:GOV_10A_MAIN(1.0),"Government revenue, expenditure and main aggregates",A,Annual,PC_GDP,Percentage of gross domestic product (GDP),S13,General government,P51G,Gross fixed capital formation,HU,Hungary,2006,,5.1,,,,,
dataflow,ESTAT:GOV_10A_MAIN(1.0),"Government revenue, expenditure and main aggregates",A,Annual,PC_GDP,Percentage of gross domestic product (GDP),S13,General government,P51G,Gross fixed capital formation,HU,Hungary,2007,,4.2,,,,,
dataflow,ESTAT:GOV_10A_MAIN(1.0),"Government revenue, expenditure and main aggregates",A,Annual,PC_GDP,Percentage of gross domestic product (GDP),S13,General government,P51G,Gross fixed capital formation,HU,Hungary,2008,,3.2,,,,,
dataflow,ESTAT:GOV_10A_MAIN(1.0),"Government revenue, expenditure and main aggregates",A,Annual,PC_GDP,Percentage of gross domestic product (GDP),S13,General government,P51G,Gross fixed capital formation,HU,Hungary,2009,,3.4,,,,,
dataflow,ESTAT:GOV_10A_MAIN(1.0),"Government revenue, expenditure and main aggregates",A,Annual,PC_GDP,Percentage of gross domestic product (GDP),S13,General government,P51G,Gross fixed capital formation,HU,Hungary,2010,,3.6,,,,,
dataflow,ESTAT:GOV_10A_MAIN(1.0),"Government revenue, expenditure and main aggregates",A,Annual,PC_GDP,Percentage of gross domestic product (GDP),S13,General government,P51G,Gross fixed capital formation,HU,Hungary,2011,,3.3,,,,,
dataflow,ESTAT:GOV_10A_MAIN(1.0),"Government revenue, expenditure and main aggregates",A,Annual,PC_GDP,Percentage of gross domestic product (GDP),S13,General government,P51G,Gross fixed capital formation,HU,Hungary,2012,,3.7,,,,,
dataflow,ESTAT:GOV_10A_MAIN(1.0),"Government revenue, expenditure and main aggregates",A,Annual,PC_GDP,Percentage of gross domestic product (GDP),S13,General government,P51G,Gross fixed capital formation,HU,Hungary,2013,,4.4,,,,,
dataflow,ESTAT:GOV_10A_MAIN(1.0),"Government revenue, expenditure and main aggregates",A,Annual,PC_GDP,Percentage of gross domestic product (GDP),S13,General government,P51G,Gross fixed capital formation,HU,Hungary,2014,,5.3,,,,,
dataflow,ESTAT:GOV_10A_MAIN(1.0),"Government revenue, expenditure and main aggregates",A,Annual,PC_GDP,Percentage of gross domestic product (GDP),S13,General government,P51G,Gross fixed capital formation,HU,Hungary,2015,,6.5,,,,,
dataflow,ESTAT:GOV_10A_MAIN(1.0),"Government revenue, expenditure and main aggregates",A,Annual,PC_GDP,Percentage of gross domestic product (GDP),S13,General government,P51G,Gross fixed capital formation,HU,Hungary,2016,,3.1,,,,,
dataflow,ESTAT:GOV_10A_MAIN(1.0),"Government revenue, expenditure and main aggregates",A,Annual,PC_GDP,Percentage of gross domestic product (GDP),S13,General government,P51G,Gross fixed capital formation,HU,Hungary,2017,,4.5,,,,,
dataflow,ESTAT:GOV_10A_MAIN(1.0),"Government revenue, expenditure and main aggregates",A,Annual,PC_GDP,Percentage of gross domestic product (GDP),S13,General government,P51G,Gross fixed capital formation,HU,Hungary,2018,,5.8,,,,,
dataflow,ESTAT:GOV_10A_MAIN(1.0),"Government revenue, expenditure and main aggregates",A,Annual,PC_GDP,Percentage of gross domestic product (GDP),S13,General government,P51G,Gross fixed capital formation,HU,Hungary,2019,,6.2,,,,,
dataflow,ESTAT:GOV_10A_MAIN(1.0),"Government revenue, expenditure and main aggregates",A,Annual,PC_GDP,Percentage of gross domestic product (GDP),S13,General government,P51G,Gross fixed capital formation,HU,Hungary,2020,,6.4,,,,,
dataflow,ESTAT:GOV_10A_MAIN(1.0),"Government revenue, expenditure and main aggregates",A,Annual,PC_GDP,Percentage of gross domestic product (GDP),S13,General government,P51G,Gross fixed capital formation,HU,Hungary,2021,,6.2,,,,,
dataflow,ESTAT:GOV_10A_MAIN(1.0),"Government revenue, expenditure and main aggregates",A,Annual,PC_GDP,Percentage of gross domestic product (GDP),S13,General government,P51G,Gross fixed capital formation,HU,Hungary,2022,,5.3,,,,,
dataflow,ESTAT:GOV_10A_MAIN(1.0),"Government revenue, expenditure and main aggregates",A,Annual,PC_GDP,Percentage of gross domestic product (GDP),S13,General government,P51G,Gross fixed capital formation,HU,Hungary,2023,,5.1,,,,,
dataflow,ESTAT:GOV_10A_MAIN(1.0),"Government revenue, expenditure and main aggregates",A,Annual,PC_GDP,Percentage of gross domestic product (GDP),S13,General government,P51G,Gross fixed capital formation,HU,Hungary,2024,,4.3,,,,,
dataflow,ESTAT:GOV_10A_MAIN(1.0),"Government revenue, expenditure and main aggregates",A,Annual,PC_GDP,Percentage of gross domestic product (GDP),S13,General government,P51G,Gross fixed capital formation,IE,Ireland,1995,,2.3,,,,,
dataflow,ESTAT:GOV_10A_MAIN(1.0),"Government revenue, expenditure and main aggregates",A,Annual,PC_GDP,Percentage of gross domestic product (GDP),S13,General government,P51G,Gross fixed capital formation,IE,Ireland,1996,,2.5,,,,,
dataflow,ESTAT:GOV_10A_MAIN(1.0),"Government revenue, expenditure and main aggregates",A,Annual,PC_GDP,Percentage of gross domestic product (GDP),S13,General government,P51G,Gross fixed capital formation,IE,Ireland,1997,,2.6,,,,,
dataflow,ESTAT:GOV_10A_MAIN(1.0),"Government revenue, expenditure and main aggregates",A,Annual,PC_GDP,Percentage of gross domestic product (GDP),S13,General government,P51G,Gross fixed capital formation,IE,Ireland,1998,,2.7,,,,,
dataflow,ESTAT:GOV_10A_MAIN(1.0),"Government revenue, expenditure and main aggregates",A,Annual,PC_GDP,Percentage of gross domestic product (GDP),S13,General government,P51G,Gross fixed capital formation,IE,Ireland,1999,,3.1,,,,,
dataflow,ESTAT:GOV_10A_MAIN(1.0),"Government revenue, expenditure and main aggregates",A,Annual,PC_GDP,Percentage of gross domestic product (GDP),S13,General government,P51G,Gross fixed capital formation,IE,Ireland,2000,,3.5,,,,,
dataflow,ESTAT:GOV_10A_MAIN(1.0),"Government revenue, expenditure and main aggregates",A,Annual,PC_GDP,Percentage of gross domestic product (GDP),S13,General government,P51G,Gross fixed capital formation,IE,Ireland,2001,,4.2,,,,,
dataflow,ESTAT:GOV_10A_MAIN(1.0),"Government revenue, expenditure and main aggregates",A,Annual,PC_GDP,Percentage of gross domestic product (GDP),S13,General government,P51G,Gross fixed capital formation,IE,Ireland,2002,,4.2,,,,,
dataflow,ESTAT:GOV_10A_MAIN(1.0),"Government revenue, expenditure and main aggregates",A,Annual,PC_GDP,Percentage of gross domestic product (GDP),S13,General government,P51G,Gross fixed capital formation,IE,Ireland,2003,,3.7,,,,,
dataflow,ESTAT:GOV_10A_MAIN(1.0),"Government revenue, expenditure and main aggregates",A,Annual,PC_GDP,Percentage of gross domestic product (GDP),S13,General government,P51G,Gross fixed capital formation,IE,Ireland,2004,,3.5,,,,,
dataflow,ESTAT:GOV_10A_MAIN(1.0),"Government revenue, expenditure and main aggregates",A,Annual,PC_GDP,Percentage of gross domestic product (GDP),S13,General government,P51G,Gross fixed capital formation,IE,Ireland,2005,,3.5,,,,,
dataflow,ESTAT:GOV_10A_MAIN(1.0),"Government revenue, expenditure and main aggregates",A,Annual,PC_GDP,Percentage of gross domestic product (GDP),S13,General government,P51G,Gross fixed capital formation,IE,Ireland,2006,,3.8,,,,,
dataflow,ESTAT:GOV_10A_MAIN(1.0),"Government revenue, expenditure and main aggregates",A,Annual,PC_GDP,Percentage of gross domestic product (GDP),S13,General government,P51G,Gross fixed capital formation,IE,Ireland,2007,,4.7,,,,,
dataflow,ESTAT:GOV_10A_MAIN(1.0),"Government revenue, expenditure and main aggregates",A,Annual,PC_GDP,Percentage of gross domestic product (GDP),S13,General government,P51G,Gross fixed capital formation,IE,Ireland,2008,,5.3,,,,,
dataflow,ESTAT:GOV_10A_MAIN(1.0),"Government revenue, expenditure and main aggregates",A,Annual,PC_GDP,Percentage of gross domestic product (GDP),S13,General government,P51G,Gross fixed capital formation,IE,Ireland,2009,,3.8,,,,,
dataflow,ESTAT:GOV_10A_MAIN(1.0),"Government revenue, expenditure and main aggregates",A,Annual,PC_GDP,Percentage of gross domestic product (GDP),S13,General government,P51G,Gross fixed capital formation,IE,Ireland,2010,,3.4,,,,,
dataflow,ESTAT:GOV_10A_MAIN(1.0),"Government revenue, expenditure and main aggregates",A,Annual,PC_GDP,Percentage of gross domestic product (GDP),S13,General government,P51G,Gross fixed capital formation,IE,Ireland,2011,,2.5,,,,,
dataflow,ESTAT:GOV_10A_MAIN(1.0),"Government revenue, expenditure and main aggregates",A,Annual,PC_GDP,Percentage of gross domestic product (GDP),S13,General government,P51G,Gross fixed capital formation,IE,Ireland,2012,,2.0,,,,,
dataflow,ESTAT:GOV_10A_MAIN(1.0),"Government revenue, expenditure and main aggregates",A,Annual,PC_GDP,Percentage of gross domestic product (GDP),S13,General government,P51G,Gross fixed capital formation,IE,Ireland,2013,,2.0,,,,,
dataflow,ESTAT:GOV_10A_MAIN(1.0),"Government revenue, expenditure and main aggregates",A,Annual,PC_GDP,Percentage of gross domestic product (GDP),S13,General government,P51G,Gross fixed capital formation,IE,Ireland,2014,,2.1,,,,,
dataflow,ESTAT:GOV_10A_MAIN(1.0),"Government revenue, expenditure and main aggregates",A,Annual,PC_GDP,Percentage of gross domestic product (GDP),S13,General government,P51G,Gross fixed capital formation,IE,Ireland,2015,,1.7,,,,,
dataflow,ESTAT:GOV_10A_MAIN(1.0),"Government revenue, expenditure and main aggregates",A,Annual,PC_GDP,Percentage of gross domestic product (GDP),S13,General government,P51G,Gross fixed capital formation,IE,Ireland,2016,,1.9,,,,,
dataflow,ESTAT:GOV_10A_MAIN(1.0),"Government revenue, expenditure and main aggregates",A,Annual,PC_GDP,Percentage of gross domestic product (GDP),S13,General government,P51G,Gross fixed capital formation,IE,Ireland,2017,,1.8,,,,,
dataflow,ESTAT:GOV_10A_MAIN(1.0),"Government revenue, expenditure and main aggregates",A,Annual,PC_GDP,Percentage of gross domestic product (GDP),S13,General government,P51G,Gross fixed capital formation,IE,Ireland,2018,,2.0,,,,,
dataflow,ESTAT:GOV_10A_MAIN(1.0),"Government revenue, expenditure and main aggregates",A,Annual,PC_GDP,Percentage of gross domestic product (GDP),S13,General government,P51G,Gross fixed capital formation,IE,Ireland,2019,,2.3,,,,,
dataflow,ESTAT:GOV_10A_MAIN(1.0),"Government revenue, expenditure and main aggregates",A,Annual,PC_GDP,Percentage of gross domestic product (GDP),S13,General government,P51G,Gross fixed capital formation,IE,Ireland,2020,,2.3,,,,,
dataflow,ESTAT:GOV_10A_MAIN(1.0),"Government revenue, expenditure and main aggregates",A,Annual,PC_GDP,Percentage of gross domestic product (GDP),S13,General government,P51G,Gross fixed capital formation,IE,Ireland,2021,,2.0,,,,,
dataflow,ESTAT:GOV_10A_MAIN(1.0),"Government revenue, expenditure and main aggregates",A,Annual,PC_GDP,Percentage of gross domestic product (GDP),S13,General government,P51G,Gross fixed capital formation,IE,Ireland,2022,,2.1,,,,,
dataflow,ESTAT:GOV_10A_MAIN(1.0),"Government revenue, expenditure and main aggregates",A,Annual,PC_GDP,Percentage of gross domestic product (GDP),S13,General government,P51G,Gross fixed capital formation,IE,Ireland,2023,,2.3,,,,,
dataflow,ESTAT:GOV_10A_MAIN(1.0),"Government revenue, expenditure and main aggregates",A,Annual,PC_GDP,Percentage of gross domestic product (GDP),S13,General government,P51G,Gross fixed capital formation,IE,Ireland,2024,,2.6,,,,,
dataflow,ESTAT:GOV_10A_MAIN(1.0),"Government revenue, expenditure and main aggregates",A,Annual,PC_GDP,Percentage of gross domestic product (GDP),S13,General government,P51G,Gross fixed capital formation,IS,Iceland,1998,,5.0,,,,,
dataflow,ESTAT:GOV_10A_MAIN(1.0),"Government revenue, expenditure and main aggregates",A,Annual,PC_GDP,Percentage of gross domestic product (GDP),S13,General government,P51G,Gross fixed capital formation,IS,Iceland,1999,,5.2,,,,,
dataflow,ESTAT:GOV_10A_MAIN(1.0),"Government revenue, expenditure and main aggregates",A,Annual,PC_GDP,Percentage of gross domestic product (GDP),S13,General government,P51G,Gross fixed capital formation,IS,Iceland,2000,,4.6,,,,,
dataflow,ESTAT:GOV_10A_MAIN(1.0),"Government revenue, expenditure and main aggregates",A,Annual,PC_GDP,Percentage of gross domestic product (GDP),S13,General government,P51G,Gross fixed capital formation,IS,Iceland,2001,,5.0,,,,,
dataflow,ESTAT:GOV_10A_MAIN(1.0),"Government revenue, expenditure and main aggregates",A,Annual,PC_GDP,Percentage of gross domestic product (GDP),S13,General government,P51G,Gross fixed capital formation,IS,Iceland,2002,,4.4,,,,,
dataflow,ESTAT:GOV_10A_MAIN(1.0),"Government revenue, expenditure and main aggregates",A,Annual,PC_GDP,Percentage of gross domestic product (GDP),S13,General government,P51G,Gross fixed capital formation,IS,Iceland,2003,,4.2,,,,,
dataflow,ESTAT:GOV_10A_MAIN(1.0),"Government revenue, expenditure and main aggregates",A,Annual,PC_GDP,Percentage of gross domestic product (GDP),S13,General government,P51G,Gross fixed capital formation,IS,Iceland,2004,,4.4,,,,,
dataflow,ESTAT:GOV_10A_MAIN(1.0),"Government revenue, expenditure and main aggregates",A,Annual,PC_GDP,Percentage of gross domestic product (GDP),S13,General government,P51G,Gross fixed capital formation,IS,Iceland,2005,,3.7,,,,,
dataflow,ESTAT:GOV_10A_MAIN(1.0),"Government revenue, expenditure and main aggregates",A,Annual,PC_GDP,Percentage of gross domestic product (GDP),S13,General government,P51G,Gross fixed capital formation,IS,Iceland,2006,,4.4,,,,,
dataflow,ESTAT:GOV_10A_MAIN(1.0),"Government revenue, expenditure and main aggregates",A,Annual,PC_GDP,Percentage of gross domestic product (GDP),S13,General government,P51G,Gross fixed capital formation,IS,Iceland,2007,,4.7,,,,,
dataflow,ESTAT:GOV_10A_MAIN(1.0),"Government revenue, expenditure and main aggregates",A,Annual,PC_GDP,Percentage of gross domestic product (GDP),S13,General government,P51G,Gross fixed capital formation,IS,Iceland,2008,,4.7,,,,,
dataflow,ESTAT:GOV_10A_MAIN(1.0),"Government revenue, expenditure and main aggregates",A,Annual,PC_GDP,Percentage of gross domestic product (GDP),S13,General government,P51G,Gross fixed capital formation,IS,Iceland,2009,,3.9,,,,,
dataflow,ESTAT:GOV_10A_MAIN(1.0),"Government revenue, expenditure and main aggregates",A,Annual,PC_GDP,Percentage of gross domestic product (GDP),S13,General government,P51G,Gross fixed capital formation,IS,Iceland,2010,,3.2,,,,,
dataflow,ESTAT:GOV_10A_MAIN(1.0),"Government revenue, expenditure and main aggregates",A,Annual,PC_GDP,Percentage of gross domestic product (GDP),S13,General government,P51G,Gross fixed capital formation,IS,Iceland,2011,,4.1,,,,,
dataflow,ESTAT:GOV_10A_MAIN(1.0),"Government revenue, expenditure and main aggregates",A,Annual,PC_GDP,Percentage of gross domestic product (GDP),S13,General government,P51G,Gross fixed capital formation,IS,Iceland,2012,,2.5,,,,,
dataflow,ESTAT:GOV_10A_MAIN(1.0),"Government revenue, expenditure and main aggregates",A,Annual,PC_GDP,Percentage of gross domestic product (GDP),S13,General government,P51G,Gross fixed capital formation,IS,Iceland,2013,,3.0,,,,,
dataflow,ESTAT:GOV_10A_MAIN(1.0),"Government revenue, expenditure and main aggregates",A,Annual,PC_GDP,Percentage of gross domestic product (GDP),S13,General government,P51G,Gross fixed capital formation,IS,Iceland,2014,,2.9,,,,,
dataflow,ESTAT:GOV_10A_MAIN(1.0),"Government revenue, expenditure and main aggregates",A,Annual,PC_GDP,Percentage of gross domestic product (GDP),S13,General government,P51G,Gross fixed capital formation,IS,Iceland,2015,,2.7,,,,,
dataflow,ESTAT:GOV_10A_MAIN(1.0),"Government revenue, expenditure and main aggregates",A,Annual,PC_GDP,Percentage of gross domestic product (GDP),S13,General government,P51G,Gross fixed capital formation,IS,Iceland,2016,,2.6,,,,,
dataflow,ESTAT:GOV_10A_MAIN(1.0),"Government revenue, expenditure and main aggregates",A,Annual,PC_GDP,Percentage of gross domestic product (GDP),S13,General government,P51G,Gross fixed capital formation,IS,Iceland,2017,,3.1,,,,,
dataflow,ESTAT:GOV_10A_MAIN(1.0),"Government revenue, expenditure and main aggregates",A,Annual,PC_GDP,Percentage of gross domestic product (GDP),S13,General government,P51G,Gross fixed capital formation,IS,Iceland,2018,,4.2,,,,,
dataflow,ESTAT:GOV_10A_MAIN(1.0),"Government revenue, expenditure and main aggregates",A,Annual,PC_GDP,Percentage of gross domestic product (GDP),S13,General government,P51G,Gross fixed capital formation,IS,Iceland,2019,,3.6,,,,,
dataflow,ESTAT:GOV_10A_MAIN(1.0),"Government revenue, expenditure and main aggregates",A,Annual,PC_GDP,Percentage of gross domestic product (GDP),S13,General government,P51G,Gross fixed capital formation,IS,Iceland,2020,,3.9,,,,,
dataflow,ESTAT:GOV_10A_MAIN(1.0),"Government revenue, expenditure and main aggregates",A,Annual,PC_GDP,Percentage of gross domestic product (GDP),S13,General government,P51G,Gross fixed capital formation,IS,Iceland,2021,,4.3,,,,,
dataflow,ESTAT:GOV_10A_MAIN(1.0),"Government revenue, expenditure and main aggregates",A,Annual,PC_GDP,Percentage of gross domestic product (GDP),S13,General government,P51G,Gross fixed capital formation,IS,Iceland,2022,,4.0,,,,,
dataflow,ESTAT:GOV_10A_MAIN(1.0),"Government revenue, expenditure and main aggregates",A,Annual,PC_GDP,Percentage of gross domestic product (GDP),S13,General government,P51G,Gross fixed capital formation,IS,Iceland,2023,,4.0,,,,,
dataflow,ESTAT:GOV_10A_MAIN(1.0),"Government revenue, expenditure and main aggregates",A,Annual,PC_GDP,Percentage of gross domestic product (GDP),S13,General government,P51G,Gross fixed capital formation,IS,Iceland,2024,,4.0,,,,,
dataflow,ESTAT:GOV_10A_MAIN(1.0),"Government revenue, expenditure and main aggregates",A,Annual,PC_GDP,Percentage of gross domestic product (GDP),S13,General government,P51G,Gross fixed capital formation,IT,Italy,1995,,2.5,,,,,
dataflow,ESTAT:GOV_10A_MAIN(1.0),"Government revenue, expenditure and main aggregates",A,Annual,PC_GDP,Percentage of gross domestic product (GDP),S13,General government,P51G,Gross fixed capital formation,IT,Italy,1996,,2.6,,,,,
dataflow,ESTAT:GOV_10A_MAIN(1.0),"Government revenue, expenditure and main aggregates",A,Annual,PC_GDP,Percentage of gross domestic product (GDP),S13,General government,P51G,Gross fixed capital formation,IT,Italy,1997,,2.6,,,,,
dataflow,ESTAT:GOV_10A_MAIN(1.0),"Government revenue, expenditure and main aggregates",A,Annual,PC_GDP,Percentage of gross domestic product (GDP),S13,General government,P51G,Gross fixed capital formation,IT,Italy,1998,,2.7,,,,,
dataflow,ESTAT:GOV_10A_MAIN(1.0),"Government revenue, expenditure and main aggregates",A,Annual,PC_GDP,Percentage of gross domestic product (GDP),S13,General government,P51G,Gross fixed capital formation,IT,Italy,1999,,2.8,,,,,
dataflow,ESTAT:GOV_10A_MAIN(1.0),"Government revenue, expenditure and main aggregates",A,Annual,PC_GDP,Percentage of gross domestic product (GDP),S13,General government,P51G,Gross fixed capital formation,IT,Italy,2000,,2.8,,,,,
dataflow,ESTAT:GOV_10A_MAIN(1.0),"Government revenue, expenditure and main aggregates",A,Annual,PC_GDP,Percentage of gross domestic product (GDP),S13,General government,P51G,Gross fixed capital formation,IT,Italy,2001,,3.0,,,,,
dataflow,ESTAT:GOV_10A_MAIN(1.0),"Government revenue, expenditure and main aggregates",A,Annual,PC_GDP,Percentage of gross domestic product (GDP),S13,General government,P51G,Gross fixed capital formation,IT,Italy,2002,,2.4,,,,,
dataflow,ESTAT:GOV_10A_MAIN(1.0),"Government revenue, expenditure and main aggregates",A,Annual,PC_GDP,Percentage of gross domestic product (GDP),S13,General government,P51G,Gross fixed capital formation,IT,Italy,2003,,3.0,,,,,
dataflow,ESTAT:GOV_10A_MAIN(1.0),"Government revenue, expenditure and main aggregates",A,Annual,PC_GDP,Percentage of gross domestic product (GDP),S13,General government,P51G,Gross fixed capital formation,IT,Italy,2004,,3.1,,,,,
dataflow,ESTAT:GOV_10A_MAIN(1.0),"Government revenue, expenditure and main aggregates",A,Annual,PC_GDP,Percentage of gross domestic product (GDP),S13,General government,P51G,Gross fixed capital formation,IT,Italy,2005,,3.1,,,,,
dataflow,ESTAT:GOV_10A_MAIN(1.0),"Government revenue, expenditure and main aggregates",A,Annual,PC_GDP,Percentage of gross domestic product (GDP),S13,General government,P51G,Gross fixed capital formation,IT,Italy,2006,,3.1,,,,,
dataflow,ESTAT:GOV_10A_MAIN(1.0),"Government revenue, expenditure and main aggregates",A,Annual,PC_GDP,Percentage of gross domestic product (GDP),S13,General government,P51G,Gross fixed capital formation,IT,Italy,2007,,3.1,,,,,
dataflow,ESTAT:GOV_10A_MAIN(1.0),"Government revenue, expenditure and main aggregates",A,Annual,PC_GDP,Percentage of gross domestic product (GDP),S13,General government,P51G,Gross fixed capital formation,IT,Italy,2008,,3.1,,,,,
dataflow,ESTAT:GOV_10A_MAIN(1.0),"Government revenue, expenditure and main aggregates",A,Annual,PC_GDP,Percentage of gross domestic product (GDP),S13,General government,P51G,Gross fixed capital formation,IT,Italy,2009,,3.6,,,,,
dataflow,ESTAT:GOV_10A_MAIN(1.0),"Government revenue, expenditure and main aggregates",A,Annual,PC_GDP,Percentage of gross domestic product (GDP),S13,General government,P51G,Gross fixed capital formation,IT,Italy,2010,,3.1,,,,,
dataflow,ESTAT:GOV_10A_MAIN(1.0),"Government revenue, expenditure and main aggregates",A,Annual,PC_GDP,Percentage of gross domestic product (GDP),S13,General government,P51G,Gross fixed capital formation,IT,Italy,2011,,2.9,,,,,
dataflow,ESTAT:GOV_10A_MAIN(1.0),"Government revenue, expenditure and main aggregates",A,Annual,PC_GDP,Percentage of gross domestic product (GDP),S13,General government,P51G,Gross fixed capital formation,IT,Italy,2012,,2.6,,,,,
dataflow,ESTAT:GOV_10A_MAIN(1.0),"Government revenue, expenditure and main aggregates",A,Annual,PC_GDP,Percentage of gross domestic product (GDP),S13,General government,P51G,Gross fixed capital formation,IT,Italy,2013,,2.5,,,,,
dataflow,ESTAT:GOV_10A_MAIN(1.0),"Government revenue, expenditure and main aggregates",A,Annual,PC_GDP,Percentage of gross domestic product (GDP),S13,General government,P51G,Gross fixed capital formation,IT,Italy,2014,,2.3,,,,,
dataflow,ESTAT:GOV_10A_MAIN(1.0),"Government revenue, expenditure and main aggregates",A,Annual,PC_GDP,Percentage of gross domestic product (GDP),S13,General government,P51G,Gross fixed capital formation,IT,Italy,2015,,2.4,,,,,
dataflow,ESTAT:GOV_10A_MAIN(1.0),"Government revenue, expenditure and main aggregates",A,Annual,PC_GDP,Percentage of gross domestic product (GDP),S13,General government,P51G,Gross fixed capital formation,IT,Italy,2016,,2.3,,,,,
dataflow,ESTAT:GOV_10A_MAIN(1.0),"Government revenue, expenditure and main aggregates",A,Annual,PC_GDP,Percentage of gross domestic product (GDP),S13,General government,P51G,Gross fixed capital formation,IT,Italy,2017,,2.2,,,,,
dataflow,ESTAT:GOV_10A_MAIN(1.0),"Government revenue, expenditure and main aggregates",A,Annual,PC_GDP,Percentage of gross domestic product (GDP),S13,General government,P51G,Gross fixed capital formation,IT,Italy,2018,,2.1,,,,,
dataflow,ESTAT:GOV_10A_MAIN(1.0),"Government revenue, expenditure and main aggregates",A,Annual,PC_GDP,Percentage of gross domestic product (GDP),S13,General government,P51G,Gross fixed capital formation,IT,Italy,2019,,2.3,,,,,
dataflow,ESTAT:GOV_10A_MAIN(1.0),"Government revenue, expenditure and main aggregates",A,Annual,PC_GDP,Percentage of gross domestic product (GDP),S13,General government,P51G,Gross fixed capital formation,IT,Italy,2020,,2.6,,,,,
dataflow,ESTAT:GOV_10A_MAIN(1.0),"Government revenue, expenditure and main aggregates",A,Annual,PC_GDP,Percentage of gross domestic product (GDP),S13,General government,P51G,Gross fixed capital formation,IT,Italy,2021,,2.8,,,,,
dataflow,ESTAT:GOV_10A_MAIN(1.0),"Government revenue, expenditure and main aggregates",A,Annual,PC_GDP,Percentage of gross domestic product (GDP),S13,General government,P51G,Gross fixed capital formation,IT,Italy,2022,,2.6,,,,,
dataflow,ESTAT:GOV_10A_MAIN(1.0),"Government revenue, expenditure and main aggregates",A,Annual,PC_GDP,Percentage of gross domestic product (GDP),S13,General government,P51G,Gross fixed capital formation,IT,Italy,2023,,3.1,,,,,
dataflow,ESTAT:GOV_10A_MAIN(1.0),"Government revenue, expenditure and main aggregates",A,Annual,PC_GDP,Percentage of gross domestic product (GDP),S13,General government,P51G,Gross fixed capital formation,IT,Italy,2024,,3.6,,,,,
dataflow,ESTAT:GOV_10A_MAIN(1.0),"Government revenue, expenditure and main aggregates",A,Annual,PC_GDP,Percentage of gross domestic product (GDP),S13,General government,P51G,Gross fixed capital formation,LT,Lithuania,1995,,3.2,,,,,
dataflow,ESTAT:GOV_10A_MAIN(1.0),"Government revenue, expenditure and main aggregates",A,Annual,PC_GDP,Percentage of gross domestic product (GDP),S13,General government,P51G,Gross fixed capital formation,LT,Lithuania,1996,,2.4,,,,,
dataflow,ESTAT:GOV_10A_MAIN(1.0),"Government revenue, expenditure and main aggregates",A,Annual,PC_GDP,Percentage of gross domestic product (GDP),S13,General government,P51G,Gross fixed capital formation,LT,Lithuania,1997,,2.3,,,,,
dataflow,ESTAT:GOV_10A_MAIN(1.0),"Government revenue, expenditure and main aggregates",A,Annual,PC_GDP,Percentage of gross domestic product (GDP),S13,General government,P51G,Gross fixed capital formation,LT,Lithuania,1998,,2.5,,,,,
dataflow,ESTAT:GOV_10A_MAIN(1.0),"Government revenue, expenditure and main aggregates",A,Annual,PC_GDP,Percentage of gross domestic product (GDP),S13,General government,P51G,Gross fixed capital formation,LT,Lithuania,1999,,2.6,,,,,
dataflow,ESTAT:GOV_10A_MAIN(1.0),"Government revenue, expenditure and main aggregates",A,Annual,PC_GDP,Percentage of gross domestic product (GDP),S13,General government,P51G,Gross fixed capital formation,LT,Lithuania,2000,,2.4,,,,,
dataflow,ESTAT:GOV_10A_MAIN(1.0),"Government revenue, expenditure and main aggregates",A,Annual,PC_GDP,Percentage of gross domestic product (GDP),S13,General government,P51G,Gross fixed capital formation,LT,Lithuania,2001,,2.3,,,,,
dataflow,ESTAT:GOV_10A_MAIN(1.0),"Government revenue, expenditure and main aggregates",A,Annual,PC_GDP,Percentage of gross domestic product (GDP),S13,General government,P51G,Gross fixed capital formation,LT,Lithuania,2002,,3.0,,,,,
dataflow,ESTAT:GOV_10A_MAIN(1.0),"Government revenue, expenditure and main aggregates",A,Annual,PC_GDP,Percentage of gross domestic product (GDP),S13,General government,P51G,Gross fixed capital formation,LT,Lithuania,2003,,3.1,,,,,
dataflow,ESTAT:GOV_10A_MAIN(1.0),"Government revenue, expenditure and main aggregates",A,Annual,PC_GDP,Percentage of gross domestic product (GDP),S13,General government,P51G,Gross fixed capital formation,LT,Lithuania,2004,,3.6,,,,,
dataflow,ESTAT:GOV_10A_MAIN(1.0),"Government revenue, expenditure and main aggregates",A,Annual,PC_GDP,Percentage of gross domestic product (GDP),S13,General government,P51G,Gross fixed capital formation,LT,Lithuania,2005,,3.6,,,,,
dataflow,ESTAT:GOV_10A_MAIN(1.0),"Government revenue, expenditure and main aggregates",A,Annual,PC_GDP,Percentage of gross domestic product (GDP),S13,General government,P51G,Gross fixed capital formation,LT,Lithuania,2006,,4.3,,,,,
dataflow,ESTAT:GOV_10A_MAIN(1.0),"Government revenue, expenditure and main aggregates",A,Annual,PC_GDP,Percentage of gross domestic product (GDP),S13,General government,P51G,Gross fixed capital formation,LT,Lithuania,2007,,5.4,,,,,
dataflow,ESTAT:GOV_10A_MAIN(1.0),"Government revenue, expenditure and main aggregates",A,Annual,PC_GDP,Percentage of gross domestic product (GDP),S13,General government,P51G,Gross fixed capital formation,LT,Lithuania,2008,,5.4,,,,,
dataflow,ESTAT:GOV_10A_MAIN(1.0),"Government revenue, expenditure and main aggregates",A,Annual,PC_GDP,Percentage of gross domestic product (GDP),S13,General government,P51G,Gross fixed capital formation,LT,Lithuania,2009,,4.4,,,,,
dataflow,ESTAT:GOV_10A_MAIN(1.0),"Government revenue, expenditure and main aggregates",A,Annual,PC_GDP,Percentage of gross domestic product (GDP),S13,General government,P51G,Gross fixed capital formation,LT,Lithuania,2010,,5.0,,,,,
dataflow,ESTAT:GOV_10A_MAIN(1.0),"Government revenue, expenditure and main aggregates",A,Annual,PC_GDP,Percentage of gross domestic product (GDP),S13,General government,P51G,Gross fixed capital formation,LT,Lithuania,2011,,5.0,,,,,
dataflow,ESTAT:GOV_10A_MAIN(1.0),"Government revenue, expenditure and main aggregates",A,Annual,PC_GDP,Percentage of gross domestic product (GDP),S13,General government,P51G,Gross fixed capital formation,LT,Lithuania,2012,,4.2,,,,,
dataflow,ESTAT:GOV_10A_MAIN(1.0),"Government revenue, expenditure and main aggregates",A,Annual,PC_GDP,Percentage of gross domestic product (GDP),S13,General government,P51G,Gross fixed capital formation,LT,Lithuania,2013,,3.9,,,,,
dataflow,ESTAT:GOV_10A_MAIN(1.0),"Government revenue, expenditure and main aggregates",A,Annual,PC_GDP,Percentage of gross domestic product (GDP),S13,General government,P51G,Gross fixed capital formation,LT,Lithuania,2014,,3.7,,,,,
dataflow,ESTAT:GOV_10A_MAIN(1.0),"Government revenue, expenditure and main aggregates",A,Annual,PC_GDP,Percentage of gross domestic product (GDP),S13,General government,P51G,Gross fixed capital formation,LT,Lithuania,2015,,3.8,,,,,
dataflow,ESTAT:GOV_10A_MAIN(1.0),"Government revenue, expenditure and main aggregates",A,Annual,PC_GDP,Percentage of gross domestic product (GDP),S13,General government,P51G,Gross fixed capital formation,LT,Lithuania,2016,,3.2,,,,,
dataflow,ESTAT:GOV_10A_MAIN(1.0),"Government revenue, expenditure and main aggregates",A,Annual,PC_GDP,Percentage of gross domestic product (GDP),S13,General government,P51G,Gross fixed capital formation,LT,Lithuania,2017,,3.4,,,,,
dataflow,ESTAT:GOV_10A_MAIN(1.0),"Government revenue, expenditure and main aggregates",A,Annual,PC_GDP,Percentage of gross domestic product (GDP),S13,General government,P51G,Gross fixed capital formation,LT,Lithuania,2018,,3.3,,,,,
dataflow,ESTAT:GOV_10A_MAIN(1.0),"Government revenue, expenditure and main aggregates",A,Annual,PC_GDP,Percentage of gross domestic product (GDP),S13,General government,P51G,Gross fixed capital formation,LT,Lithuania,2019,,3.2,,,,,
dataflow,ESTAT:GOV_10A_MAIN(1.0),"Government revenue, expenditure and main aggregates",A,Annual,PC_GDP,Percentage of gross domestic product (GDP),S13,General government,P51G,Gross fixed capital formation,LT,Lithuania,2020,,4.5,,,,,
dataflow,ESTAT:GOV_10A_MAIN(1.0),"Government revenue, expenditure and main aggregates",A,Annual,PC_GDP,Percentage of gross domestic product (GDP),S13,General government,P51G,Gross fixed capital formation,LT,Lithuania,2021,,3.2,,,,,
dataflow,ESTAT:GOV_10A_MAIN(1.0),"Government revenue, expenditure and main aggregates",A,Annual,PC_GDP,Percentage of gross domestic product (GDP),S13,General government,P51G,Gross fixed capital formation,LT,Lithuania,2022,,3.2,,,,,
dataflow,ESTAT:GOV_10A_MAIN(1.0),"Government revenue, expenditure and main aggregates",A,Annual,PC_GDP,Percentage of gross domestic product (GDP),S13,General government,P51G,Gross fixed capital formation,LT,Lithuania,2023,,4.2,,,,,
dataflow,ESTAT:GOV_10A_MAIN(1.0),"Government revenue, expenditure and main aggregates",A,Annual,PC_GDP,Percentage of gross domestic product (GDP),S13,General government,P51G,Gross fixed capital formation,LT,Lithuania,2024,,4.2,,,,,
dataflow,ESTAT:GOV_10A_MAIN(1.0),"Government revenue, expenditure and main aggregates",A,Annual,PC_GDP,Percentage of gross domestic product (GDP),S13,General government,P51G,Gross fixed capital formation,LU,Luxembourg,1995,,3.8,,,,,
dataflow,ESTAT:GOV_10A_MAIN(1.0),"Government revenue, expenditure and main aggregates",A,Annual,PC_GDP,Percentage of gross domestic product (GDP),S13,General government,P51G,Gross fixed capital formation,LU,Luxembourg,1996,,4.2,,,,,
dataflow,ESTAT:GOV_10A_MAIN(1.0),"Government revenue, expenditure and main aggregates",A,Annual,PC_GDP,Percentage of gross domestic product (GDP),S13,General government,P51G,Gross fixed capital formation,LU,Luxembourg,1997,,4.0,,,,,
dataflow,ESTAT:GOV_10A_MAIN(1.0),"Government revenue, expenditure and main aggregates",A,Annual,PC_GDP,Percentage of gross domestic product (GDP),S13,General government,P51G,Gross fixed capital formation,LU,Luxembourg,1998,,4.8,,,,,
dataflow,ESTAT:GOV_10A_MAIN(1.0),"Government revenue, expenditure and main aggregates",A,Annual,PC_GDP,Percentage of gross domestic product (GDP),S13,General government,P51G,Gross fixed capital formation,LU,Luxembourg,1999,,4.6,,,,,
dataflow,ESTAT:GOV_10A_MAIN(1.0),"Government revenue, expenditure and main aggregates",A,Annual,PC_GDP,Percentage of gross domestic product (GDP),S13,General government,P51G,Gross fixed capital formation,LU,Luxembourg,2000,,4.1,,,,,
dataflow,ESTAT:GOV_10A_MAIN(1.0),"Government revenue, expenditure and main aggregates",A,Annual,PC_GDP,Percentage of gross domestic product (GDP),S13,General government,P51G,Gross fixed capital formation,LU,Luxembourg,2001,,4.6,,,,,
dataflow,ESTAT:GOV_10A_MAIN(1.0),"Government revenue, expenditure and main aggregates",A,Annual,PC_GDP,Percentage of gross domestic product (GDP),S13,General government,P51G,Gross fixed capital formation,LU,Luxembourg,2002,,5.1,,,,,
dataflow,ESTAT:GOV_10A_MAIN(1.0),"Government revenue, expenditure and main aggregates",A,Annual,PC_GDP,Percentage of gross domestic product (GDP),S13,General government,P51G,Gross fixed capital formation,LU,Luxembourg,2003,,5.2,,,,,
dataflow,ESTAT:GOV_10A_MAIN(1.0),"Government revenue, expenditure and main aggregates",A,Annual,PC_GDP,Percentage of gross domestic product (GDP),S13,General government,P51G,Gross fixed capital formation,LU,Luxembourg,2004,,5.1,,,,,
dataflow,ESTAT:GOV_10A_MAIN(1.0),"Government revenue, expenditure and main aggregates",A,Annual,PC_GDP,Percentage of gross domestic product (GDP),S13,General government,P51G,Gross fixed capital formation,LU,Luxembourg,2005,,5.5,,,,,
dataflow,ESTAT:GOV_10A_MAIN(1.0),"Government revenue, expenditure and main aggregates",A,Annual,PC_GDP,Percentage of gross domestic product (GDP),S13,General government,P51G,Gross fixed capital formation,LU,Luxembourg,2006,,3.6,,,,,
dataflow,ESTAT:GOV_10A_MAIN(1.0),"Government revenue, expenditure and main aggregates",A,Annual,PC_GDP,Percentage of gross domestic product (GDP),S13,General government,P51G,Gross fixed capital formation,LU,Luxembourg,2007,,3.8,,,,,
dataflow,ESTAT:GOV_10A_MAIN(1.0),"Government revenue, expenditure and main aggregates",A,Annual,PC_GDP,Percentage of gross domestic product (GDP),S13,General government,P51G,Gross fixed capital formation,LU,Luxembourg,2008,,3.7,,,,,
dataflow,ESTAT:GOV_10A_MAIN(1.0),"Government revenue, expenditure and main aggregates",A,Annual,PC_GDP,Percentage of gross domestic product (GDP),S13,General government,P51G,Gross fixed capital formation,LU,Luxembourg,2009,,4.2,,,,,
dataflow,ESTAT:GOV_10A_MAIN(1.0),"Government revenue, expenditure and main aggregates",A,Annual,PC_GDP,Percentage of gross domestic product (GDP),S13,General government,P51G,Gross fixed capital formation,LU,Luxembourg,2010,,4.7,,,,,
dataflow,ESTAT:GOV_10A_MAIN(1.0),"Government revenue, expenditure and main aggregates",A,Annual,PC_GDP,Percentage of gross domestic product (GDP),S13,General government,P51G,Gross fixed capital formation,LU,Luxembourg,2011,,4.2,,,,,
dataflow,ESTAT:GOV_10A_MAIN(1.0),"Government revenue, expenditure and main aggregates",A,Annual,PC_GDP,Percentage of gross domestic product (GDP),S13,General government,P51G,Gross fixed capital formation,LU,Luxembourg,2012,,3.9,,,,,
dataflow,ESTAT:GOV_10A_MAIN(1.0),"Government revenue, expenditure and main aggregates",A,Annual,PC_GDP,Percentage of gross domestic product (GDP),S13,General government,P51G,Gross fixed capital formation,LU,Luxembourg,2013,,3.5,,,,,
dataflow,ESTAT:GOV_10A_MAIN(1.0),"Government revenue, expenditure and main aggregates",A,Annual,PC_GDP,Percentage of gross domestic product (GDP),S13,General government,P51G,Gross fixed capital formation,LU,Luxembourg,2014,,3.7,,,,,
dataflow,ESTAT:GOV_10A_MAIN(1.0),"Government revenue, expenditure and main aggregates",A,Annual,PC_GDP,Percentage of gross domestic product (GDP),S13,General government,P51G,Gross fixed capital formation,LU,Luxembourg,2015,,3.9,,,,,
dataflow,ESTAT:GOV_10A_MAIN(1.0),"Government revenue, expenditure and main aggregates",A,Annual,PC_GDP,Percentage of gross domestic product (GDP),S13,General government,P51G,Gross fixed capital formation,LU,Luxembourg,2016,,3.8,,,,,
dataflow,ESTAT:GOV_10A_MAIN(1.0),"Government revenue, expenditure and main aggregates",A,Annual,PC_GDP,Percentage of gross domestic product (GDP),S13,General government,P51G,Gross fixed capital formation,LU,Luxembourg,2017,,4.0,,,,,
dataflow,ESTAT:GOV_10A_MAIN(1.0),"Government revenue, expenditure and main aggregates",A,Annual,PC_GDP,Percentage of gross domestic product (GDP),S13,General government,P51G,Gross fixed capital formation,LU,Luxembourg,2018,,3.9,,,,,
dataflow,ESTAT:GOV_10A_MAIN(1.0),"Government revenue, expenditure and main aggregates",A,Annual,PC_GDP,Percentage of gross domestic product (GDP),S13,General government,P51G,Gross fixed capital formation,LU,Luxembourg,2019,,4.1,,,,,
dataflow,ESTAT:GOV_10A_MAIN(1.0),"Government revenue, expenditure and main aggregates",A,Annual,PC_GDP,Percentage of gross domestic product (GDP),S13,General government,P51G,Gross fixed capital formation,LU,Luxembourg,2020,,4.7,,,,,
dataflow,ESTAT:GOV_10A_MAIN(1.0),"Government revenue, expenditure and main aggregates",A,Annual,PC_GDP,Percentage of gross domestic product (GDP),S13,General government,P51G,Gross fixed capital formation,LU,Luxembourg,2021,,4.1,,,,,
dataflow,ESTAT:GOV_10A_MAIN(1.0),"Government revenue, expenditure and main aggregates",A,Annual,PC_GDP,Percentage of gross domestic product (GDP),S13,General government,P51G,Gross fixed capital formation,LU,Luxembourg,2022,,4.3,,,,,
dataflow,ESTAT:GOV_10A_MAIN(1.0),"Government revenue, expenditure and main aggregates",A,Annual,PC_GDP,Percentage of gross domestic product (GDP),S13,General government,P51G,Gross fixed capital formation,LU,Luxembourg,2023,,4.6,,,,,
dataflow,ESTAT:GOV_10A_MAIN(1.0),"Government revenue, expenditure and main aggregates",A,Annual,PC_GDP,Percentage of gross domestic product (GDP),S13,General government,P51G,Gross fixed capital formation,LU,Luxembourg,2024,,4.6,,,,,
dataflow,ESTAT:GOV_10A_MAIN(1.0),"Government revenue, expenditure and main aggregates",A,Annual,PC_GDP,Percentage of gross domestic product (GDP),S13,General government,P51G,Gross fixed capital formation,LV,Latvia,1995,,2.1,,,,,
dataflow,ESTAT:GOV_10A_MAIN(1.0),"Government revenue, expenditure and main aggregates",A,Annual,PC_GDP,Percentage of gross domestic product (GDP),S13,General government,P51G,Gross fixed capital formation,LV,Latvia,1996,,2.6,,,,,
dataflow,ESTAT:GOV_10A_MAIN(1.0),"Government revenue, expenditure and main aggregates",A,Annual,PC_GDP,Percentage of gross domestic product (GDP),S13,General government,P51G,Gross fixed capital formation,LV,Latvia,1997,,1.6,,,,,
dataflow,ESTAT:GOV_10A_MAIN(1.0),"Government revenue, expenditure and main aggregates",A,Annual,PC_GDP,Percentage of gross domestic product (GDP),S13,General government,P51G,Gross fixed capital formation,LV,Latvia,1998,,1.6,,,,,
dataflow,ESTAT:GOV_10A_MAIN(1.0),"Government revenue, expenditure and main aggregates",A,Annual,PC_GDP,Percentage of gross domestic product (GDP),S13,General government,P51G,Gross fixed capital formation,LV,Latvia,1999,,1.8,,,,,
dataflow,ESTAT:GOV_10A_MAIN(1.0),"Government revenue, expenditure and main aggregates",A,Annual,PC_GDP,Percentage of gross domestic product (GDP),S13,General government,P51G,Gross fixed capital formation,LV,Latvia,2000,,1.8,,,,,
dataflow,ESTAT:GOV_10A_MAIN(1.0),"Government revenue, expenditure and main aggregates",A,Annual,PC_GDP,Percentage of gross domestic product (GDP),S13,General government,P51G,Gross fixed capital formation,LV,Latvia,2001,,1.5,,,,,
dataflow,ESTAT:GOV_10A_MAIN(1.0),"Government revenue, expenditure and main aggregates",A,Annual,PC_GDP,Percentage of gross domestic product (GDP),S13,General government,P51G,Gross fixed capital formation,LV,Latvia,2002,,1.6,,,,,
dataflow,ESTAT:GOV_10A_MAIN(1.0),"Government revenue, expenditure and main aggregates",A,Annual,PC_GDP,Percentage of gross domestic product (GDP),S13,General government,P51G,Gross fixed capital formation,LV,Latvia,2003,,3.0,,,,,
dataflow,ESTAT:GOV_10A_MAIN(1.0),"Government revenue, expenditure and main aggregates",A,Annual,PC_GDP,Percentage of gross domestic product (GDP),S13,General government,P51G,Gross fixed capital formation,LV,Latvia,2004,,3.8,,,,,
dataflow,ESTAT:GOV_10A_MAIN(1.0),"Government revenue, expenditure and main aggregates",A,Annual,PC_GDP,Percentage of gross domestic product (GDP),S13,General government,P51G,Gross fixed capital formation,LV,Latvia,2005,,3.7,,,,,
dataflow,ESTAT:GOV_10A_MAIN(1.0),"Government revenue, expenditure and main aggregates",A,Annual,PC_GDP,Percentage of gross domestic product (GDP),S13,General government,P51G,Gross fixed capital formation,LV,Latvia,2006,,5.3,,,,,
dataflow,ESTAT:GOV_10A_MAIN(1.0),"Government revenue, expenditure and main aggregates",A,Annual,PC_GDP,Percentage of gross domestic product (GDP),S13,General government,P51G,Gross fixed capital formation,LV,Latvia,2007,,6.3,,,,,
dataflow,ESTAT:GOV_10A_MAIN(1.0),"Government revenue, expenditure and main aggregates",A,Annual,PC_GDP,Percentage of gross domestic product (GDP),S13,General government,P51G,Gross fixed capital formation,LV,Latvia,2008,,5.6,,,,,
dataflow,ESTAT:GOV_10A_MAIN(1.0),"Government revenue, expenditure and main aggregates",A,Annual,PC_GDP,Percentage of gross domestic product (GDP),S13,General government,P51G,Gross fixed capital formation,LV,Latvia,2009,,5.2,,,,,
dataflow,ESTAT:GOV_10A_MAIN(1.0),"Government revenue, expenditure and main aggregates",A,Annual,PC_GDP,Percentage of gross domestic product (GDP),S13,General government,P51G,Gross fixed capital formation,LV,Latvia,2010,,5.0,,,,,
dataflow,ESTAT:GOV_10A_MAIN(1.0),"Government revenue, expenditure and main aggregates",A,Annual,PC_GDP,Percentage of gross domestic product (GDP),S13,General government,P51G,Gross fixed capital formation,LV,Latvia,2011,,5.6,,,,,
dataflow,ESTAT:GOV_10A_MAIN(1.0),"Government revenue, expenditure and main aggregates",A,Annual,PC_GDP,Percentage of gross domestic product (GDP),S13,General government,P51G,Gross fixed capital formation,LV,Latvia,2012,,5.5,,,,,
dataflow,ESTAT:GOV_10A_MAIN(1.0),"Government revenue, expenditure and main aggregates",A,Annual,PC_GDP,Percentage of gross domestic product (GDP),S13,General government,P51G,Gross fixed capital formation,LV,Latvia,2013,,4.8,,,,,
dataflow,ESTAT:GOV_10A_MAIN(1.0),"Government revenue, expenditure and main aggregates",A,Annual,PC_GDP,Percentage of gross domestic product (GDP),S13,General government,P51G,Gross fixed capital formation,LV,Latvia,2014,,4.8,,,,,
dataflow,ESTAT:GOV_10A_MAIN(1.0),"Government revenue, expenditure and main aggregates",A,Annual,PC_GDP,Percentage of gross domestic product (GDP),S13,General government,P51G,Gross fixed capital formation,LV,Latvia,2015,,5.0,,,,,
dataflow,ESTAT:GOV_10A_MAIN(1.0),"Government revenue, expenditure and main aggregates",A,Annual,PC_GDP,Percentage of gross domestic product (GDP),S13,General government,P51G,Gross fixed capital formation,LV,Latvia,2016,,3.7,,,,,
dataflow,ESTAT:GOV_10A_MAIN(1.0),"Government revenue, expenditure and main aggregates",A,Annual,PC_GDP,Percentage of gross domestic product (GDP),S13,General government,P51G,Gross fixed capital formation,LV,Latvia,2017,,4.8,,,,,
dataflow,ESTAT:GOV_10A_MAIN(1.0),"Government revenue, expenditure and main aggregates",A,Annual,PC_GDP,Percentage of gross domestic product (GDP),S13,General government,P51G,Gross fixed capital formation,LV,Latvia,2018,,5.8,,,,,
dataflow,ESTAT:GOV_10A_MAIN(1.0),"Government revenue, expenditure and main aggregates",A,Annual,PC_GDP,Percentage of gross domestic product (GDP),S13,General government,P51G,Gross fixed capital formation,LV,Latvia,2019,,5.1,,,,,
dataflow,ESTAT:GOV_10A_MAIN(1.0),"Government revenue, expenditure and main aggregates",A,Annual,PC_GDP,Percentage of gross domestic product (GDP),S13,General government,P51G,Gross fixed capital formation,LV,Latvia,2020,,5.9,,,,,
dataflow,ESTAT:GOV_10A_MAIN(1.0),"Government revenue, expenditure and main aggregates",A,Annual,PC_GDP,Percentage of gross domestic product (GDP),S13,General government,P51G,Gross fixed capital formation,LV,Latvia,2021,,5.6,,,,,
dataflow,ESTAT:GOV_10A_MAIN(1.0),"Government revenue, expenditure and main aggregates",A,Annual,PC_GDP,Percentage of gross domestic product (GDP),S13,General government,P51G,Gross fixed capital formation,LV,Latvia,2022,,4.8,,,,,
dataflow,ESTAT:GOV_10A_MAIN(1.0),"Government revenue, expenditure and main aggregates",A,Annual,PC_GDP,Percentage of gross domestic product (GDP),S13,General government,P51G,Gross fixed capital formation,LV,Latvia,2023,,5.6,,,,,
dataflow,ESTAT:GOV_10A_MAIN(1.0),"Government revenue, expenditure and main aggregates",A,Annual,PC_GDP,Percentage of gross domestic product (GDP),S13,General government,P51G,Gross fixed capital formation,LV,Latvia,2024,,6.3,,,,,
dataflow,ESTAT:GOV_10A_MAIN(1.0),"Government revenue, expenditure and main aggregates",A,Annual,PC_GDP,Percentage of gross domestic product (GDP),S13,General government,P51G,Gross fixed capital formation,MT,Malta,1995,,3.0,,,,,
dataflow,ESTAT:GOV_10A_MAIN(1.0),"Government revenue, expenditure and main aggregates",A,Annual,PC_GDP,Percentage of gross domestic product (GDP),S13,General government,P51G,Gross fixed capital formation,MT,Malta,1996,,3.5,,,,,
dataflow,ESTAT:GOV_10A_MAIN(1.0),"Government revenue, expenditure and main aggregates",A,Annual,PC_GDP,Percentage of gross domestic product (GDP),S13,General government,P51G,Gross fixed capital formation,MT,Malta,1997,,3.7,,,,,
dataflow,ESTAT:GOV_10A_MAIN(1.0),"Government revenue, expenditure and main aggregates",A,Annual,PC_GDP,Percentage of gross domestic product (GDP),S13,General government,P51G,Gross fixed capital formation,MT,Malta,1998,,4.5,,,,,
dataflow,ESTAT:GOV_10A_MAIN(1.0),"Government revenue, expenditure and main aggregates",A,Annual,PC_GDP,Percentage of gross domestic product (GDP),S13,General government,P51G,Gross fixed capital formation,MT,Malta,1999,,4.5,,,,,
dataflow,ESTAT:GOV_10A_MAIN(1.0),"Government revenue, expenditure and main aggregates",A,Annual,PC_GDP,Percentage of gross domestic product (GDP),S13,General government,P51G,Gross fixed capital formation,MT,Malta,2000,,3.9,,,,,
dataflow,ESTAT:GOV_10A_MAIN(1.0),"Government revenue, expenditure and main aggregates",A,Annual,PC_GDP,Percentage of gross domestic product (GDP),S13,General government,P51G,Gross fixed capital formation,MT,Malta,2001,,3.5,,,,,
dataflow,ESTAT:GOV_10A_MAIN(1.0),"Government revenue, expenditure and main aggregates",A,Annual,PC_GDP,Percentage of gross domestic product (GDP),S13,General government,P51G,Gross fixed capital formation,MT,Malta,2002,,4.1,,,,,
dataflow,ESTAT:GOV_10A_MAIN(1.0),"Government revenue, expenditure and main aggregates",A,Annual,PC_GDP,Percentage of gross domestic product (GDP),S13,General government,P51G,Gross fixed capital formation,MT,Malta,2003,,4.5,,,,,
dataflow,ESTAT:GOV_10A_MAIN(1.0),"Government revenue, expenditure and main aggregates",A,Annual,PC_GDP,Percentage of gross domestic product (GDP),S13,General government,P51G,Gross fixed capital formation,MT,Malta,2004,,3.7,,,,,
dataflow,ESTAT:GOV_10A_MAIN(1.0),"Government revenue, expenditure and main aggregates",A,Annual,PC_GDP,Percentage of gross domestic product (GDP),S13,General government,P51G,Gross fixed capital formation,MT,Malta,2005,,4.6,,,,,
dataflow,ESTAT:GOV_10A_MAIN(1.0),"Government revenue, expenditure and main aggregates",A,Annual,PC_GDP,Percentage of gross domestic product (GDP),S13,General government,P51G,Gross fixed capital formation,MT,Malta,2006,,4.0,,,,,
dataflow,ESTAT:GOV_10A_MAIN(1.0),"Government revenue, expenditure and main aggregates",A,Annual,PC_GDP,Percentage of gross domestic product (GDP),S13,General government,P51G,Gross fixed capital formation,MT,Malta,2007,,3.8,,,,,
dataflow,ESTAT:GOV_10A_MAIN(1.0),"Government revenue, expenditure and main aggregates",A,Annual,PC_GDP,Percentage of gross domestic product (GDP),S13,General government,P51G,Gross fixed capital formation,MT,Malta,2008,,2.5,,,,,
dataflow,ESTAT:GOV_10A_MAIN(1.0),"Government revenue, expenditure and main aggregates",A,Annual,PC_GDP,Percentage of gross domestic product (GDP),S13,General government,P51G,Gross fixed capital formation,MT,Malta,2009,,2.4,,,,,
dataflow,ESTAT:GOV_10A_MAIN(1.0),"Government revenue, expenditure and main aggregates",A,Annual,PC_GDP,Percentage of gross domestic product (GDP),S13,General government,P51G,Gross fixed capital formation,MT,Malta,2010,,2.2,,,,,
dataflow,ESTAT:GOV_10A_MAIN(1.0),"Government revenue, expenditure and main aggregates",A,Annual,PC_GDP,Percentage of gross domestic product (GDP),S13,General government,P51G,Gross fixed capital formation,MT,Malta,2011,,2.9,,,,,
dataflow,ESTAT:GOV_10A_MAIN(1.0),"Government revenue, expenditure and main aggregates",A,Annual,PC_GDP,Percentage of gross domestic product (GDP),S13,General government,P51G,Gross fixed capital formation,MT,Malta,2012,,3.3,,,,,
dataflow,ESTAT:GOV_10A_MAIN(1.0),"Government revenue, expenditure and main aggregates",A,Annual,PC_GDP,Percentage of gross domestic product (GDP),S13,General government,P51G,Gross fixed capital formation,MT,Malta,2013,,2.8,,,,,
dataflow,ESTAT:GOV_10A_MAIN(1.0),"Government revenue, expenditure and main aggregates",A,Annual,PC_GDP,Percentage of gross domestic product (GDP),S13,General government,P51G,Gross fixed capital formation,MT,Malta,2014,,3.4,,,,,
dataflow,ESTAT:GOV_10A_MAIN(1.0),"Government revenue, expenditure and main aggregates",A,Annual,PC_GDP,Percentage of gross domestic product (GDP),S13,General government,P51G,Gross fixed capital formation,MT,Malta,2015,,4.0,,,,,
dataflow,ESTAT:GOV_10A_MAIN(1.0),"Government revenue, expenditure and main aggregates",A,Annual,PC_GDP,Percentage of gross domestic product (GDP),S13,General government,P51G,Gross fixed capital formation,MT,Malta,2016,,2.5,,,,,
dataflow,ESTAT:GOV_10A_MAIN(1.0),"Government revenue, expenditure and main aggregates",A,Annual,PC_GDP,Percentage of gross domestic product (GDP),S13,General government,P51G,Gross fixed capital formation,MT,Malta,2017,,2.3,,,,,
dataflow,ESTAT:GOV_10A_MAIN(1.0),"Government revenue, expenditure and main aggregates",A,Annual,PC_GDP,Percentage of gross domestic product (GDP),S13,General government,P51G,Gross fixed capital formation,MT,Malta,2018,,3.2,,,,,
dataflow,ESTAT:GOV_10A_MAIN(1.0),"Government revenue, expenditure and main aggregates",A,Annual,PC_GDP,Percentage of gross domestic product (GDP),S13,General government,P51G,Gross fixed capital formation,MT,Malta,2019,,3.5,,,,,
dataflow,ESTAT:GOV_10A_MAIN(1.0),"Government revenue, expenditure and main aggregates",A,Annual,PC_GDP,Percentage of gross domestic product (GDP),S13,General government,P51G,Gross fixed capital formation,MT,Malta,2020,,3.7,,,,,
dataflow,ESTAT:GOV_10A_MAIN(1.0),"Government revenue, expenditure and main aggregates",A,Annual,PC_GDP,Percentage of gross domestic product (GDP),S13,General government,P51G,Gross fixed capital formation,MT,Malta,2021,,3.7,,,,,
dataflow,ESTAT:GOV_10A_MAIN(1.0),"Government revenue, expenditure and main aggregates",A,Annual,PC_GDP,Percentage of gross domestic product (GDP),S13,General government,P51G,Gross fixed capital formation,MT,Malta,2022,,3.3,,,,,
dataflow,ESTAT:GOV_10A_MAIN(1.0),"Government revenue, expenditure and main aggregates",A,Annual,PC_GDP,Percentage of gross domestic product (GDP),S13,General government,P51G,Gross fixed capital formation,MT,Malta,2023,,3.5,,,,,
dataflow,ESTAT:GOV_10A_MAIN(1.0),"Government revenue, expenditure and main aggregates",A,Annual,PC_GDP,Percentage of gross domestic product (GDP),S13,General government,P51G,Gross fixed capital formation,MT,Malta,2024,,3.2,,,,,
dataflow,ESTAT:GOV_10A_MAIN(1.0),"Government revenue, expenditure and main aggregates",A,Annual,PC_GDP,Percentage of gross domestic product (GDP),S13,General government,P51G,Gross fixed capital formation,NL,Netherlands,1995,,3.8,,,,,
dataflow,ESTAT:GOV_10A_MAIN(1.0),"Government revenue, expenditure and main aggregates",A,Annual,PC_GDP,Percentage of gross domestic product (GDP),S13,General government,P51G,Gross fixed capital formation,NL,Netherlands,1996,,4.0,,,,,
dataflow,ESTAT:GOV_10A_MAIN(1.0),"Government revenue, expenditure and main aggregates",A,Annual,PC_GDP,Percentage of gross domestic product (GDP),S13,General government,P51G,Gross fixed capital formation,NL,Netherlands,1997,,3.7,,,,,
dataflow,ESTAT:GOV_10A_MAIN(1.0),"Government revenue, expenditure and main aggregates",A,Annual,PC_GDP,Percentage of gross domestic product (GDP),S13,General government,P51G,Gross fixed capital formation,NL,Netherlands,1998,,3.6,,,,,
dataflow,ESTAT:GOV_10A_MAIN(1.0),"Government revenue, expenditure and main aggregates",A,Annual,PC_GDP,Percentage of gross domestic product (GDP),S13,General government,P51G,Gross fixed capital formation,NL,Netherlands,1999,,3.8,,,,,
dataflow,ESTAT:GOV_10A_MAIN(1.0),"Government revenue, expenditure and main aggregates",A,Annual,PC_GDP,Percentage of gross domestic product (GDP),S13,General government,P51G,Gross fixed capital formation,NL,Netherlands,2000,,3.8,,,,,
dataflow,ESTAT:GOV_10A_MAIN(1.0),"Government revenue, expenditure and main aggregates",A,Annual,PC_GDP,Percentage of gross domestic product (GDP),S13,General government,P51G,Gross fixed capital formation,NL,Netherlands,2001,,3.9,,,,,
dataflow,ESTAT:GOV_10A_MAIN(1.0),"Government revenue, expenditure and main aggregates",A,Annual,PC_GDP,Percentage of gross domestic product (GDP),S13,General government,P51G,Gross fixed capital formation,NL,Netherlands,2002,,4.3,,,,,
dataflow,ESTAT:GOV_10A_MAIN(1.0),"Government revenue, expenditure and main aggregates",A,Annual,PC_GDP,Percentage of gross domestic product (GDP),S13,General government,P51G,Gross fixed capital formation,NL,Netherlands,2003,,4.3,,,,,
dataflow,ESTAT:GOV_10A_MAIN(1.0),"Government revenue, expenditure and main aggregates",A,Annual,PC_GDP,Percentage of gross domestic product (GDP),S13,General government,P51G,Gross fixed capital formation,NL,Netherlands,2004,,4.0,,,,,
dataflow,ESTAT:GOV_10A_MAIN(1.0),"Government revenue, expenditure and main aggregates",A,Annual,PC_GDP,Percentage of gross domestic product (GDP),S13,General government,P51G,Gross fixed capital formation,NL,Netherlands,2005,,3.9,,,,,
dataflow,ESTAT:GOV_10A_MAIN(1.0),"Government revenue, expenditure and main aggregates",A,Annual,PC_GDP,Percentage of gross domestic product (GDP),S13,General government,P51G,Gross fixed capital formation,NL,Netherlands,2006,,4.0,,,,,
dataflow,ESTAT:GOV_10A_MAIN(1.0),"Government revenue, expenditure and main aggregates",A,Annual,PC_GDP,Percentage of gross domestic product (GDP),S13,General government,P51G,Gross fixed capital formation,NL,Netherlands,2007,,3.9,,,,,
dataflow,ESTAT:GOV_10A_MAIN(1.0),"Government revenue, expenditure and main aggregates",A,Annual,PC_GDP,Percentage of gross domestic product (GDP),S13,General government,P51G,Gross fixed capital formation,NL,Netherlands,2008,,4.0,,,,,
dataflow,ESTAT:GOV_10A_MAIN(1.0),"Government revenue, expenditure and main aggregates",A,Annual,PC_GDP,Percentage of gross domestic product (GDP),S13,General government,P51G,Gross fixed capital formation,NL,Netherlands,2009,,4.4,,,,,
dataflow,ESTAT:GOV_10A_MAIN(1.0),"Government revenue, expenditure and main aggregates",A,Annual,PC_GDP,Percentage of gross domestic product (GDP),S13,General government,P51G,Gross fixed capital formation,NL,Netherlands,2010,,4.3,,,,,
dataflow,ESTAT:GOV_10A_MAIN(1.0),"Government revenue, expenditure and main aggregates",A,Annual,PC_GDP,Percentage of gross domestic product (GDP),S13,General government,P51G,Gross fixed capital formation,NL,Netherlands,2011,,4.3,,,,,
dataflow,ESTAT:GOV_10A_MAIN(1.0),"Government revenue, expenditure and main aggregates",A,Annual,PC_GDP,Percentage of gross domestic product (GDP),S13,General government,P51G,Gross fixed capital formation,NL,Netherlands,2012,,3.9,,,,,
dataflow,ESTAT:GOV_10A_MAIN(1.0),"Government revenue, expenditure and main aggregates",A,Annual,PC_GDP,Percentage of gross domestic product (GDP),S13,General government,P51G,Gross fixed capital formation,NL,Netherlands,2013,,3.7,,,,,
dataflow,ESTAT:GOV_10A_MAIN(1.0),"Government revenue, expenditure and main aggregates",A,Annual,PC_GDP,Percentage of gross domestic product (GDP),S13,General government,P51G,Gross fixed capital formation,NL,Netherlands,2014,,3.6,,,,,
dataflow,ESTAT:GOV_10A_MAIN(1.0),"Government revenue, expenditure and main aggregates",A,Annual,PC_GDP,Percentage of gross domestic product (GDP),S13,General government,P51G,Gross fixed capital formation,NL,Netherlands,2015,,3.6,,,,,
dataflow,ESTAT:GOV_10A_MAIN(1.0),"Government revenue, expenditure and main aggregates",A,Annual,PC_GDP,Percentage of gross domestic product (GDP),S13,General government,P51G,Gross fixed capital formation,NL,Netherlands,2016,,3.4,,,,,
dataflow,ESTAT:GOV_10A_MAIN(1.0),"Government revenue, expenditure and main aggregates",A,Annual,PC_GDP,Percentage of gross domestic product (GDP),S13,General government,P51G,Gross fixed capital formation,NL,Netherlands,2017,,3.4,,,,,
dataflow,ESTAT:GOV_10A_MAIN(1.0),"Government revenue, expenditure and main aggregates",A,Annual,PC_GDP,Percentage of gross domestic product (GDP),S13,General government,P51G,Gross fixed capital formation,NL,Netherlands,2018,,3.3,,,,,
dataflow,ESTAT:GOV_10A_MAIN(1.0),"Government revenue, expenditure and main aggregates",A,Annual,PC_GDP,Percentage of gross domestic product (GDP),S13,General government,P51G,Gross fixed capital formation,NL,Netherlands,2019,,3.4,,,,,
dataflow,ESTAT:GOV_10A_MAIN(1.0),"Government revenue, expenditure and main aggregates",A,Annual,PC_GDP,Percentage of gross domestic product (GDP),S13,General government,P51G,Gross fixed capital formation,NL,Netherlands,2020,,3.6,,,,,
dataflow,ESTAT:GOV_10A_MAIN(1.0),"Government revenue, expenditure and main aggregates",A,Annual,PC_GDP,Percentage of gross domestic product (GDP),S13,General government,P51G,Gross fixed capital formation,NL,Netherlands,2021,,3.4,,,,,
dataflow,ESTAT:GOV_10A_MAIN(1.0),"Government revenue, expenditure and main aggregates",A,Annual,PC_GDP,Percentage of gross domestic product (GDP),S13,General government,P51G,Gross fixed capital formation,NL,Netherlands,2022,,3.2,,,,,
dataflow,ESTAT:GOV_10A_MAIN(1.0),"Government revenue, expenditure and main aggregates",A,Annual,PC_GDP,Percentage of gross domestic product (GDP),S13,General government,P51G,Gross fixed capital formation,NL,Netherlands,2023,,3.3,,,,,
dataflow,ESTAT:GOV_10A_MAIN(1.0),"Government revenue, expenditure and main aggregates",A,Annual,PC_GDP,Percentage of gross domestic product (GDP),S13,General government,P51G,Gross fixed capital formation,NL,Netherlands,2024,,3.3,,p,provisional,,
dataflow,ESTAT:GOV_10A_MAIN(1.0),"Government revenue, expenditure and main aggregates",A,Annual,PC_GDP,Percentage of gross domestic product (GDP),S13,General government,P51G,Gross fixed capital formation,PL,Poland,1995,,2.7,,,,,
dataflow,ESTAT:GOV_10A_MAIN(1.0),"Government revenue, expenditure and main aggregates",A,Annual,PC_GDP,Percentage of gross domestic product (GDP),S13,General government,P51G,Gross fixed capital formation,PL,Poland,1996,,3.0,,,,,
dataflow,ESTAT:GOV_10A_MAIN(1.0),"Government revenue, expenditure and main aggregates",A,Annual,PC_GDP,Percentage of gross domestic product (GDP),S13,General government,P51G,Gross fixed capital formation,PL,Poland,1997,,3.4,,,,,
dataflow,ESTAT:GOV_10A_MAIN(1.0),"Government revenue, expenditure and main aggregates",A,Annual,PC_GDP,Percentage of gross domestic product (GDP),S13,General government,P51G,Gross fixed capital formation,PL,Poland,1998,,3.4,,,,,
dataflow,ESTAT:GOV_10A_MAIN(1.0),"Government revenue, expenditure and main aggregates",A,Annual,PC_GDP,Percentage of gross domestic product (GDP),S13,General government,P51G,Gross fixed capital formation,PL,Poland,1999,,3.0,,,,,
dataflow,ESTAT:GOV_10A_MAIN(1.0),"Government revenue, expenditure and main aggregates",A,Annual,PC_GDP,Percentage of gross domestic product (GDP),S13,General government,P51G,Gross fixed capital formation,PL,Poland,2000,,2.9,,,,,
dataflow,ESTAT:GOV_10A_MAIN(1.0),"Government revenue, expenditure and main aggregates",A,Annual,PC_GDP,Percentage of gross domestic product (GDP),S13,General government,P51G,Gross fixed capital formation,PL,Poland,2001,,2.8,,,,,
dataflow,ESTAT:GOV_10A_MAIN(1.0),"Government revenue, expenditure and main aggregates",A,Annual,PC_GDP,Percentage of gross domestic product (GDP),S13,General government,P51G,Gross fixed capital formation,PL,Poland,2002,,2.8,,,,,
dataflow,ESTAT:GOV_10A_MAIN(1.0),"Government revenue, expenditure and main aggregates",A,Annual,PC_GDP,Percentage of gross domestic product (GDP),S13,General government,P51G,Gross fixed capital formation,PL,Poland,2003,,2.8,,,,,
dataflow,ESTAT:GOV_10A_MAIN(1.0),"Government revenue, expenditure and main aggregates",A,Annual,PC_GDP,Percentage of gross domestic product (GDP),S13,General government,P51G,Gross fixed capital formation,PL,Poland,2004,,2.9,,,,,
dataflow,ESTAT:GOV_10A_MAIN(1.0),"Government revenue, expenditure and main aggregates",A,Annual,PC_GDP,Percentage of gross domestic product (GDP),S13,General government,P51G,Gross fixed capital formation,PL,Poland,2005,,3.3,,,,,
dataflow,ESTAT:GOV_10A_MAIN(1.0),"Government revenue, expenditure and main aggregates",A,Annual,PC_GDP,Percentage of gross domestic product (GDP),S13,General government,P51G,Gross fixed capital formation,PL,Poland,2006,,3.8,,,,,
dataflow,ESTAT:GOV_10A_MAIN(1.0),"Government revenue, expenditure and main aggregates",A,Annual,PC_GDP,Percentage of gross domestic product (GDP),S13,General government,P51G,Gross fixed capital formation,PL,Poland,2007,,4.4,,,,,
dataflow,ESTAT:GOV_10A_MAIN(1.0),"Government revenue, expenditure and main aggregates",A,Annual,PC_GDP,Percentage of gross domestic product (GDP),S13,General government,P51G,Gross fixed capital formation,PL,Poland,2008,,4.7,,,,,
dataflow,ESTAT:GOV_10A_MAIN(1.0),"Government revenue, expenditure and main aggregates",A,Annual,PC_GDP,Percentage of gross domestic product (GDP),S13,General government,P51G,Gross fixed capital formation,PL,Poland,2009,,5.0,,,,,
dataflow,ESTAT:GOV_10A_MAIN(1.0),"Government revenue, expenditure and main aggregates",A,Annual,PC_GDP,Percentage of gross domestic product (GDP),S13,General government,P51G,Gross fixed capital formation,PL,Poland,2010,,5.7,,,,,
dataflow,ESTAT:GOV_10A_MAIN(1.0),"Government revenue, expenditure and main aggregates",A,Annual,PC_GDP,Percentage of gross domestic product (GDP),S13,General government,P51G,Gross fixed capital formation,PL,Poland,2011,,6.0,,,,,
dataflow,ESTAT:GOV_10A_MAIN(1.0),"Government revenue, expenditure and main aggregates",A,Annual,PC_GDP,Percentage of gross domestic product (GDP),S13,General government,P51G,Gross fixed capital formation,PL,Poland,2012,,4.9,,,,,
dataflow,ESTAT:GOV_10A_MAIN(1.0),"Government revenue, expenditure and main aggregates",A,Annual,PC_GDP,Percentage of gross domestic product (GDP),S13,General government,P51G,Gross fixed capital formation,PL,Poland,2013,,4.3,,,,,
dataflow,ESTAT:GOV_10A_MAIN(1.0),"Government revenue, expenditure and main aggregates",A,Annual,PC_GDP,Percentage of gross domestic product (GDP),S13,General government,P51G,Gross fixed capital formation,PL,Poland,2014,,4.7,,,,,
dataflow,ESTAT:GOV_10A_MAIN(1.0),"Government revenue, expenditure and main aggregates",A,Annual,PC_GDP,Percentage of gross domestic product (GDP),S13,General government,P51G,Gross fixed capital formation,PL,Poland,2015,,4.5,,,,,
dataflow,ESTAT:GOV_10A_MAIN(1.0),"Government revenue, expenditure and main aggregates",A,Annual,PC_GDP,Percentage of gross domestic product (GDP),S13,General government,P51G,Gross fixed capital formation,PL,Poland,2016,,3.3,,,,,
dataflow,ESTAT:GOV_10A_MAIN(1.0),"Government revenue, expenditure and main aggregates",A,Annual,PC_GDP,Percentage of gross domestic product (GDP),S13,General government,P51G,Gross fixed capital formation,PL,Poland,2017,,3.8,,,,,
dataflow,ESTAT:GOV_10A_MAIN(1.0),"Government revenue, expenditure and main aggregates",A,Annual,PC_GDP,Percentage of gross domestic product (GDP),S13,General government,P51G,Gross fixed capital formation,PL,Poland,2018,,4.6,,,,,
dataflow,ESTAT:GOV_10A_MAIN(1.0),"Government revenue, expenditure and main aggregates",A,Annual,PC_GDP,Percentage of gross domestic product (GDP),S13,General government,P51G,Gross fixed capital formation,PL,Poland,2019,,4.3,,,,,
dataflow,ESTAT:GOV_10A_MAIN(1.0),"Government revenue, expenditure and main aggregates",A,Annual,PC_GDP,Percentage of gross domestic product (GDP),S13,General government,P51G,Gross fixed capital formation,PL,Poland,2020,,4.4,,,,,
dataflow,ESTAT:GOV_10A_MAIN(1.0),"Government revenue, expenditure and main aggregates",A,Annual,PC_GDP,Percentage of gross domestic product (GDP),S13,General government,P51G,Gross fixed capital formation,PL,Poland,2021,,4.1,,,,,
dataflow,ESTAT:GOV_10A_MAIN(1.0),"Government revenue, expenditure and main aggregates",A,Annual,PC_GDP,Percentage of gross domestic product (GDP),S13,General government,P51G,Gross fixed capital formation,PL,Poland,2022,,3.8,,,,,
dataflow,ESTAT:GOV_10A_MAIN(1.0),"Government revenue, expenditure and main aggregates",A,Annual,PC_GDP,Percentage of gross domestic product (GDP),S13,General government,P51G,Gross fixed capital formation,PL,Poland,2023,,5.1,,,,,
dataflow,ESTAT:GOV_10A_MAIN(1.0),"Government revenue, expenditure and main aggregates",A,Annual,PC_GDP,Percentage of gross domestic product (GDP),S13,General government,P51G,Gross fixed capital formation,PL,Poland,2024,,4.8,,,,,
dataflow,ESTAT:GOV_10A_MAIN(1.0),"Government revenue, expenditure and main aggregates",A,Annual,PC_GDP,Percentage of gross domestic product (GDP),S13,General government,P51G,Gross fixed capital formation,PT,Portugal,1995,,4.4,,,,,
dataflow,ESTAT:GOV_10A_MAIN(1.0),"Government revenue, expenditure and main aggregates",A,Annual,PC_GDP,Percentage of gross domestic product (GDP),S13,General government,P51G,Gross fixed capital formation,PT,Portugal,1996,,4.9,,,,,
dataflow,ESTAT:GOV_10A_MAIN(1.0),"Government revenue, expenditure and main aggregates",A,Annual,PC_GDP,Percentage of gross domestic product (GDP),S13,General government,P51G,Gross fixed capital formation,PT,Portugal,1997,,5.6,,,,,
dataflow,ESTAT:GOV_10A_MAIN(1.0),"Government revenue, expenditure and main aggregates",A,Annual,PC_GDP,Percentage of gross domestic product (GDP),S13,General government,P51G,Gross fixed capital formation,PT,Portugal,1998,,5.1,,,,,
dataflow,ESTAT:GOV_10A_MAIN(1.0),"Government revenue, expenditure and main aggregates",A,Annual,PC_GDP,Percentage of gross domestic product (GDP),S13,General government,P51G,Gross fixed capital formation,PT,Portugal,1999,,4.9,,,,,
dataflow,ESTAT:GOV_10A_MAIN(1.0),"Government revenue, expenditure and main aggregates",A,Annual,PC_GDP,Percentage of gross domestic product (GDP),S13,General government,P51G,Gross fixed capital formation,PT,Portugal,2000,,4.6,,,,,
dataflow,ESTAT:GOV_10A_MAIN(1.0),"Government revenue, expenditure and main aggregates",A,Annual,PC_GDP,Percentage of gross domestic product (GDP),S13,General government,P51G,Gross fixed capital formation,PT,Portugal,2001,,5.0,,,,,
dataflow,ESTAT:GOV_10A_MAIN(1.0),"Government revenue, expenditure and main aggregates",A,Annual,PC_GDP,Percentage of gross domestic product (GDP),S13,General government,P51G,Gross fixed capital formation,PT,Portugal,2002,,4.6,,,,,
dataflow,ESTAT:GOV_10A_MAIN(1.0),"Government revenue, expenditure and main aggregates",A,Annual,PC_GDP,Percentage of gross domestic product (GDP),S13,General government,P51G,Gross fixed capital formation,PT,Portugal,2003,,4.4,,,,,
dataflow,ESTAT:GOV_10A_MAIN(1.0),"Government revenue, expenditure and main aggregates",A,Annual,PC_GDP,Percentage of gross domestic product (GDP),S13,General government,P51G,Gross fixed capital formation,PT,Portugal,2004,,4.4,,,,,
dataflow,ESTAT:GOV_10A_MAIN(1.0),"Government revenue, expenditure and main aggregates",A,Annual,PC_GDP,Percentage of gross domestic product (GDP),S13,General government,P51G,Gross fixed capital formation,PT,Portugal,2005,,4.1,,,,,
dataflow,ESTAT:GOV_10A_MAIN(1.0),"Government revenue, expenditure and main aggregates",A,Annual,PC_GDP,Percentage of gross domestic product (GDP),S13,General government,P51G,Gross fixed capital formation,PT,Portugal,2006,,3.4,,,,,
dataflow,ESTAT:GOV_10A_MAIN(1.0),"Government revenue, expenditure and main aggregates",A,Annual,PC_GDP,Percentage of gross domestic product (GDP),S13,General government,P51G,Gross fixed capital formation,PT,Portugal,2007,,3.2,,,,,
dataflow,ESTAT:GOV_10A_MAIN(1.0),"Government revenue, expenditure and main aggregates",A,Annual,PC_GDP,Percentage of gross domestic product (GDP),S13,General government,P51G,Gross fixed capital formation,PT,Portugal,2008,,3.7,,,,,
dataflow,ESTAT:GOV_10A_MAIN(1.0),"Government revenue, expenditure and main aggregates",A,Annual,PC_GDP,Percentage of gross domestic product (GDP),S13,General government,P51G,Gross fixed capital formation,PT,Portugal,2009,,4.1,,,,,
dataflow,ESTAT:GOV_10A_MAIN(1.0),"Government revenue, expenditure and main aggregates",A,Annual,PC_GDP,Percentage of gross domestic product (GDP),S13,General government,P51G,Gross fixed capital formation,PT,Portugal,2010,,5.3,,,,,
dataflow,ESTAT:GOV_10A_MAIN(1.0),"Government revenue, expenditure and main aggregates",A,Annual,PC_GDP,Percentage of gross domestic product (GDP),S13,General government,P51G,Gross fixed capital formation,PT,Portugal,2011,,3.5,,,,,
dataflow,ESTAT:GOV_10A_MAIN(1.0),"Government revenue, expenditure and main aggregates",A,Annual,PC_GDP,Percentage of gross domestic product (GDP),S13,General government,P51G,Gross fixed capital formation,PT,Portugal,2012,,2.5,,,,,
dataflow,ESTAT:GOV_10A_MAIN(1.0),"Government revenue, expenditure and main aggregates",A,Annual,PC_GDP,Percentage of gross domestic product (GDP),S13,General government,P51G,Gross fixed capital formation,PT,Portugal,2013,,2.2,,,,,
dataflow,ESTAT:GOV_10A_MAIN(1.0),"Government revenue, expenditure and main aggregates",A,Annual,PC_GDP,Percentage of gross domestic product (GDP),S13,General government,P51G,Gross fixed capital formation,PT,Portugal,2014,,2.0,,,,,
dataflow,ESTAT:GOV_10A_MAIN(1.0),"Government revenue, expenditure and main aggregates",A,Annual,PC_GDP,Percentage of gross domestic product (GDP),S13,General government,P51G,Gross fixed capital formation,PT,Portugal,2015,,2.3,,,,,
dataflow,ESTAT:GOV_10A_MAIN(1.0),"Government revenue, expenditure and main aggregates",A,Annual,PC_GDP,Percentage of gross domestic product (GDP),S13,General government,P51G,Gross fixed capital formation,PT,Portugal,2016,,1.6,,,,,
dataflow,ESTAT:GOV_10A_MAIN(1.0),"Government revenue, expenditure and main aggregates",A,Annual,PC_GDP,Percentage of gross domestic product (GDP),S13,General government,P51G,Gross fixed capital formation,PT,Portugal,2017,,1.8,,,,,
dataflow,ESTAT:GOV_10A_MAIN(1.0),"Government revenue, expenditure and main aggregates",A,Annual,PC_GDP,Percentage of gross domestic product (GDP),S13,General government,P51G,Gross fixed capital formation,PT,Portugal,2018,,1.9,,,,,
dataflow,ESTAT:GOV_10A_MAIN(1.0),"Government revenue, expenditure and main aggregates",A,Annual,PC_GDP,Percentage of gross domestic product (GDP),S13,General government,P51G,Gross fixed capital formation,PT,Portugal,2019,,1.8,,,,,
dataflow,ESTAT:GOV_10A_MAIN(1.0),"Government revenue, expenditure and main aggregates",A,Annual,PC_GDP,Percentage of gross domestic product (GDP),S13,General government,P51G,Gross fixed capital formation,PT,Portugal,2020,,2.3,,,,,
dataflow,ESTAT:GOV_10A_MAIN(1.0),"Government revenue, expenditure and main aggregates",A,Annual,PC_GDP,Percentage of gross domestic product (GDP),S13,General government,P51G,Gross fixed capital formation,PT,Portugal,2021,,2.6,,,,,
dataflow,ESTAT:GOV_10A_MAIN(1.0),"Government revenue, expenditure and main aggregates",A,Annual,PC_GDP,Percentage of gross domestic product (GDP),S13,General government,P51G,Gross fixed capital formation,PT,Portugal,2022,,2.4,,,,,
dataflow,ESTAT:GOV_10A_MAIN(1.0),"Government revenue, expenditure and main aggregates",A,Annual,PC_GDP,Percentage of gross domestic product (GDP),S13,General government,P51G,Gross fixed capital formation,PT,Portugal,2023,,2.6,,,,,
dataflow,ESTAT:GOV_10A_MAIN(1.0),"Government revenue, expenditure and main aggregates",A,Annual,PC_GDP,Percentage of gross domestic product (GDP),S13,General government,P51G,Gross fixed capital formation,PT,Portugal,2024,,2.7,,,,,
dataflow,ESTAT:GOV_10A_MAIN(1.0),"Government revenue, expenditure and main aggregates",A,Annual,PC_GDP,Percentage of gross domestic product (GDP),S13,General government,P51G,Gross fixed capital formation,RO,Romania,1995,,4.2,,,,,
dataflow,ESTAT:GOV_10A_MAIN(1.0),"Government revenue, expenditure and main aggregates",A,Annual,PC_GDP,Percentage of gross domestic product (GDP),S13,General government,P51G,Gross fixed capital formation,RO,Romania,1996,,3.9,,,,,
dataflow,ESTAT:GOV_10A_MAIN(1.0),"Government revenue, expenditure and main aggregates",A,Annual,PC_GDP,Percentage of gross domestic product (GDP),S13,General government,P51G,Gross fixed capital formation,RO,Romania,1997,,2.7,,,,,
dataflow,ESTAT:GOV_10A_MAIN(1.0),"Government revenue, expenditure and main aggregates",A,Annual,PC_GDP,Percentage of gross domestic product (GDP),S13,General government,P51G,Gross fixed capital formation,RO,Romania,1998,,1.8,,,,,
dataflow,ESTAT:GOV_10A_MAIN(1.0),"Government revenue, expenditure and main aggregates",A,Annual,PC_GDP,Percentage of gross domestic product (GDP),S13,General government,P51G,Gross fixed capital formation,RO,Romania,1999,,1.6,,,,,
dataflow,ESTAT:GOV_10A_MAIN(1.0),"Government revenue, expenditure and main aggregates",A,Annual,PC_GDP,Percentage of gross domestic product (GDP),S13,General government,P51G,Gross fixed capital formation,RO,Romania,2000,,3.5,,,,,
dataflow,ESTAT:GOV_10A_MAIN(1.0),"Government revenue, expenditure and main aggregates",A,Annual,PC_GDP,Percentage of gross domestic product (GDP),S13,General government,P51G,Gross fixed capital formation,RO,Romania,2001,,2.7,,,,,
dataflow,ESTAT:GOV_10A_MAIN(1.0),"Government revenue, expenditure and main aggregates",A,Annual,PC_GDP,Percentage of gross domestic product (GDP),S13,General government,P51G,Gross fixed capital formation,RO,Romania,2002,,3.2,,,,,
dataflow,ESTAT:GOV_10A_MAIN(1.0),"Government revenue, expenditure and main aggregates",A,Annual,PC_GDP,Percentage of gross domestic product (GDP),S13,General government,P51G,Gross fixed capital formation,RO,Romania,2003,,3.6,,,,,
dataflow,ESTAT:GOV_10A_MAIN(1.0),"Government revenue, expenditure and main aggregates",A,Annual,PC_GDP,Percentage of gross domestic product (GDP),S13,General government,P51G,Gross fixed capital formation,RO,Romania,2004,,2.8,,,,,
dataflow,ESTAT:GOV_10A_MAIN(1.0),"Government revenue, expenditure and main aggregates",A,Annual,PC_GDP,Percentage of gross domestic product (GDP),S13,General government,P51G,Gross fixed capital formation,RO,Romania,2005,,2.9,,,,,
dataflow,ESTAT:GOV_10A_MAIN(1.0),"Government revenue, expenditure and main aggregates",A,Annual,PC_GDP,Percentage of gross domestic product (GDP),S13,General government,P51G,Gross fixed capital formation,RO,Romania,2006,,5.3,,,,,
dataflow,ESTAT:GOV_10A_MAIN(1.0),"Government revenue, expenditure and main aggregates",A,Annual,PC_GDP,Percentage of gross domestic product (GDP),S13,General government,P51G,Gross fixed capital formation,RO,Romania,2007,,6.2,,,,,
dataflow,ESTAT:GOV_10A_MAIN(1.0),"Government revenue, expenditure and main aggregates",A,Annual,PC_GDP,Percentage of gross domestic product (GDP),S13,General government,P51G,Gross fixed capital formation,RO,Romania,2008,,6.5,,,,,
dataflow,ESTAT:GOV_10A_MAIN(1.0),"Government revenue, expenditure and main aggregates",A,Annual,PC_GDP,Percentage of gross domestic product (GDP),S13,General government,P51G,Gross fixed capital formation,RO,Romania,2009,,5.8,,,,,
dataflow,ESTAT:GOV_10A_MAIN(1.0),"Government revenue, expenditure and main aggregates",A,Annual,PC_GDP,Percentage of gross domestic product (GDP),S13,General government,P51G,Gross fixed capital formation,RO,Romania,2010,,5.6,,,,,
dataflow,ESTAT:GOV_10A_MAIN(1.0),"Government revenue, expenditure and main aggregates",A,Annual,PC_GDP,Percentage of gross domestic product (GDP),S13,General government,P51G,Gross fixed capital formation,RO,Romania,2011,,5.1,,,,,
dataflow,ESTAT:GOV_10A_MAIN(1.0),"Government revenue, expenditure and main aggregates",A,Annual,PC_GDP,Percentage of gross domestic product (GDP),S13,General government,P51G,Gross fixed capital formation,RO,Romania,2012,,4.6,,,,,
dataflow,ESTAT:GOV_10A_MAIN(1.0),"Government revenue, expenditure and main aggregates",A,Annual,PC_GDP,Percentage of gross domestic product (GDP),S13,General government,P51G,Gross fixed capital formation,RO,Romania,2013,,4.4,,,,,
dataflow,ESTAT:GOV_10A_MAIN(1.0),"Government revenue, expenditure and main aggregates",A,Annual,PC_GDP,Percentage of gross domestic product (GDP),S13,General government,P51G,Gross fixed capital formation,RO,Romania,2014,,4.5,,,,,
dataflow,ESTAT:GOV_10A_MAIN(1.0),"Government revenue, expenditure and main aggregates",A,Annual,PC_GDP,Percentage of gross domestic product (GDP),S13,General government,P51G,Gross fixed capital formation,RO,Romania,2015,,5.2,,,,,
dataflow,ESTAT:GOV_10A_MAIN(1.0),"Government revenue, expenditure and main aggregates",A,Annual,PC_GDP,Percentage of gross domestic product (GDP),S13,General government,P51G,Gross fixed capital formation,RO,Romania,2016,,3.6,,,,,
dataflow,ESTAT:GOV_10A_MAIN(1.0),"Government revenue, expenditure and main aggregates",A,Annual,PC_GDP,Percentage of gross domestic product (GDP),S13,General government,P51G,Gross fixed capital formation,RO,Romania,2017,,2.6,,,,,
dataflow,ESTAT:GOV_10A_MAIN(1.0),"Government revenue, expenditure and main aggregates",A,Annual,PC_GDP,Percentage of gross domestic product (GDP),S13,General government,P51G,Gross fixed capital formation,RO,Romania,2018,,2.5,,,,,
dataflow,ESTAT:GOV_10A_MAIN(1.0),"Government revenue, expenditure and main aggregates",A,Annual,PC_GDP,Percentage of gross domestic product (GDP),S13,General government,P51G,Gross fixed capital formation,RO,Romania,2019,,3.4,,,,,
dataflow,ESTAT:GOV_10A_MAIN(1.0),"Government revenue, expenditure and main aggregates",A,Annual,PC_GDP,Percentage of gross domestic product (GDP),S13,General government,P51G,Gross fixed capital formation,RO,Romania,2020,,4.4,,,,,
dataflow,ESTAT:GOV_10A_MAIN(1.0),"Government revenue, expenditure and main aggregates",A,Annual,PC_GDP,Percentage of gross domestic product (GDP),S13,General government,P51G,Gross fixed capital formation,RO,Romania,2021,,4.1,,,,,
dataflow,ESTAT:GOV_10A_MAIN(1.0),"Government revenue, expenditure and main aggregates",A,Annual,PC_GDP,Percentage of gross domestic product (GDP),S13,General government,P51G,Gross fixed capital formation,RO,Romania,2022,,4.4,,,,,
dataflow,ESTAT:GOV_10A_MAIN(1.0),"Government revenue, expenditure and main aggregates",A,Annual,PC_GDP,Percentage of gross domestic product (GDP),S13,General government,P51G,Gross fixed capital formation,RO,Romania,2023,,5.4,,,,,
dataflow,ESTAT:GOV_10A_MAIN(1.0),"Government revenue, expenditure and main aggregates",A,Annual,PC_GDP,Percentage of gross domestic product (GDP),S13,General government,P51G,Gross fixed capital formation,RO,Romania,2024,,5.9,,,,,
dataflow,ESTAT:GOV_10A_MAIN(1.0),"Government revenue, expenditure and main aggregates",A,Annual,PC_GDP,Percentage of gross domestic product (GDP),S13,General government,P51G,Gross fixed capital formation,SE,Sweden,1995,,5.1,,,,,
dataflow,ESTAT:GOV_10A_MAIN(1.0),"Government revenue, expenditure and main aggregates",A,Annual,PC_GDP,Percentage of gross domestic product (GDP),S13,General government,P51G,Gross fixed capital formation,SE,Sweden,1996,,4.9,,,,,
dataflow,ESTAT:GOV_10A_MAIN(1.0),"Government revenue, expenditure and main aggregates",A,Annual,PC_GDP,Percentage of gross domestic product (GDP),S13,General government,P51G,Gross fixed capital formation,SE,Sweden,1997,,4.3,,,,,
dataflow,ESTAT:GOV_10A_MAIN(1.0),"Government revenue, expenditure and main aggregates",A,Annual,PC_GDP,Percentage of gross domestic product (GDP),S13,General government,P51G,Gross fixed capital formation,SE,Sweden,1998,,4.3,,,,,
dataflow,ESTAT:GOV_10A_MAIN(1.0),"Government revenue, expenditure and main aggregates",A,Annual,PC_GDP,Percentage of gross domestic product (GDP),S13,General government,P51G,Gross fixed capital formation,SE,Sweden,1999,,4.4,,,,,
dataflow,ESTAT:GOV_10A_MAIN(1.0),"Government revenue, expenditure and main aggregates",A,Annual,PC_GDP,Percentage of gross domestic product (GDP),S13,General government,P51G,Gross fixed capital formation,SE,Sweden,2000,,3.9,,,,,
dataflow,ESTAT:GOV_10A_MAIN(1.0),"Government revenue, expenditure and main aggregates",A,Annual,PC_GDP,Percentage of gross domestic product (GDP),S13,General government,P51G,Gross fixed capital formation,SE,Sweden,2001,,4.1,,,,,
dataflow,ESTAT:GOV_10A_MAIN(1.0),"Government revenue, expenditure and main aggregates",A,Annual,PC_GDP,Percentage of gross domestic product (GDP),S13,General government,P51G,Gross fixed capital formation,SE,Sweden,2002,,4.3,,,,,
dataflow,ESTAT:GOV_10A_MAIN(1.0),"Government revenue, expenditure and main aggregates",A,Annual,PC_GDP,Percentage of gross domestic product (GDP),S13,General government,P51G,Gross fixed capital formation,SE,Sweden,2003,,4.2,,,,,
dataflow,ESTAT:GOV_10A_MAIN(1.0),"Government revenue, expenditure and main aggregates",A,Annual,PC_GDP,Percentage of gross domestic product (GDP),S13,General government,P51G,Gross fixed capital formation,SE,Sweden,2004,,4.1,,,,,
dataflow,ESTAT:GOV_10A_MAIN(1.0),"Government revenue, expenditure and main aggregates",A,Annual,PC_GDP,Percentage of gross domestic product (GDP),S13,General government,P51G,Gross fixed capital formation,SE,Sweden,2005,,3.8,,,,,
dataflow,ESTAT:GOV_10A_MAIN(1.0),"Government revenue, expenditure and main aggregates",A,Annual,PC_GDP,Percentage of gross domestic product (GDP),S13,General government,P51G,Gross fixed capital formation,SE,Sweden,2006,,4.1,,,,,
dataflow,ESTAT:GOV_10A_MAIN(1.0),"Government revenue, expenditure and main aggregates",A,Annual,PC_GDP,Percentage of gross domestic product (GDP),S13,General government,P51G,Gross fixed capital formation,SE,Sweden,2007,,4.1,,,,,
dataflow,ESTAT:GOV_10A_MAIN(1.0),"Government revenue, expenditure and main aggregates",A,Annual,PC_GDP,Percentage of gross domestic product (GDP),S13,General government,P51G,Gross fixed capital formation,SE,Sweden,2008,,4.3,,,,,
dataflow,ESTAT:GOV_10A_MAIN(1.0),"Government revenue, expenditure and main aggregates",A,Annual,PC_GDP,Percentage of gross domestic product (GDP),S13,General government,P51G,Gross fixed capital formation,SE,Sweden,2009,,4.5,,,,,
dataflow,ESTAT:GOV_10A_MAIN(1.0),"Government revenue, expenditure and main aggregates",A,Annual,PC_GDP,Percentage of gross domestic product (GDP),S13,General government,P51G,Gross fixed capital formation,SE,Sweden,2010,,4.6,,,,,
dataflow,ESTAT:GOV_10A_MAIN(1.0),"Government revenue, expenditure and main aggregates",A,Annual,PC_GDP,Percentage of gross domestic product (GDP),S13,General government,P51G,Gross fixed capital formation,SE,Sweden,2011,,4.5,,,,,
dataflow,ESTAT:GOV_10A_MAIN(1.0),"Government revenue, expenditure and main aggregates",A,Annual,PC_GDP,Percentage of gross domestic product (GDP),S13,General government,P51G,Gross fixed capital formation,SE,Sweden,2012,,4.6,,,,,
dataflow,ESTAT:GOV_10A_MAIN(1.0),"Government revenue, expenditure and main aggregates",A,Annual,PC_GDP,Percentage of gross domestic product (GDP),S13,General government,P51G,Gross fixed capital formation,SE,Sweden,2013,,4.6,,,,,
dataflow,ESTAT:GOV_10A_MAIN(1.0),"Government revenue, expenditure and main aggregates",A,Annual,PC_GDP,Percentage of gross domestic product (GDP),S13,General government,P51G,Gross fixed capital formation,SE,Sweden,2014,,4.7,,,,,
dataflow,ESTAT:GOV_10A_MAIN(1.0),"Government revenue, expenditure and main aggregates",A,Annual,PC_GDP,Percentage of gross domestic product (GDP),S13,General government,P51G,Gross fixed capital formation,SE,Sweden,2015,,4.5,,,,,
dataflow,ESTAT:GOV_10A_MAIN(1.0),"Government revenue, expenditure and main aggregates",A,Annual,PC_GDP,Percentage of gross domestic product (GDP),S13,General government,P51G,Gross fixed capital formation,SE,Sweden,2016,,4.6,,,,,
dataflow,ESTAT:GOV_10A_MAIN(1.0),"Government revenue, expenditure and main aggregates",A,Annual,PC_GDP,Percentage of gross domestic product (GDP),S13,General government,P51G,Gross fixed capital formation,SE,Sweden,2017,,4.9,,,,,
dataflow,ESTAT:GOV_10A_MAIN(1.0),"Government revenue, expenditure and main aggregates",A,Annual,PC_GDP,Percentage of gross domestic product (GDP),S13,General government,P51G,Gross fixed capital formation,SE,Sweden,2018,,5.1,,,,,
dataflow,ESTAT:GOV_10A_MAIN(1.0),"Government revenue, expenditure and main aggregates",A,Annual,PC_GDP,Percentage of gross domestic product (GDP),S13,General government,P51G,Gross fixed capital formation,SE,Sweden,2019,,5.1,,,,,
dataflow,ESTAT:GOV_10A_MAIN(1.0),"Government revenue, expenditure and main aggregates",A,Annual,PC_GDP,Percentage of gross domestic product (GDP),S13,General government,P51G,Gross fixed capital formation,SE,Sweden,2020,,5.4,,,,,
dataflow,ESTAT:GOV_10A_MAIN(1.0),"Government revenue, expenditure and main aggregates",A,Annual,PC_GDP,Percentage of gross domestic product (GDP),S13,General government,P51G,Gross fixed capital formation,SE,Sweden,2021,,5.1,,,,,
dataflow,ESTAT:GOV_10A_MAIN(1.0),"Government revenue, expenditure and main aggregates",A,Annual,PC_GDP,Percentage of gross domestic product (GDP),S13,General government,P51G,Gross fixed capital formation,SE,Sweden,2022,,5.1,,,,,
dataflow,ESTAT:GOV_10A_MAIN(1.0),"Government revenue, expenditure and main aggregates",A,Annual,PC_GDP,Percentage of gross domestic product (GDP),S13,General government,P51G,Gross fixed capital formation,SE,Sweden,2023,,5.4,,,,,
dataflow,ESTAT:GOV_10A_MAIN(1.0),"Government revenue, expenditure and main aggregates",A,Annual,PC_GDP,Percentage of gross domestic product (GDP),S13,General government,P51G,Gross fixed capital formation,SE,Sweden,2024,,5.5,,,,,
dataflow,ESTAT:GOV_10A_MAIN(1.0),"Government revenue, expenditure and main aggregates",A,Annual,PC_GDP,Percentage of gross domestic product (GDP),S13,General government,P51G,Gross fixed capital formation,SI,Slovenia,1995,,4.1,,,,,
dataflow,ESTAT:GOV_10A_MAIN(1.0),"Government revenue, expenditure and main aggregates",A,Annual,PC_GDP,Percentage of gross domestic product (GDP),S13,General government,P51G,Gross fixed capital formation,SI,Slovenia,1996,,4.0,,,,,
dataflow,ESTAT:GOV_10A_MAIN(1.0),"Government revenue, expenditure and main aggregates",A,Annual,PC_GDP,Percentage of gross domestic product (GDP),S13,General government,P51G,Gross fixed capital formation,SI,Slovenia,1997,,3.7,,,,,
dataflow,ESTAT:GOV_10A_MAIN(1.0),"Government revenue, expenditure and main aggregates",A,Annual,PC_GDP,Percentage of gross domestic product (GDP),S13,General government,P51G,Gross fixed capital formation,SI,Slovenia,1998,,3.7,,,,,
dataflow,ESTAT:GOV_10A_MAIN(1.0),"Government revenue, expenditure and main aggregates",A,Annual,PC_GDP,Percentage of gross domestic product (GDP),S13,General government,P51G,Gross fixed capital formation,SI,Slovenia,1999,,4.1,,,,,
dataflow,ESTAT:GOV_10A_MAIN(1.0),"Government revenue, expenditure and main aggregates",A,Annual,PC_GDP,Percentage of gross domestic product (GDP),S13,General government,P51G,Gross fixed capital formation,SI,Slovenia,2000,,3.7,,,,,
dataflow,ESTAT:GOV_10A_MAIN(1.0),"Government revenue, expenditure and main aggregates",A,Annual,PC_GDP,Percentage of gross domestic product (GDP),S13,General government,P51G,Gross fixed capital formation,SI,Slovenia,2001,,4.0,,,,,
dataflow,ESTAT:GOV_10A_MAIN(1.0),"Government revenue, expenditure and main aggregates",A,Annual,PC_GDP,Percentage of gross domestic product (GDP),S13,General government,P51G,Gross fixed capital formation,SI,Slovenia,2002,,3.8,,,,,
dataflow,ESTAT:GOV_10A_MAIN(1.0),"Government revenue, expenditure and main aggregates",A,Annual,PC_GDP,Percentage of gross domestic product (GDP),S13,General government,P51G,Gross fixed capital formation,SI,Slovenia,2003,,3.8,,,,,
dataflow,ESTAT:GOV_10A_MAIN(1.0),"Government revenue, expenditure and main aggregates",A,Annual,PC_GDP,Percentage of gross domestic product (GDP),S13,General government,P51G,Gross fixed capital formation,SI,Slovenia,2004,,4.0,,,,,
dataflow,ESTAT:GOV_10A_MAIN(1.0),"Government revenue, expenditure and main aggregates",A,Annual,PC_GDP,Percentage of gross domestic product (GDP),S13,General government,P51G,Gross fixed capital formation,SI,Slovenia,2005,,3.8,,,,,
dataflow,ESTAT:GOV_10A_MAIN(1.0),"Government revenue, expenditure and main aggregates",A,Annual,PC_GDP,Percentage of gross domestic product (GDP),S13,General government,P51G,Gross fixed capital formation,SI,Slovenia,2006,,4.3,,,,,
dataflow,ESTAT:GOV_10A_MAIN(1.0),"Government revenue, expenditure and main aggregates",A,Annual,PC_GDP,Percentage of gross domestic product (GDP),S13,General government,P51G,Gross fixed capital formation,SI,Slovenia,2007,,4.6,,,,,
dataflow,ESTAT:GOV_10A_MAIN(1.0),"Government revenue, expenditure and main aggregates",A,Annual,PC_GDP,Percentage of gross domestic product (GDP),S13,General government,P51G,Gross fixed capital formation,SI,Slovenia,2008,,4.8,,,,,
dataflow,ESTAT:GOV_10A_MAIN(1.0),"Government revenue, expenditure and main aggregates",A,Annual,PC_GDP,Percentage of gross domestic product (GDP),S13,General government,P51G,Gross fixed capital formation,SI,Slovenia,2009,,5.1,,,,,
dataflow,ESTAT:GOV_10A_MAIN(1.0),"Government revenue, expenditure and main aggregates",A,Annual,PC_GDP,Percentage of gross domestic product (GDP),S13,General government,P51G,Gross fixed capital formation,SI,Slovenia,2010,,5.0,,,,,
dataflow,ESTAT:GOV_10A_MAIN(1.0),"Government revenue, expenditure and main aggregates",A,Annual,PC_GDP,Percentage of gross domestic product (GDP),S13,General government,P51G,Gross fixed capital formation,SI,Slovenia,2011,,4.1,,,,,
dataflow,ESTAT:GOV_10A_MAIN(1.0),"Government revenue, expenditure and main aggregates",A,Annual,PC_GDP,Percentage of gross domestic product (GDP),S13,General government,P51G,Gross fixed capital formation,SI,Slovenia,2012,,4.1,,,,,
dataflow,ESTAT:GOV_10A_MAIN(1.0),"Government revenue, expenditure and main aggregates",A,Annual,PC_GDP,Percentage of gross domestic product (GDP),S13,General government,P51G,Gross fixed capital formation,SI,Slovenia,2013,,4.4,,,,,
dataflow,ESTAT:GOV_10A_MAIN(1.0),"Government revenue, expenditure and main aggregates",A,Annual,PC_GDP,Percentage of gross domestic product (GDP),S13,General government,P51G,Gross fixed capital formation,SI,Slovenia,2014,,5.1,,,,,
dataflow,ESTAT:GOV_10A_MAIN(1.0),"Government revenue, expenditure and main aggregates",A,Annual,PC_GDP,Percentage of gross domestic product (GDP),S13,General government,P51G,Gross fixed capital formation,SI,Slovenia,2015,,4.8,,,,,
dataflow,ESTAT:GOV_10A_MAIN(1.0),"Government revenue, expenditure and main aggregates",A,Annual,PC_GDP,Percentage of gross domestic product (GDP),S13,General government,P51G,Gross fixed capital formation,SI,Slovenia,2016,,3.3,,,,,
dataflow,ESTAT:GOV_10A_MAIN(1.0),"Government revenue, expenditure and main aggregates",A,Annual,PC_GDP,Percentage of gross domestic product (GDP),S13,General government,P51G,Gross fixed capital formation,SI,Slovenia,2017,,3.1,,,,,
dataflow,ESTAT:GOV_10A_MAIN(1.0),"Government revenue, expenditure and main aggregates",A,Annual,PC_GDP,Percentage of gross domestic product (GDP),S13,General government,P51G,Gross fixed capital formation,SI,Slovenia,2018,,3.7,,,,,
dataflow,ESTAT:GOV_10A_MAIN(1.0),"Government revenue, expenditure and main aggregates",A,Annual,PC_GDP,Percentage of gross domestic product (GDP),S13,General government,P51G,Gross fixed capital formation,SI,Slovenia,2019,,3.9,,,,,
dataflow,ESTAT:GOV_10A_MAIN(1.0),"Government revenue, expenditure and main aggregates",A,Annual,PC_GDP,Percentage of gross domestic product (GDP),S13,General government,P51G,Gross fixed capital formation,SI,Slovenia,2020,,4.1,,,,,
dataflow,ESTAT:GOV_10A_MAIN(1.0),"Government revenue, expenditure and main aggregates",A,Annual,PC_GDP,Percentage of gross domestic product (GDP),S13,General government,P51G,Gross fixed capital formation,SI,Slovenia,2021,,4.7,,,,,
dataflow,ESTAT:GOV_10A_MAIN(1.0),"Government revenue, expenditure and main aggregates",A,Annual,PC_GDP,Percentage of gross domestic product (GDP),S13,General government,P51G,Gross fixed capital formation,SI,Slovenia,2022,,5.5,,,,,
dataflow,ESTAT:GOV_10A_MAIN(1.0),"Government revenue, expenditure and main aggregates",A,Annual,PC_GDP,Percentage of gross domestic product (GDP),S13,General government,P51G,Gross fixed capital formation,SI,Slovenia,2023,,5.5,,,,,
dataflow,ESTAT:GOV_10A_MAIN(1.0),"Government revenue, expenditure and main aggregates",A,Annual,PC_GDP,Percentage of gross domestic product (GDP),S13,General government,P51G,Gross fixed capital formation,SI,Slovenia,2024,,5.1,,,,,
dataflow,ESTAT:GOV_10A_MAIN(1.0),"Government revenue, expenditure and main aggregates",A,Annual,PC_GDP,Percentage of gross domestic product (GDP),S13,General government,P51G,Gross fixed capital formation,SK,Slovakia,1995,,3.2,,,,,
dataflow,ESTAT:GOV_10A_MAIN(1.0),"Government revenue, expenditure and main aggregates",A,Annual,PC_GDP,Percentage of gross domestic product (GDP),S13,General government,P51G,Gross fixed capital formation,SK,Slovakia,1996,,4.7,,,,,
dataflow,ESTAT:GOV_10A_MAIN(1.0),"Government revenue, expenditure and main aggregates",A,Annual,PC_GDP,Percentage of gross domestic product (GDP),S13,General government,P51G,Gross fixed capital formation,SK,Slovakia,1997,,6.2,,,,,
dataflow,ESTAT:GOV_10A_MAIN(1.0),"Government revenue, expenditure and main aggregates",A,Annual,PC_GDP,Percentage of gross domestic product (GDP),S13,General government,P51G,Gross fixed capital formation,SK,Slovakia,1998,,4.9,,,,,
dataflow,ESTAT:GOV_10A_MAIN(1.0),"Government revenue, expenditure and main aggregates",A,Annual,PC_GDP,Percentage of gross domestic product (GDP),S13,General government,P51G,Gross fixed capital formation,SK,Slovakia,1999,,3.8,,,,,
dataflow,ESTAT:GOV_10A_MAIN(1.0),"Government revenue, expenditure and main aggregates",A,Annual,PC_GDP,Percentage of gross domestic product (GDP),S13,General government,P51G,Gross fixed capital formation,SK,Slovakia,2000,,3.7,,,,,
dataflow,ESTAT:GOV_10A_MAIN(1.0),"Government revenue, expenditure and main aggregates",A,Annual,PC_GDP,Percentage of gross domestic product (GDP),S13,General government,P51G,Gross fixed capital formation,SK,Slovakia,2001,,4.0,,,,,
dataflow,ESTAT:GOV_10A_MAIN(1.0),"Government revenue, expenditure and main aggregates",A,Annual,PC_GDP,Percentage of gross domestic product (GDP),S13,General government,P51G,Gross fixed capital formation,SK,Slovakia,2002,,4.2,,,,,
dataflow,ESTAT:GOV_10A_MAIN(1.0),"Government revenue, expenditure and main aggregates",A,Annual,PC_GDP,Percentage of gross domestic product (GDP),S13,General government,P51G,Gross fixed capital formation,SK,Slovakia,2003,,3.2,,,,,
dataflow,ESTAT:GOV_10A_MAIN(1.0),"Government revenue, expenditure and main aggregates",A,Annual,PC_GDP,Percentage of gross domestic product (GDP),S13,General government,P51G,Gross fixed capital formation,SK,Slovakia,2004,,3.0,,,,,
dataflow,ESTAT:GOV_10A_MAIN(1.0),"Government revenue, expenditure and main aggregates",A,Annual,PC_GDP,Percentage of gross domestic product (GDP),S13,General government,P51G,Gross fixed capital formation,SK,Slovakia,2005,,3.5,,,,,
dataflow,ESTAT:GOV_10A_MAIN(1.0),"Government revenue, expenditure and main aggregates",A,Annual,PC_GDP,Percentage of gross domestic product (GDP),S13,General government,P51G,Gross fixed capital formation,SK,Slovakia,2006,,3.9,,,,,
dataflow,ESTAT:GOV_10A_MAIN(1.0),"Government revenue, expenditure and main aggregates",A,Annual,PC_GDP,Percentage of gross domestic product (GDP),S13,General government,P51G,Gross fixed capital formation,SK,Slovakia,2007,,3.4,,,,,
dataflow,ESTAT:GOV_10A_MAIN(1.0),"Government revenue, expenditure and main aggregates",A,Annual,PC_GDP,Percentage of gross domestic product (GDP),S13,General government,P51G,Gross fixed capital formation,SK,Slovakia,2008,,3.5,,,,,
dataflow,ESTAT:GOV_10A_MAIN(1.0),"Government revenue, expenditure and main aggregates",A,Annual,PC_GDP,Percentage of gross domestic product (GDP),S13,General government,P51G,Gross fixed capital formation,SK,Slovakia,2009,,4.0,,,,,
dataflow,ESTAT:GOV_10A_MAIN(1.0),"Government revenue, expenditure and main aggregates",A,Annual,PC_GDP,Percentage of gross domestic product (GDP),S13,General government,P51G,Gross fixed capital formation,SK,Slovakia,2010,,3.7,,,,,
dataflow,ESTAT:GOV_10A_MAIN(1.0),"Government revenue, expenditure and main aggregates",A,Annual,PC_GDP,Percentage of gross domestic product (GDP),S13,General government,P51G,Gross fixed capital formation,SK,Slovakia,2011,,3.8,,,,,
dataflow,ESTAT:GOV_10A_MAIN(1.0),"Government revenue, expenditure and main aggregates",A,Annual,PC_GDP,Percentage of gross domestic product (GDP),S13,General government,P51G,Gross fixed capital formation,SK,Slovakia,2012,,3.3,,,,,
dataflow,ESTAT:GOV_10A_MAIN(1.0),"Government revenue, expenditure and main aggregates",A,Annual,PC_GDP,Percentage of gross domestic product (GDP),S13,General government,P51G,Gross fixed capital formation,SK,Slovakia,2013,,3.4,,,,,
dataflow,ESTAT:GOV_10A_MAIN(1.0),"Government revenue, expenditure and main aggregates",A,Annual,PC_GDP,Percentage of gross domestic product (GDP),S13,General government,P51G,Gross fixed capital formation,SK,Slovakia,2014,,4.1,,,,,
dataflow,ESTAT:GOV_10A_MAIN(1.0),"Government revenue, expenditure and main aggregates",A,Annual,PC_GDP,Percentage of gross domestic product (GDP),S13,General government,P51G,Gross fixed capital formation,SK,Slovakia,2015,,6.5,,,,,
dataflow,ESTAT:GOV_10A_MAIN(1.0),"Government revenue, expenditure and main aggregates",A,Annual,PC_GDP,Percentage of gross domestic product (GDP),S13,General government,P51G,Gross fixed capital formation,SK,Slovakia,2016,,3.4,,,,,
dataflow,ESTAT:GOV_10A_MAIN(1.0),"Government revenue, expenditure and main aggregates",A,Annual,PC_GDP,Percentage of gross domestic product (GDP),S13,General government,P51G,Gross fixed capital formation,SK,Slovakia,2017,,3.4,,,,,
dataflow,ESTAT:GOV_10A_MAIN(1.0),"Government revenue, expenditure and main aggregates",A,Annual,PC_GDP,Percentage of gross domestic product (GDP),S13,General government,P51G,Gross fixed capital formation,SK,Slovakia,2018,,3.7,,,,,
dataflow,ESTAT:GOV_10A_MAIN(1.0),"Government revenue, expenditure and main aggregates",A,Annual,PC_GDP,Percentage of gross domestic product (GDP),S13,General government,P51G,Gross fixed capital formation,SK,Slovakia,2019,,3.6,,,,,
dataflow,ESTAT:GOV_10A_MAIN(1.0),"Government revenue, expenditure and main aggregates",A,Annual,PC_GDP,Percentage of gross domestic product (GDP),S13,General government,P51G,Gross fixed capital formation,SK,Slovakia,2020,,3.4,,,,,
dataflow,ESTAT:GOV_10A_MAIN(1.0),"Government revenue, expenditure and main aggregates",A,Annual,PC_GDP,Percentage of gross domestic product (GDP),S13,General government,P51G,Gross fixed capital formation,SK,Slovakia,2021,,3.0,,,,,
dataflow,ESTAT:GOV_10A_MAIN(1.0),"Government revenue, expenditure and main aggregates",A,Annual,PC_GDP,Percentage of gross domestic product (GDP),S13,General government,P51G,Gross fixed capital formation,SK,Slovakia,2022,,3.1,,,,,
dataflow,ESTAT:GOV_10A_MAIN(1.0),"Government revenue, expenditure and main aggregates",A,Annual,PC_GDP,Percentage of gross domestic product (GDP),S13,General government,P51G,Gross fixed capital formation,SK,Slovakia,2023,,3.6,,,,,
dataflow,ESTAT:GOV_10A_MAIN(1.0),"Government revenue, expenditure and main aggregates",A,Annual,PC_GDP,Percentage of gross domestic product (GDP),S13,General government,P51G,Gross fixed capital formation,SK,Slovakia,2024,,3.6,,,,,
